order_date,center,process_type,orders_created,orders_completed,units_completed,cycle_hours_sum,avg_cycle_hours,error_orders,sla_breaches,error_rate,sla_breach_rate
2025-01-01,Bengaluru,Fulfillment,13,12,49,162.544,13.5453,0,0,0.0,0.0
2025-01-01,Bengaluru,Intake,11,11,48,24.514,2.2285,0,1,0.0,0.0909
2025-01-01,Bengaluru,Verification,5,5,20,18.561,3.7122,0,0,0.0,0.0
2025-01-01,Delhi,Fulfillment,6,6,21,55.642,9.2737,0,0,0.0,0.0
2025-01-01,Delhi,Intake,8,7,24,14.376,2.0537,0,0,0.0,0.0
2025-01-01,Delhi,Support,2,2,6,7.133,3.5665,0,0,0.0,0.0
2025-01-01,Delhi,Verification,8,8,29,75.951,9.4939,0,4,0.0,0.5
2025-01-01,Mumbai,Fulfillment,6,6,29,65.513,10.9188,0,0,0.0,0.0
2025-01-01,Mumbai,Intake,19,19,78,39.586,2.0835,2,2,0.1053,0.1053
2025-01-01,Mumbai,Support,2,2,5,8.55,4.275,0,0,0.0,0.0
2025-01-01,Mumbai,Verification,12,10,35,50.324,5.0324,0,1,0.0,0.1
2025-01-01,Pune,Fulfillment,6,6,27,85.581,14.2635,0,0,0.0,0.0
2025-01-01,Pune,Intake,10,10,36,18.398,1.8398,2,0,0.2,0.0
2025-01-01,Pune,Support,1,1,3,1.183,1.183,0,0,0.0,0.0
2025-01-01,Pune,Verification,8,8,31,35.997,4.4996,0,1,0.0,0.125
2025-01-02,Bengaluru,Fulfillment,7,7,26,91.172,13.0246,0,0,0.0,0.0
2025-01-02,Bengaluru,Intake,7,7,25,14.548,2.0783,0,0,0.0,0.0
2025-01-02,Bengaluru,Support,6,6,23,21.613,3.6022,0,0,0.0,0.0
2025-01-02,Bengaluru,Verification,3,3,12,15.619,5.2063,0,0,0.0,0.0
2025-01-02,Delhi,Fulfillment,8,7,29,84.64,12.0914,1,0,0.1429,0.0
2025-01-02,Delhi,Intake,6,6,21,11.362,1.8937,1,1,0.1667,0.1667
2025-01-02,Delhi,Support,3,2,7,6.29,3.145,0,0,0.0,0.0
2025-01-02,Delhi,Verification,9,8,30,63.851,7.9814,2,1,0.25,0.125
2025-01-02,Mumbai,Fulfillment,11,11,36,146.119,13.2835,1,0,0.0909,0.0
2025-01-02,Mumbai,Intake,10,10,40,16.621,1.6621,1,0,0.1,0.0
2025-01-02,Mumbai,Support,6,6,17,24.671,4.1118,0,1,0.0,0.1667
2025-01-02,Mumbai,Verification,13,12,52,43.99,3.6658,1,0,0.0833,0.0
2025-01-02,Pune,Fulfillment,10,10,42,119.269,11.9269,0,0,0.0,0.0
2025-01-02,Pune,Intake,5,5,20,9.407,1.8814,0,0,0.0,0.0
2025-01-02,Pune,Support,5,5,24,18.992,3.7984,0,1,0.0,0.2
2025-01-02,Pune,Verification,12,12,53,52.038,4.3365,0,1,0.0,0.0833
2025-01-03,Bengaluru,Fulfillment,2,2,8,29.977,14.9885,0,0,0.0,0.0
2025-01-03,Bengaluru,Intake,9,9,41,18.507,2.0563,1,0,0.1111,0.0
2025-01-03,Bengaluru,Support,3,3,16,8.475,2.825,0,0,0.0,0.0
2025-01-03,Bengaluru,Verification,8,8,32,37.644,4.7055,0,1,0.0,0.125
2025-01-03,Delhi,Fulfillment,6,5,23,99.213,19.8426,0,1,0.0,0.2
2025-01-03,Delhi,Intake,5,5,14,12.994,2.5988,0,1,0.0,0.2
2025-01-03,Delhi,Support,3,3,12,12.827,4.2757,0,0,0.0,0.0
2025-01-03,Delhi,Verification,3,3,12,32.944,10.9813,0,1,0.0,0.3333
2025-01-03,Mumbai,Fulfillment,15,15,56,217.292,14.4861,0,0,0.0,0.0
2025-01-03,Mumbai,Intake,3,2,10,2.384,1.192,0,0,0.0,0.0
2025-01-03,Mumbai,Support,8,8,35,23.581,2.9476,0,0,0.0,0.0
2025-01-03,Mumbai,Verification,6,6,27,41.316,6.886,1,1,0.1667,0.1667
2025-01-03,Pune,Fulfillment,5,5,17,65.002,13.0004,0,0,0.0,0.0
2025-01-03,Pune,Intake,3,3,6,5.73,1.91,0,0,0.0,0.0
2025-01-03,Pune,Support,1,1,6,4.684,4.684,0,0,0.0,0.0
2025-01-03,Pune,Verification,9,9,39,53.794,5.9771,0,2,0.0,0.2222
2025-01-04,Bengaluru,Fulfillment,4,3,10,37.631,12.5437,0,0,0.0,0.0
2025-01-04,Bengaluru,Intake,6,6,21,14.184,2.364,0,0,0.0,0.0
2025-01-04,Bengaluru,Support,2,1,3,2.65,2.65,0,0,0.0,0.0
2025-01-04,Bengaluru,Verification,2,2,4,5.651,2.8255,0,0,0.0,0.0
2025-01-04,Delhi,Fulfillment,3,3,10,47.257,15.7523,0,0,0.0,0.0
2025-01-04,Delhi,Intake,11,10,42,21.945,2.1945,0,1,0.0,0.1
2025-01-04,Delhi,Verification,5,5,23,41.04,8.208,0,3,0.0,0.6
2025-01-04,Mumbai,Fulfillment,12,12,57,175.724,14.6437,0,1,0.0,0.0833
2025-01-04,Mumbai,Intake,5,5,22,9.002,1.8004,0,0,0.0,0.0
2025-01-04,Mumbai,Support,2,2,7,4.782,2.391,0,0,0.0,0.0
2025-01-04,Mumbai,Verification,5,5,20,22.563,4.5126,0,1,0.0,0.2
2025-01-04,Pune,Fulfillment,4,4,13,48.987,12.2468,0,0,0.0,0.0
2025-01-04,Pune,Intake,4,3,8,6.696,2.232,1,0,0.3333,0.0
2025-01-04,Pune,Support,1,1,1,3.8,3.8,0,0,0.0,0.0
2025-01-04,Pune,Verification,5,5,17,27.618,5.5236,0,1,0.0,0.2
2025-01-05,Bengaluru,Fulfillment,6,5,14,62.733,12.5466,0,1,0.0,0.2
2025-01-05,Bengaluru,Intake,2,2,8,3.047,1.5235,0,0,0.0,0.0
2025-01-05,Bengaluru,Verification,3,3,13,18.386,6.1287,0,1,0.0,0.3333
2025-01-05,Delhi,Fulfillment,3,2,8,34.707,17.3535,0,0,0.0,0.0
2025-01-05,Delhi,Intake,4,4,15,8.472,2.118,0,0,0.0,0.0
2025-01-05,Delhi,Support,1,1,2,2.283,2.283,0,0,0.0,0.0
2025-01-05,Delhi,Verification,3,3,8,18.934,6.3113,0,1,0.0,0.3333
2025-01-05,Mumbai,Fulfillment,3,2,7,36.339,18.1695,0,0,0.0,0.0
2025-01-05,Mumbai,Intake,6,6,29,12.766,2.1277,0,0,0.0,0.0
2025-01-05,Mumbai,Support,2,2,8,5.75,2.875,0,0,0.0,0.0
2025-01-05,Mumbai,Verification,4,2,8,10.504,5.252,0,0,0.0,0.0
2025-01-05,Pune,Fulfillment,4,3,12,28.34,9.4467,0,0,0.0,0.0
2025-01-05,Pune,Intake,1,1,8,1.061,1.061,0,0,0.0,0.0
2025-01-05,Pune,Verification,2,2,7,13.332,6.666,0,1,0.0,0.5
2025-01-06,Bengaluru,Fulfillment,11,10,39,146.656,14.6656,0,0,0.0,0.0
2025-01-06,Bengaluru,Intake,11,10,36,20.344,2.0344,0,0,0.0,0.0
2025-01-06,Bengaluru,Support,2,2,10,5.337,2.6685,0,0,0.0,0.0
2025-01-06,Bengaluru,Verification,4,4,13,16.447,4.1118,0,0,0.0,0.0
2025-01-06,Delhi,Fulfillment,13,13,52,182.114,14.0088,0,1,0.0,0.0769
2025-01-06,Delhi,Intake,9,7,31,13.196,1.8851,0,0,0.0,0.0
2025-01-06,Delhi,Verification,14,14,61,123.067,8.7905,0,8,0.0,0.5714
2025-01-06,Mumbai,Fulfillment,14,14,48,192.416,13.744,0,0,0.0,0.0
2025-01-06,Mumbai,Intake,14,14,59,34.935,2.4954,0,2,0.0,0.1429
2025-01-06,Mumbai,Support,6,5,23,18.045,3.609,0,0,0.0,0.0
2025-01-06,Mumbai,Verification,10,10,37,51.387,5.1387,0,1,0.0,0.1
2025-01-06,Pune,Fulfillment,5,5,18,69.084,13.8168,0,1,0.0,0.2
2025-01-06,Pune,Intake,6,5,19,11.957,2.3914,0,0,0.0,0.0
2025-01-06,Pune,Support,2,2,6,4.89,2.445,0,0,0.0,0.0
2025-01-06,Pune,Verification,12,11,46,56.62,5.1473,1,0,0.0909,0.0
2025-01-07,Bengaluru,Fulfillment,9,9,34,167.038,18.5598,0,3,0.0,0.3333
2025-01-07,Bengaluru,Intake,6,6,26,11.338,1.8897,0,0,0.0,0.0
2025-01-07,Bengaluru,Support,3,3,7,11.194,3.7313,0,0,0.0,0.0
2025-01-07,Bengaluru,Verification,8,8,31,38.66,4.8325,0,1,0.0,0.125
2025-01-07,Delhi,Fulfillment,6,6,26,70.523,11.7538,0,0,0.0,0.0
2025-01-07,Delhi,Intake,15,15,53,36.952,2.4635,0,2,0.0,0.1333
2025-01-07,Delhi,Support,1,1,3,5.75,5.75,0,0,0.0,0.0
2025-01-07,Delhi,Verification,8,8,36,54.341,6.7926,1,4,0.125,0.5
2025-01-07,Mumbai,Fulfillment,10,9,50,124.302,13.8113,1,1,0.1111,0.1111
2025-01-07,Mumbai,Intake,20,19,56,43.455,2.2871,0,3,0.0,0.1579
2025-01-07,Mumbai,Support,4,3,12,13.051,4.3503,0,0,0.0,0.0
2025-01-07,Mumbai,Verification,12,12,53,47.066,3.9222,0,0,0.0,0.0
2025-01-07,Pune,Fulfillment,7,7,27,68.717,9.8167,0,0,0.0,0.0
2025-01-07,Pune,Intake,9,9,34,15.328,1.7031,0,0,0.0,0.0
2025-01-07,Pune,Support,3,3,10,12.414,4.138,0,0,0.0,0.0
2025-01-07,Pune,Verification,5,5,23,16.978,3.3956,0,0,0.0,0.0
2025-01-08,Bengaluru,Fulfillment,8,7,30,73.975,10.5679,0,0,0.0,0.0
2025-01-08,Bengaluru,Intake,3,3,15,5.839,1.9463,0,0,0.0,0.0
2025-01-08,Bengaluru,Support,1,1,7,7.117,7.117,0,1,0.0,1.0
2025-01-08,Bengaluru,Verification,7,7,26,36.088,5.1554,0,1,0.0,0.1429
2025-01-08,Delhi,Fulfillment,6,6,21,84.712,14.1187,0,0,0.0,0.0
2025-01-08,Delhi,Intake,5,5,21,7.086,1.4172,0,0,0.0,0.0
2025-01-08,Delhi,Verification,7,7,37,61.631,8.8044,0,4,0.0,0.5714
2025-01-08,Mumbai,Fulfillment,14,13,57,207.599,15.9692,1,2,0.0769,0.1538
2025-01-08,Mumbai,Intake,12,11,41,28.421,2.5837,0,2,0.0,0.1818
2025-01-08,Mumbai,Support,5,5,30,16.268,3.2536,0,0,0.0,0.0
2025-01-08,Mumbai,Verification,10,8,34,41.178,5.1473,0,1,0.0,0.125
2025-01-08,Pune,Fulfillment,7,7,20,78.676,11.2394,1,0,0.1429,0.0
2025-01-08,Pune,Intake,14,14,52,25.936,1.8526,1,0,0.0714,0.0
2025-01-08,Pune,Support,1,1,6,2.502,2.502,0,0,0.0,0.0
2025-01-08,Pune,Verification,8,7,31,22.623,3.2319,0,0,0.0,0.0
2025-01-09,Bengaluru,Fulfillment,10,10,44,164.456,16.4456,0,1,0.0,0.1
2025-01-09,Bengaluru,Intake,8,8,32,14.371,1.7964,0,0,0.0,0.0
2025-01-09,Bengaluru,Support,2,2,10,5.44,2.72,0,0,0.0,0.0
2025-01-09,Bengaluru,Verification,6,5,25,20.244,4.0488,1,0,0.2,0.0
2025-01-09,Delhi,Fulfillment,10,10,38,125.795,12.5795,0,0,0.0,0.0
2025-01-09,Delhi,Intake,3,3,7,4.433,1.4777,0,0,0.0,0.0
2025-01-09,Delhi,Support,1,1,3,2.983,2.983,0,0,0.0,0.0
2025-01-09,Delhi,Verification,5,5,28,46.886,9.3772,0,3,0.0,0.6
2025-01-09,Mumbai,Fulfillment,7,7,25,124.092,17.7274,0,1,0.0,0.1429
2025-01-09,Mumbai,Intake,13,12,39,19.017,1.5847,0,0,0.0,0.0
2025-01-09,Mumbai,Support,6,6,21,23.999,3.9998,1,1,0.1667,0.1667
2025-01-09,Mumbai,Verification,18,18,74,98.455,5.4697,1,2,0.0556,0.1111
2025-01-09,Pune,Fulfillment,9,9,34,135.517,15.0574,0,0,0.0,0.0
2025-01-09,Pune,Intake,10,10,43,15.359,1.5359,0,0,0.0,0.0
2025-01-09,Pune,Support,2,2,11,5.385,2.6925,0,0,0.0,0.0
2025-01-09,Pune,Verification,2,2,9,9.431,4.7155,0,0,0.0,0.0
2025-01-10,Bengaluru,Fulfillment,5,5,19,59.391,11.8782,1,0,0.2,0.0
2025-01-10,Bengaluru,Intake,7,7,28,12.764,1.8234,1,0,0.1429,0.0
2025-01-10,Bengaluru,Support,1,1,4,4.416,4.416,0,0,0.0,0.0
2025-01-10,Bengaluru,Verification,5,5,25,26.477,5.2954,0,1,0.0,0.2
2025-01-10,Delhi,Fulfillment,14,14,63,181.163,12.9402,0,0,0.0,0.0
2025-01-10,Delhi,Intake,6,6,23,10.302,1.717,0,0,0.0,0.0
2025-01-10,Delhi,Support,2,2,9,9.658,4.829,0,1,0.0,0.5
2025-01-10,Delhi,Verification,8,8,22,51.657,6.4571,0,3,0.0,0.375
2025-01-10,Mumbai,Fulfillment,11,10,35,160.774,16.0774,0,0,0.0,0.0
2025-01-10,Mumbai,Intake,15,14,59,33.046,2.3604,0,0,0.0,0.0
2025-01-10,Mumbai,Support,6,6,32,27.666,4.611,1,1,0.1667,0.1667
2025-01-10,Mumbai,Verification,12,12,55,55.758,4.6465,0,0,0.0,0.0
2025-01-10,Pune,Fulfillment,10,10,48,137.52,13.752,0,0,0.0,0.0
2025-01-10,Pune,Intake,7,6,22,10.174,1.6957,0,0,0.0,0.0
2025-01-10,Pune,Support,5,5,15,15.9,3.18,0,0,0.0,0.0
2025-01-10,Pune,Verification,3,3,14,14.364,4.788,0,0,0.0,0.0
2025-01-11,Bengaluru,Fulfillment,5,5,16,47.617,9.5234,0,0,0.0,0.0
2025-01-11,Bengaluru,Intake,3,3,8,5.674,1.8913,0,0,0.0,0.0
2025-01-11,Bengaluru,Support,3,3,10,10.591,3.5303,0,0,0.0,0.0
2025-01-11,Bengaluru,Verification,3,3,15,18.716,6.2387,0,0,0.0,0.0
2025-01-11,Delhi,Fulfillment,4,3,12,41.499,13.833,0,0,0.0,0.0
2025-01-11,Delhi,Intake,5,5,24,10.282,2.0564,1,0,0.2,0.0
2025-01-11,Delhi,Verification,9,9,33,80.748,8.972,1,6,0.1111,0.6667
2025-01-11,Mumbai,Fulfillment,9,8,39,109.73,13.7162,0,1,0.0,0.125
2025-01-11,Mumbai,Intake,9,8,23,18.433,2.3041,0,1,0.0,0.125
2025-01-11,Mumbai,Support,2,2,9,5.243,2.6215,0,0,0.0,0.0
2025-01-11,Mumbai,Verification,7,7,25,37.245,5.3207,0,1,0.0,0.1429
2025-01-11,Pune,Fulfillment,4,4,13,42.513,10.6282,0,0,0.0,0.0
2025-01-11,Pune,Intake,4,3,10,5.78,1.9267,0,0,0.0,0.0
2025-01-11,Pune,Verification,5,5,21,22.429,4.4858,0,1,0.0,0.2
2025-01-12,Bengaluru,Fulfillment,1,1,5,10.583,10.583,0,0,0.0,0.0
2025-01-12,Bengaluru,Intake,3,3,12,4.951,1.6503,1,0,0.3333,0.0
2025-01-12,Bengaluru,Support,2,2,7,7.365,3.6825,0,0,0.0,0.0
2025-01-12,Bengaluru,Verification,2,2,7,5.671,2.8355,0,0,0.0,0.0
2025-01-12,Delhi,Fulfillment,12,11,37,130.825,11.8932,1,0,0.0909,0.0
2025-01-12,Delhi,Intake,5,5,20,14.025,2.805,0,1,0.0,0.2
2025-01-12,Delhi,Support,2,2,11,5.386,2.693,0,0,0.0,0.0
2025-01-12,Delhi,Verification,6,6,25,45.695,7.6158,0,3,0.0,0.5
2025-01-12,Mumbai,Fulfillment,3,3,15,38.116,12.7053,0,0,0.0,0.0
2025-01-12,Mumbai,Intake,7,7,35,13.929,1.9899,0,0,0.0,0.0
2025-01-12,Mumbai,Support,3,3,8,10.282,3.4273,0,0,0.0,0.0
2025-01-12,Mumbai,Verification,5,5,20,31.947,6.3894,0,2,0.0,0.4
2025-01-12,Pune,Fulfillment,2,2,8,26.015,13.0075,0,0,0.0,0.0
2025-01-12,Pune,Intake,3,3,10,4.202,1.4007,0,0,0.0,0.0
2025-01-12,Pune,Verification,5,5,17,28.784,5.7568,0,0,0.0,0.0
2025-01-13,Bengaluru,Fulfillment,11,10,32,138.41,13.841,1,0,0.1,0.0
2025-01-13,Bengaluru,Intake,5,5,29,15.186,3.0372,0,1,0.0,0.2
2025-01-13,Bengaluru,Support,2,1,6,2.929,2.929,0,0,0.0,0.0
2025-01-13,Bengaluru,Verification,11,11,43,71.676,6.516,0,3,0.0,0.2727
2025-01-13,Delhi,Fulfillment,12,12,41,185.07,15.4225,0,1,0.0,0.0833
2025-01-13,Delhi,Intake,6,4,17,6.276,1.569,0,0,0.0,0.0
2025-01-13,Delhi,Support,3,3,12,10.604,3.5347,0,0,0.0,0.0
2025-01-13,Delhi,Verification,10,10,28,78.363,7.8363,1,5,0.1,0.5
2025-01-13,Mumbai,Fulfillment,15,13,51,204.119,15.7015,0,2,0.0,0.1538
2025-01-13,Mumbai,Intake,9,9,37,25.334,2.8149,0,1,0.0,0.1111
2025-01-13,Mumbai,Support,6,6,26,28.15,4.6917,0,3,0.0,0.5
2025-01-13,Mumbai,Verification,14,13,39,68.281,5.2524,1,2,0.0769,0.1538
2025-01-13,Pune,Fulfillment,12,11,52,173.918,15.8107,1,2,0.0909,0.1818
2025-01-13,Pune,Intake,5,5,14,7.766,1.5532,1,0,0.2,0.0
2025-01-13,Pune,Support,5,5,16,14.385,2.877,1,0,0.2,0.0
2025-01-13,Pune,Verification,9,9,24,52.362,5.818,0,2,0.0,0.2222
2025-01-14,Bengaluru,Fulfillment,9,9,35,124.082,13.7869,0,1,0.0,0.1111
2025-01-14,Bengaluru,Intake,9,8,32,12.265,1.5331,0,0,0.0,0.0
2025-01-14,Bengaluru,Verification,14,14,63,69.031,4.9308,0,2,0.0,0.1429
2025-01-14,Delhi,Fulfillment,5,4,16,21.096,5.274,0,0,0.0,0.0
2025-01-14,Delhi,Intake,9,9,35,18.828,2.092,1,1,0.1111,0.1111
2025-01-14,Delhi,Support,1,1,2,2.366,2.366,0,0,0.0,0.0
2025-01-14,Delhi,Verification,7,7,22,62.237,8.891,0,2,0.0,0.2857
2025-01-14,Mumbai,Fulfillment,10,10,35,137.713,13.7713,0,1,0.0,0.1
2025-01-14,Mumbai,Intake,3,3,8,3.833,1.2777,0,0,0.0,0.0
2025-01-14,Mumbai,Support,3,3,13,14.226,4.742,0,1,0.0,0.3333
2025-01-14,Mumbai,Verification,12,12,41,53.598,4.4665,0,0,0.0,0.0
2025-01-14,Pune,Fulfillment,13,12,54,151.778,12.6482,0,1,0.0,0.0833
2025-01-14,Pune,Intake,7,7,23,11.77,1.6814,1,0,0.1429,0.0
2025-01-14,Pune,Support,1,1,6,5.244,5.244,0,0,0.0,0.0
2025-01-14,Pune,Verification,6,6,21,32.829,5.4715,0,1,0.0,0.1667
2025-01-15,Bengaluru,Fulfillment,10,8,20,116.276,14.5345,0,0,0.0,0.0
2025-01-15,Bengaluru,Intake,6,6,28,11.389,1.8982,0,0,0.0,0.0
2025-01-15,Bengaluru,Support,1,1,6,1.517,1.517,0,0,0.0,0.0
2025-01-15,Bengaluru,Verification,3,3,11,10.463,3.4877,0,0,0.0,0.0
2025-01-15,Delhi,Fulfillment,8,8,36,71.714,8.9642,0,0,0.0,0.0
2025-01-15,Delhi,Intake,7,7,27,17.378,2.4826,0,0,0.0,0.0
2025-01-15,Delhi,Support,2,2,9,11.053,5.5265,0,1,0.0,0.5
2025-01-15,Delhi,Verification,15,13,52,117.749,9.0576,0,8,0.0,0.6154
2025-01-15,Mumbai,Fulfillment,10,10,37,140.775,14.0775,0,1,0.0,0.1
2025-01-15,Mumbai,Intake,18,17,66,29.108,1.7122,2,0,0.1176,0.0
2025-01-15,Mumbai,Support,1,1,3,2.55,2.55,0,0,0.0,0.0
2025-01-15,Mumbai,Verification,8,8,35,46.658,5.8322,0,1,0.0,0.125
2025-01-15,Pune,Fulfillment,4,4,12,53.59,13.3975,0,0,0.0,0.0
2025-01-15,Pune,Intake,3,3,7,4.384,1.4613,0,0,0.0,0.0
2025-01-15,Pune,Support,2,2,8,9.285,4.6425,1,0,0.5,0.0
2025-01-15,Pune,Verification,7,7,27,29.371,4.1959,0,0,0.0,0.0
2025-01-16,Bengaluru,Fulfillment,5,5,15,47.426,9.4852,1,0,0.2,0.0
2025-01-16,Bengaluru,Intake,3,3,10,5.285,1.7617,0,0,0.0,0.0
2025-01-16,Bengaluru,Support,2,2,8,8.816,4.408,0,0,0.0,0.0
2025-01-16,Bengaluru,Verification,6,6,24,30.422,5.0703,0,0,0.0,0.0
2025-01-16,Delhi,Fulfillment,9,9,35,113.872,12.6524,0,0,0.0,0.0
2025-01-16,Delhi,Intake,7,7,30,14.702,2.1003,1,1,0.1429,0.1429
2025-01-16,Delhi,Support,2,2,8,6.125,3.0625,0,0,0.0,0.0
2025-01-16,Delhi,Verification,9,9,42,89.361,9.929,0,4,0.0,0.4444
2025-01-16,Mumbai,Fulfillment,11,11,44,138.854,12.6231,1,0,0.0909,0.0
2025-01-16,Mumbai,Intake,15,14,59,31.432,2.2451,2,1,0.1429,0.0714
2025-01-16,Mumbai,Support,3,3,8,10.194,3.398,0,0,0.0,0.0
2025-01-16,Mumbai,Verification,13,13,42,77.414,5.9549,0,3,0.0,0.2308
2025-01-16,Pune,Fulfillment,8,8,32,63.868,7.9835,0,0,0.0,0.0
2025-01-16,Pune,Intake,7,7,22,11.44,1.6343,0,0,0.0,0.0
2025-01-16,Pune,Support,3,3,13,8.983,2.9943,0,0,0.0,0.0
2025-01-16,Pune,Verification,8,7,24,32.351,4.6216,1,1,0.1429,0.1429
2025-01-17,Bengaluru,Fulfillment,2,2,14,34.2,17.1,0,0,0.0,0.0
2025-01-17,Bengaluru,Intake,7,7,28,12.21,1.7443,0,0,0.0,0.0
2025-01-17,Bengaluru,Verification,7,7,26,35.579,5.0827,0,1,0.0,0.1429
2025-01-17,Delhi,Fulfillment,7,7,37,92.104,13.1577,1,0,0.1429,0.0
2025-01-17,Delhi,Intake,8,8,30,17.737,2.2171,0,0,0.0,0.0
2025-01-17,Delhi,Support,3,3,8,10.677,3.559,0,0,0.0,0.0
2025-01-17,Delhi,Verification,7,6,19,36.549,6.0915,0,0,0.0,0.0
2025-01-17,Mumbai,Fulfillment,13,13,39,200.646,15.4343,0,1,0.0,0.0769
2025-01-17,Mumbai,Intake,10,10,29,26.118,2.6118,2,1,0.2,0.1
2025-01-17,Mumbai,Support,4,4,22,12.417,3.1042,0,0,0.0,0.0
2025-01-17,Mumbai,Verification,11,11,37,53.961,4.9055,0,3,0.0,0.2727
2025-01-17,Pune,Fulfillment,4,4,14,43.265,10.8162,0,0,0.0,0.0
2025-01-17,Pune,Intake,4,3,4,2.868,0.956,0,0,0.0,0.0
2025-01-17,Pune,Verification,3,3,13,15.075,5.025,0,0,0.0,0.0
2025-01-18,Bengaluru,Fulfillment,3,2,6,11.926,5.963,0,0,0.0,0.0
2025-01-18,Bengaluru,Intake,3,3,14,8.196,2.732,0,0,0.0,0.0
2025-01-18,Bengaluru,Verification,7,7,27,39.237,5.6053,0,1,0.0,0.1429
2025-01-18,Delhi,Fulfillment,7,7,26,94.665,13.5236,0,1,0.0,0.1429
2025-01-18,Delhi,Intake,4,4,26,4.395,1.0987,0,0,0.0,0.0
2025-01-18,Delhi,Support,2,2,6,4.257,2.1285,0,0,0.0,0.0
2025-01-18,Delhi,Verification,4,4,16,29.822,7.4555,0,2,0.0,0.5
2025-01-18,Mumbai,Fulfillment,5,5,26,59.135,11.827,0,1,0.0,0.2
2025-01-18,Mumbai,Intake,3,3,16,4.417,1.4723,0,0,0.0,0.0
2025-01-18,Mumbai,Support,1,1,2,3.933,3.933,0,0,0.0,0.0
2025-01-18,Mumbai,Verification,6,6,24,31.599,5.2665,0,0,0.0,0.0
2025-01-18,Pune,Fulfillment,5,5,24,44.521,8.9042,0,0,0.0,0.0
2025-01-18,Pune,Intake,3,3,9,6.053,2.0177,0,0,0.0,0.0
2025-01-18,Pune,Support,1,1,6,2.6,2.6,0,0,0.0,0.0
2025-01-18,Pune,Verification,3,2,10,9.388,4.694,0,0,0.0,0.0
2025-01-19,Bengaluru,Fulfillment,2,2,6,17.072,8.536,0,0,0.0,0.0
2025-01-19,Bengaluru,Intake,3,2,8,2.349,1.1745,0,0,0.0,0.0
2025-01-19,Bengaluru,Verification,4,4,12,19.286,4.8215,1,0,0.25,0.0
2025-01-19,Delhi,Fulfillment,3,3,11,38.862,12.954,0,0,0.0,0.0
2025-01-19,Delhi,Intake,7,7,31,11.906,1.7009,0,0,0.0,0.0
2025-01-19,Delhi,Support,1,0,0,0.0,,0,0,,
2025-01-19,Delhi,Verification,4,4,16,23.005,5.7512,1,1,0.25,0.25
2025-01-19,Mumbai,Fulfillment,8,8,38,108.371,13.5464,0,1,0.0,0.125
2025-01-19,Mumbai,Intake,5,5,22,15.612,3.1224,0,1,0.0,0.2
2025-01-19,Mumbai,Support,4,4,19,16.307,4.0768,0,1,0.0,0.25
2025-01-19,Mumbai,Verification,8,8,37,39.899,4.9874,0,0,0.0,0.0
2025-01-19,Pune,Fulfillment,2,1,6,24.3,24.3,0,1,0.0,1.0
2025-01-19,Pune,Support,2,2,7,5.845,2.9225,0,0,0.0,0.0
2025-01-19,Pune,Verification,2,1,7,6.969,6.969,0,0,0.0,0.0
2025-01-20,Bengaluru,Fulfillment,6,6,20,82.145,13.6908,2,0,0.3333,0.0
2025-01-20,Bengaluru,Intake,8,8,38,18.429,2.3036,1,1,0.125,0.125
2025-01-20,Bengaluru,Support,5,5,18,19.465,3.893,1,1,0.2,0.2
2025-01-20,Bengaluru,Verification,6,6,23,38.244,6.374,0,1,0.0,0.1667
2025-01-20,Delhi,Fulfillment,7,7,29,86.659,12.3799,0,0,0.0,0.0
2025-01-20,Delhi,Intake,12,12,50,23.989,1.9991,0,1,0.0,0.0833
2025-01-20,Delhi,Support,5,5,17,20.518,4.1036,0,1,0.0,0.2
2025-01-20,Delhi,Verification,15,14,53,110.076,7.8626,1,7,0.0714,0.5
2025-01-20,Mumbai,Fulfillment,17,16,50,289.344,18.084,1,3,0.0625,0.1875
2025-01-20,Mumbai,Intake,14,13,56,35.213,2.7087,0,3,0.0,0.2308
2025-01-20,Mumbai,Support,7,7,28,22.338,3.1911,0,0,0.0,0.0
2025-01-20,Mumbai,Verification,22,22,80,105.261,4.7846,2,1,0.0909,0.0455
2025-01-20,Pune,Fulfillment,7,7,27,141.051,20.1501,0,1,0.0,0.1429
2025-01-20,Pune,Intake,8,8,38,13.778,1.7222,0,0,0.0,0.0
2025-01-20,Pune,Support,3,2,7,5.817,2.9085,0,0,0.0,0.0
2025-01-20,Pune,Verification,4,3,10,27.363,9.121,0,1,0.0,0.3333
2025-01-21,Bengaluru,Fulfillment,10,10,40,117.249,11.7249,1,0,0.1,0.0
2025-01-21,Bengaluru,Intake,9,9,41,18.051,2.0057,0,1,0.0,0.1111
2025-01-21,Bengaluru,Support,1,1,2,3.75,3.75,0,0,0.0,0.0
2025-01-21,Bengaluru,Verification,8,8,29,38.902,4.8628,0,2,0.0,0.25
2025-01-21,Delhi,Fulfillment,8,8,37,126.008,15.751,0,2,0.0,0.25
2025-01-21,Delhi,Intake,10,10,45,19.857,1.9857,1,1,0.1,0.1
2025-01-21,Delhi,Support,3,3,14,11.203,3.7343,0,0,0.0,0.0
2025-01-21,Delhi,Verification,8,8,32,44.965,5.6206,0,1,0.0,0.125
2025-01-21,Mumbai,Fulfillment,14,13,58,213.138,16.3952,0,2,0.0,0.1538
2025-01-21,Mumbai,Intake,12,12,48,22.013,1.8344,1,0,0.0833,0.0
2025-01-21,Mumbai,Support,5,5,22,17.506,3.5012,0,0,0.0,0.0
2025-01-21,Mumbai,Verification,20,19,74,107.457,5.6556,0,5,0.0,0.2632
2025-01-21,Pune,Fulfillment,7,7,20,84.299,12.0427,0,0,0.0,0.0
2025-01-21,Pune,Intake,13,13,58,20.533,1.5795,1,0,0.0769,0.0
2025-01-21,Pune,Support,2,2,6,5.709,2.8545,0,0,0.0,0.0
2025-01-21,Pune,Verification,5,5,27,15.296,3.0592,0,0,0.0,0.0
2025-01-22,Bengaluru,Fulfillment,7,7,26,104.138,14.8769,0,1,0.0,0.1429
2025-01-22,Bengaluru,Intake,1,1,5,1.077,1.077,0,0,0.0,0.0
2025-01-22,Bengaluru,Support,3,3,13,6.507,2.169,0,0,0.0,0.0
2025-01-22,Bengaluru,Verification,8,7,25,55.632,7.9474,0,2,0.0,0.2857
2025-01-22,Delhi,Fulfillment,10,10,39,140.421,14.0421,0,1,0.0,0.1
2025-01-22,Delhi,Intake,10,9,34,17.918,1.9909,1,0,0.1111,0.0
2025-01-22,Delhi,Support,6,5,22,15.243,3.0486,1,1,0.2,0.2
2025-01-22,Delhi,Verification,11,11,48,77.734,7.0667,0,2,0.0,0.1818
2025-01-22,Mumbai,Fulfillment,5,5,14,112.397,22.4794,0,2,0.0,0.4
2025-01-22,Mumbai,Intake,10,10,37,23.751,2.3751,1,1,0.1,0.1
2025-01-22,Mumbai,Support,5,4,25,16.424,4.106,0,0,0.0,0.0
2025-01-22,Mumbai,Verification,12,11,35,53.704,4.8822,0,1,0.0,0.0909
2025-01-22,Pune,Fulfillment,5,4,13,65.315,16.3288,0,1,0.0,0.25
2025-01-22,Pune,Intake,6,6,21,9.144,1.524,0,0,0.0,0.0
2025-01-22,Pune,Support,3,3,14,5.605,1.8683,0,0,0.0,0.0
2025-01-22,Pune,Verification,5,5,26,23.433,4.6866,0,0,0.0,0.0
2025-01-23,Bengaluru,Fulfillment,9,8,33,129.597,16.1996,0,1,0.0,0.125
2025-01-23,Bengaluru,Intake,11,9,49,15.369,1.7077,0,0,0.0,0.0
2025-01-23,Bengaluru,Support,2,2,8,5.861,2.9305,0,0,0.0,0.0
2025-01-23,Bengaluru,Verification,7,6,29,32.175,5.3625,1,1,0.1667,0.1667
2025-01-23,Delhi,Fulfillment,11,11,45,138.539,12.5945,0,1,0.0,0.0909
2025-01-23,Delhi,Intake,4,4,16,8.591,2.1478,0,0,0.0,0.0
2025-01-23,Delhi,Support,1,1,5,2.433,2.433,0,0,0.0,0.0
2025-01-23,Delhi,Verification,5,5,17,36.836,7.3672,0,3,0.0,0.6
2025-01-23,Mumbai,Fulfillment,10,10,39,103.022,10.3022,0,0,0.0,0.0
2025-01-23,Mumbai,Intake,10,10,30,17.007,1.7007,0,0,0.0,0.0
2025-01-23,Mumbai,Support,5,5,17,14.796,2.9592,0,0,0.0,0.0
2025-01-23,Mumbai,Verification,20,19,81,111.907,5.8898,0,4,0.0,0.2105
2025-01-23,Pune,Fulfillment,5,5,21,47.524,9.5048,0,0,0.0,0.0
2025-01-23,Pune,Intake,11,11,46,18.103,1.6457,1,0,0.0909,0.0
2025-01-23,Pune,Support,1,1,4,2.285,2.285,0,0,0.0,0.0
2025-01-23,Pune,Verification,4,4,15,15.062,3.7655,0,0,0.0,0.0
2025-01-24,Bengaluru,Fulfillment,8,7,34,98.381,14.0544,0,1,0.0,0.1429
2025-01-24,Bengaluru,Intake,6,6,22,10.207,1.7012,0,0,0.0,0.0
2025-01-24,Bengaluru,Support,1,1,3,2.383,2.383,0,0,0.0,0.0
2025-01-24,Bengaluru,Verification,4,4,17,24.598,6.1495,0,0,0.0,0.0
2025-01-24,Delhi,Fulfillment,7,7,28,108.019,15.4313,1,1,0.1429,0.1429
2025-01-24,Delhi,Intake,10,10,35,16.443,1.6443,0,0,0.0,0.0
2025-01-24,Delhi,Support,2,2,6,8.0,4.0,0,0,0.0,0.0
2025-01-24,Delhi,Verification,7,7,21,58.554,8.3649,0,4,0.0,0.5714
2025-01-24,Mumbai,Fulfillment,12,12,48,150.366,12.5305,0,0,0.0,0.0
2025-01-24,Mumbai,Intake,8,7,26,15.819,2.2599,0,0,0.0,0.0
2025-01-24,Mumbai,Support,2,2,12,13.295,6.6475,0,1,0.0,0.5
2025-01-24,Mumbai,Verification,11,10,38,63.325,6.3325,0,2,0.0,0.2
2025-01-24,Pune,Fulfillment,2,2,9,21.433,10.7165,0,0,0.0,0.0
2025-01-24,Pune,Intake,7,7,22,10.409,1.487,1,0,0.1429,0.0
2025-01-24,Pune,Support,2,2,9,5.005,2.5025,0,0,0.0,0.0
2025-01-24,Pune,Verification,7,6,22,26.328,4.388,1,0,0.1667,0.0
2025-01-25,Bengaluru,Fulfillment,2,2,7,39.2,19.6,0,1,0.0,0.5
2025-01-25,Bengaluru,Intake,4,4,14,7.554,1.8885,0,0,0.0,0.0
2025-01-25,Bengaluru,Support,3,3,10,10.916,3.6387,1,0,0.3333,0.0
2025-01-25,Bengaluru,Verification,4,4,11,23.91,5.9775,0,1,0.0,0.25
2025-01-25,Delhi,Fulfillment,7,7,25,74.573,10.6533,1,0,0.1429,0.0
2025-01-25,Delhi,Intake,5,5,19,10.045,2.009,1,0,0.2,0.0
2025-01-25,Delhi,Support,4,4,23,18.258,4.5645,0,1,0.0,0.25
2025-01-25,Delhi,Verification,5,4,11,37.056,9.264,0,2,0.0,0.5
2025-01-25,Mumbai,Fulfillment,10,10,37,171.348,17.1348,0,2,0.0,0.2
2025-01-25,Mumbai,Intake,7,7,33,13.039,1.8627,0,0,0.0,0.0
2025-01-25,Mumbai,Support,4,4,12,11.737,2.9342,0,0,0.0,0.0
2025-01-25,Mumbai,Verification,8,5,20,17.882,3.5764,1,0,0.2,0.0
2025-01-25,Pune,Fulfillment,8,8,28,102.375,12.7969,0,0,0.0,0.0
2025-01-25,Pune,Support,1,1,4,3.794,3.794,0,0,0.0,0.0
2025-01-25,Pune,Verification,1,1,2,7.483,7.483,0,0,0.0,0.0
2025-01-26,Bengaluru,Fulfillment,4,4,16,73.711,18.4278,0,2,0.0,0.5
2025-01-26,Bengaluru,Intake,1,0,0,0.0,,0,0,,
2025-01-26,Bengaluru,Verification,5,5,17,33.496,6.6992,0,2,0.0,0.4
2025-01-26,Delhi,Fulfillment,5,5,19,63.549,12.7098,0,0,0.0,0.0
2025-01-26,Delhi,Intake,1,1,5,2.617,2.617,0,0,0.0,0.0
2025-01-26,Delhi,Support,3,3,13,15.226,5.0753,0,0,0.0,0.0
2025-01-26,Delhi,Verification,7,7,28,50.312,7.1874,0,3,0.0,0.4286
2025-01-26,Mumbai,Fulfillment,8,8,34,135.61,16.9513,0,1,0.0,0.125
2025-01-26,Mumbai,Intake,6,6,32,10.862,1.8103,0,0,0.0,0.0
2025-01-26,Mumbai,Verification,5,5,23,33.79,6.758,2,1,0.4,0.2
2025-01-26,Pune,Fulfillment,3,3,11,30.419,10.1397,0,0,0.0,0.0
2025-01-26,Pune,Intake,3,3,15,4.33,1.4433,0,0,0.0,0.0
2025-01-26,Pune,Support,2,2,11,7.56,3.78,0,0,0.0,0.0
2025-01-26,Pune,Verification,6,5,17,26.501,5.3002,0,1,0.0,0.2
2025-01-27,Bengaluru,Fulfillment,11,11,44,181.996,16.5451,0,1,0.0,0.0909
2025-01-27,Bengaluru,Intake,6,6,17,15.178,2.5297,1,1,0.1667,0.1667
2025-01-27,Bengaluru,Support,4,4,19,13.158,3.2895,0,0,0.0,0.0
2025-01-27,Bengaluru,Verification,4,4,14,22.745,5.6862,0,1,0.0,0.25
2025-01-27,Delhi,Fulfillment,2,2,10,36.967,18.4835,0,1,0.0,0.5
2025-01-27,Delhi,Intake,8,8,37,19.159,2.3949,0,1,0.0,0.125
2025-01-27,Delhi,Support,4,4,16,17.361,4.3402,0,1,0.0,0.25
2025-01-27,Delhi,Verification,7,7,27,80.257,11.4653,0,5,0.0,0.7143
2025-01-27,Mumbai,Fulfillment,16,15,49,201.77,13.4513,0,1,0.0,0.0667
2025-01-27,Mumbai,Intake,21,19,84,44.226,2.3277,1,3,0.0526,0.1579
2025-01-27,Mumbai,Support,5,5,15,20.295,4.059,0,0,0.0,0.0
2025-01-27,Mumbai,Verification,16,14,58,94.549,6.7535,0,3,0.0,0.2143
2025-01-27,Pune,Fulfillment,14,14,49,214.323,15.3088,0,0,0.0,0.0
2025-01-27,Pune,Intake,8,7,32,19.145,2.735,0,1,0.0,0.1429
2025-01-27,Pune,Support,7,7,28,19.332,2.7617,0,0,0.0,0.0
2025-01-27,Pune,Verification,7,6,21,37.271,6.2118,0,1,0.0,0.1667
2025-01-28,Bengaluru,Fulfillment,9,8,26,121.987,15.2484,0,1,0.0,0.125
2025-01-28,Bengaluru,Intake,5,5,23,8.155,1.631,0,0,0.0,0.0
2025-01-28,Bengaluru,Support,4,4,19,11.419,2.8548,0,0,0.0,0.0
2025-01-28,Bengaluru,Verification,4,4,18,16.016,4.004,0,0,0.0,0.0
2025-01-28,Delhi,Fulfillment,6,6,19,108.711,18.1185,0,1,0.0,0.1667
2025-01-28,Delhi,Intake,9,9,37,13.299,1.4777,0,0,0.0,0.0
2025-01-28,Delhi,Support,5,5,19,20.985,4.197,0,1,0.0,0.2
2025-01-28,Delhi,Verification,8,7,36,48.825,6.975,1,3,0.1429,0.4286
2025-01-28,Mumbai,Fulfillment,11,11,41,146.191,13.2901,1,1,0.0909,0.0909
2025-01-28,Mumbai,Intake,11,11,40,26.722,2.4293,1,1,0.0909,0.0909
2025-01-28,Mumbai,Verification,9,8,31,40.959,5.1199,0,0,0.0,0.0
2025-01-28,Pune,Fulfillment,9,9,35,126.494,14.0549,0,1,0.0,0.1111
2025-01-28,Pune,Intake,8,8,37,13.412,1.6765,1,0,0.125,0.0
2025-01-28,Pune,Support,4,4,13,8.711,2.1778,0,0,0.0,0.0
2025-01-28,Pune,Verification,8,8,32,46.039,5.7549,1,1,0.125,0.125
2025-01-29,Bengaluru,Fulfillment,4,3,8,55.601,18.5337,0,1,0.0,0.3333
2025-01-29,Bengaluru,Intake,7,7,28,12.384,1.7691,0,0,0.0,0.0
2025-01-29,Bengaluru,Support,4,4,22,16.254,4.0635,0,1,0.0,0.25
2025-01-29,Bengaluru,Verification,7,7,27,45.631,6.5187,0,1,0.0,0.1429
2025-01-29,Delhi,Fulfillment,9,9,46,97.609,10.8454,0,0,0.0,0.0
2025-01-29,Delhi,Intake,7,7,27,12.91,1.8443,0,0,0.0,0.0
2025-01-29,Delhi,Support,2,2,6,7.75,3.875,0,0,0.0,0.0
2025-01-29,Delhi,Verification,7,7,26,41.843,5.9776,1,0,0.1429,0.0
2025-01-29,Mumbai,Fulfillment,7,7,30,91.996,13.1423,0,1,0.0,0.1429
2025-01-29,Mumbai,Intake,17,17,65,42.129,2.4782,0,0,0.0,0.0
2025-01-29,Mumbai,Support,5,5,28,22.229,4.4458,0,1,0.0,0.2
2025-01-29,Mumbai,Verification,17,16,76,103.662,6.4789,0,6,0.0,0.375
2025-01-29,Pune,Fulfillment,8,8,38,125.17,15.6462,0,1,0.0,0.125
2025-01-29,Pune,Intake,4,2,6,4.21,2.105,0,0,0.0,0.0
2025-01-29,Pune,Support,4,4,18,11.403,2.8508,0,0,0.0,0.0
2025-01-29,Pune,Verification,8,8,31,29.549,3.6936,0,0,0.0,0.0
2025-01-30,Bengaluru,Fulfillment,6,6,27,66.021,11.0035,0,0,0.0,0.0
2025-01-30,Bengaluru,Intake,10,10,33,14.527,1.4527,1,0,0.1,0.0
2025-01-30,Bengaluru,Support,4,4,8,15.064,3.766,0,0,0.0,0.0
2025-01-30,Bengaluru,Verification,6,5,23,16.122,3.2244,1,0,0.2,0.0
2025-01-30,Delhi,Fulfillment,10,10,33,132.343,13.2343,1,0,0.1,0.0
2025-01-30,Delhi,Intake,7,6,26,10.509,1.7515,0,1,0.0,0.1667
2025-01-30,Delhi,Support,5,5,21,18.146,3.6292,0,0,0.0,0.0
2025-01-30,Delhi,Verification,8,7,25,54.236,7.748,1,3,0.1429,0.4286
2025-01-30,Mumbai,Fulfillment,13,12,57,185.736,15.478,1,1,0.0833,0.0833
2025-01-30,Mumbai,Intake,14,14,53,22.96,1.64,0,0,0.0,0.0
2025-01-30,Mumbai,Support,1,1,4,3.433,3.433,0,0,0.0,0.0
2025-01-30,Mumbai,Verification,10,10,47,55.597,5.5597,1,0,0.1,0.0
2025-01-30,Pune,Fulfillment,7,7,32,79.577,11.3681,0,0,0.0,0.0
2025-01-30,Pune,Intake,6,6,26,9.254,1.5423,0,0,0.0,0.0
2025-01-30,Pune,Support,2,2,6,10.755,5.3775,0,1,0.0,0.5
2025-01-30,Pune,Verification,5,4,15,17.824,4.456,0,0,0.0,0.0
2025-01-31,Bengaluru,Fulfillment,5,5,27,63.362,12.6724,0,0,0.0,0.0
2025-01-31,Bengaluru,Intake,9,8,28,15.112,1.889,1,0,0.125,0.0
2025-01-31,Bengaluru,Support,3,3,11,12.44,4.1467,0,1,0.0,0.3333
2025-01-31,Bengaluru,Verification,2,2,9,17.701,8.8505,0,1,0.0,0.5
2025-01-31,Delhi,Fulfillment,4,4,19,38.148,9.537,0,0,0.0,0.0
2025-01-31,Delhi,Intake,12,11,44,25.516,2.3196,1,0,0.0909,0.0
2025-01-31,Delhi,Support,3,3,13,10.8,3.6,0,0,0.0,0.0
2025-01-31,Delhi,Verification,6,6,24,56.19,9.365,0,4,0.0,0.6667
2025-01-31,Mumbai,Fulfillment,14,14,60,195.791,13.9851,0,0,0.0,0.0
2025-01-31,Mumbai,Intake,14,13,58,18.668,1.436,1,0,0.0769,0.0
2025-01-31,Mumbai,Support,4,3,11,5.732,1.9107,0,0,0.0,0.0
2025-01-31,Mumbai,Verification,14,13,49,63.969,4.9207,0,1,0.0,0.0769
2025-01-31,Pune,Fulfillment,6,6,25,77.179,12.8632,0,0,0.0,0.0
2025-01-31,Pune,Intake,6,5,24,7.827,1.5654,0,0,0.0,0.0
2025-01-31,Pune,Verification,9,9,30,36.887,4.0986,0,1,0.0,0.1111
2025-02-01,Bengaluru,Fulfillment,1,1,4,10.011,10.011,0,0,0.0,0.0
2025-02-01,Bengaluru,Intake,4,4,13,8.024,2.006,0,0,0.0,0.0
2025-02-01,Bengaluru,Support,3,3,10,12.301,4.1003,0,0,0.0,0.0
2025-02-01,Delhi,Fulfillment,6,6,19,72.689,12.1148,0,0,0.0,0.0
2025-02-01,Delhi,Intake,7,7,36,15.551,2.2216,0,0,0.0,0.0
2025-02-01,Delhi,Support,2,2,4,8.887,4.4435,0,1,0.0,0.5
2025-02-01,Delhi,Verification,6,6,26,60.367,10.0612,0,4,0.0,0.6667
2025-02-01,Mumbai,Fulfillment,15,14,55,157.189,11.2278,0,0,0.0,0.0
2025-02-01,Mumbai,Intake,4,4,19,6.468,1.617,0,0,0.0,0.0
2025-02-01,Mumbai,Support,2,2,11,8.8,4.4,0,1,0.0,0.5
2025-02-01,Mumbai,Verification,4,4,17,21.238,5.3095,0,1,0.0,0.25
2025-02-01,Pune,Fulfillment,2,2,9,28.265,14.1325,0,0,0.0,0.0
2025-02-01,Pune,Intake,9,9,32,14.435,1.6039,0,0,0.0,0.0
2025-02-01,Pune,Support,1,1,6,2.148,2.148,0,0,0.0,0.0
2025-02-01,Pune,Verification,4,4,21,22.424,5.606,1,1,0.25,0.25
2025-02-02,Bengaluru,Fulfillment,3,3,10,24.899,8.2997,1,0,0.3333,0.0
2025-02-02,Bengaluru,Intake,2,2,7,4.911,2.4555,0,0,0.0,0.0
2025-02-02,Bengaluru,Support,1,1,5,4.076,4.076,0,0,0.0,0.0
2025-02-02,Bengaluru,Verification,8,8,24,32.591,4.0739,1,0,0.125,0.0
2025-02-02,Delhi,Fulfillment,1,0,0,0.0,,0,0,,
2025-02-02,Delhi,Intake,4,4,21,7.752,1.938,0,0,0.0,0.0
2025-02-02,Delhi,Support,4,4,16,9.749,2.4372,0,0,0.0,0.0
2025-02-02,Delhi,Verification,4,3,11,29.992,9.9973,0,1,0.0,0.3333
2025-02-02,Mumbai,Fulfillment,2,2,6,24.268,12.134,0,0,0.0,0.0
2025-02-02,Mumbai,Intake,5,5,19,10.617,2.1234,0,0,0.0,0.0
2025-02-02,Mumbai,Support,2,2,6,6.6,3.3,0,0,0.0,0.0
2025-02-02,Mumbai,Verification,8,6,24,28.882,4.8137,0,0,0.0,0.0
2025-02-02,Pune,Fulfillment,3,3,13,44.991,14.997,0,1,0.0,0.3333
2025-02-02,Pune,Intake,2,2,9,2.296,1.148,0,0,0.0,0.0
2025-02-02,Pune,Verification,1,1,2,6.157,6.157,0,0,0.0,0.0
2025-02-03,Bengaluru,Fulfillment,8,8,33,164.654,20.5818,0,3,0.0,0.375
2025-02-03,Bengaluru,Intake,6,6,28,15.313,2.5522,0,0,0.0,0.0
2025-02-03,Bengaluru,Support,7,7,28,19.97,2.8529,1,0,0.1429,0.0
2025-02-03,Bengaluru,Verification,6,5,19,37.428,7.4856,0,2,0.0,0.4
2025-02-03,Delhi,Fulfillment,7,7,23,161.102,23.0146,1,4,0.1429,0.5714
2025-02-03,Delhi,Intake,8,8,32,24.951,3.1189,1,2,0.125,0.25
2025-02-03,Delhi,Support,3,3,15,12.888,4.296,0,0,0.0,0.0
2025-02-03,Delhi,Verification,8,8,32,75.002,9.3753,0,5,0.0,0.625
2025-02-03,Mumbai,Fulfillment,18,17,73,286.973,16.8808,0,2,0.0,0.1176
2025-02-03,Mumbai,Intake,22,21,90,57.356,2.7312,0,2,0.0,0.0952
2025-02-03,Mumbai,Support,11,11,49,39.653,3.6048,1,1,0.0909,0.0909
2025-02-03,Mumbai,Verification,17,17,66,95.264,5.6038,1,2,0.0588,0.1176
2025-02-03,Pune,Fulfillment,4,3,9,52.05,17.35,0,1,0.0,0.3333
2025-02-03,Pune,Intake,15,15,67,32.623,2.1749,1,1,0.0667,0.0667
2025-02-03,Pune,Support,1,1,2,2.1,2.1,0,0,0.0,0.0
2025-02-03,Pune,Verification,13,13,45,65.941,5.0724,1,1,0.0769,0.0769
2025-02-04,Bengaluru,Fulfillment,3,3,18,51.132,17.044,0,1,0.0,0.3333
2025-02-04,Bengaluru,Intake,6,6,21,12.761,2.1268,0,0,0.0,0.0
2025-02-04,Bengaluru,Support,1,1,3,2.233,2.233,0,0,0.0,0.0
2025-02-04,Bengaluru,Verification,4,4,13,17.568,4.392,0,0,0.0,0.0
2025-02-04,Delhi,Fulfillment,8,8,34,121.1,15.1375,1,1,0.125,0.125
2025-02-04,Delhi,Intake,6,6,26,11.168,1.8613,1,0,0.1667,0.0
2025-02-04,Delhi,Support,1,1,3,4.283,4.283,0,0,0.0,0.0
2025-02-04,Delhi,Verification,11,11,52,84.26,7.66,0,5,0.0,0.4545
2025-02-04,Mumbai,Fulfillment,17,17,52,242.222,14.2484,0,2,0.0,0.1176
2025-02-04,Mumbai,Intake,11,10,40,21.375,2.1375,1,0,0.1,0.0
2025-02-04,Mumbai,Support,1,1,5,5.25,5.25,0,0,0.0,0.0
2025-02-04,Mumbai,Verification,10,10,38,39.586,3.9586,0,0,0.0,0.0
2025-02-04,Pune,Fulfillment,6,6,16,62.887,10.4812,0,0,0.0,0.0
2025-02-04,Pune,Intake,10,10,29,16.499,1.6499,0,0,0.0,0.0
2025-02-04,Pune,Support,2,2,5,8.0,4.0,0,0,0.0,0.0
2025-02-04,Pune,Verification,5,5,17,17.968,3.5936,1,1,0.2,0.2
2025-02-05,Bengaluru,Fulfillment,4,4,12,54.573,13.6432,0,0,0.0,0.0
2025-02-05,Bengaluru,Intake,7,7,28,17.959,2.5656,0,1,0.0,0.1429
2025-02-05,Bengaluru,Support,2,2,6,6.413,3.2065,0,0,0.0,0.0
2025-02-05,Bengaluru,Verification,3,3,8,15.723,5.241,0,1,0.0,0.3333
2025-02-05,Delhi,Fulfillment,9,8,35,117.029,14.6286,1,1,0.125,0.125
2025-02-05,Delhi,Intake,11,11,48,20.157,1.8325,0,0,0.0,0.0
2025-02-05,Delhi,Support,2,2,6,4.058,2.029,0,0,0.0,0.0
2025-02-05,Delhi,Verification,9,9,34,54.04,6.0044,0,1,0.0,0.1111
2025-02-05,Mumbai,Fulfillment,17,17,75,164.482,9.6754,0,0,0.0,0.0
2025-02-05,Mumbai,Intake,9,9,42,21.534,2.3927,0,0,0.0,0.0
2025-02-05,Mumbai,Support,4,4,15,10.186,2.5465,0,0,0.0,0.0
2025-02-05,Mumbai,Verification,8,8,32,43.149,5.3936,0,1,0.0,0.125
2025-02-05,Pune,Fulfillment,7,7,37,88.5,12.6429,0,0,0.0,0.0
2025-02-05,Pune,Intake,6,6,22,9.266,1.5443,0,0,0.0,0.0
2025-02-05,Pune,Support,1,1,3,2.4,2.4,0,0,0.0,0.0
2025-02-05,Pune,Verification,6,5,21,25.363,5.0726,0,0,0.0,0.0
2025-02-06,Bengaluru,Fulfillment,8,8,34,106.111,13.2639,0,0,0.0,0.0
2025-02-06,Bengaluru,Intake,9,9,37,16.839,1.871,0,0,0.0,0.0
2025-02-06,Bengaluru,Support,2,2,5,5.112,2.556,0,0,0.0,0.0
2025-02-06,Delhi,Fulfillment,3,3,9,44.88,14.96,0,0,0.0,0.0
2025-02-06,Delhi,Intake,7,7,38,12.47,1.7814,0,0,0.0,0.0
2025-02-06,Delhi,Support,3,3,16,12.916,4.3053,0,1,0.0,0.3333
2025-02-06,Delhi,Verification,11,11,51,89.277,8.1161,0,4,0.0,0.3636
2025-02-06,Mumbai,Fulfillment,18,18,71,228.094,12.6719,1,0,0.0556,0.0
2025-02-06,Mumbai,Intake,12,10,42,22.061,2.2061,2,0,0.2,0.0
2025-02-06,Mumbai,Support,2,2,16,8.483,4.2415,0,0,0.0,0.0
2025-02-06,Mumbai,Verification,15,14,63,70.394,5.0281,0,1,0.0,0.0714
2025-02-06,Pune,Fulfillment,6,6,19,93.585,15.5975,1,0,0.1667,0.0
2025-02-06,Pune,Intake,9,9,34,17.637,1.9597,0,0,0.0,0.0
2025-02-06,Pune,Support,4,4,9,10.643,2.6608,0,0,0.0,0.0
2025-02-06,Pune,Verification,7,6,25,23.666,3.9443,0,0,0.0,0.0
2025-02-07,Bengaluru,Fulfillment,4,4,17,55.037,13.7592,0,0,0.0,0.0
2025-02-07,Bengaluru,Intake,7,7,22,14.114,2.0163,0,0,0.0,0.0
2025-02-07,Bengaluru,Support,2,2,9,6.833,3.4165,0,0,0.0,0.0
2025-02-07,Bengaluru,Verification,9,9,37,42.795,4.755,0,0,0.0,0.0
2025-02-07,Delhi,Fulfillment,6,6,19,97.847,16.3078,0,0,0.0,0.0
2025-02-07,Delhi,Intake,11,11,43,24.278,2.2071,0,0,0.0,0.0
2025-02-07,Delhi,Support,2,2,7,9.399,4.6995,0,1,0.0,0.5
2025-02-07,Delhi,Verification,8,8,30,64.882,8.1102,1,4,0.125,0.5
2025-02-07,Mumbai,Fulfillment,11,11,44,143.646,13.0587,2,0,0.1818,0.0
2025-02-07,Mumbai,Intake,14,14,62,25.577,1.8269,0,0,0.0,0.0
2025-02-07,Mumbai,Support,4,4,10,17.835,4.4588,0,2,0.0,0.5
2025-02-07,Mumbai,Verification,14,14,53,79.13,5.6521,1,3,0.0714,0.2143
2025-02-07,Pune,Fulfillment,3,3,11,32.983,10.9943,0,0,0.0,0.0
2025-02-07,Pune,Intake,6,4,18,6.457,1.6142,0,0,0.0,0.0
2025-02-07,Pune,Support,3,3,7,7.377,2.459,0,0,0.0,0.0
2025-02-07,Pune,Verification,8,8,35,32.918,4.1148,0,1,0.0,0.125
2025-02-08,Bengaluru,Fulfillment,9,9,51,108.007,12.0008,0,0,0.0,0.0
2025-02-08,Bengaluru,Intake,4,4,9,10.158,2.5395,0,0,0.0,0.0
2025-02-08,Bengaluru,Support,2,2,13,9.221,4.6105,0,0,0.0,0.0
2025-02-08,Bengaluru,Verification,2,2,6,13.093,6.5465,0,1,0.0,0.5
2025-02-08,Delhi,Fulfillment,6,6,24,98.628,16.438,0,0,0.0,0.0
2025-02-08,Delhi,Intake,3,3,13,4.7,1.5667,0,0,0.0,0.0
2025-02-08,Delhi,Verification,4,4,18,29.143,7.2858,0,2,0.0,0.5
2025-02-08,Mumbai,Fulfillment,7,7,25,108.322,15.4746,0,0,0.0,0.0
2025-02-08,Mumbai,Intake,5,5,12,11.431,2.2862,0,1,0.0,0.2
2025-02-08,Mumbai,Support,4,4,13,9.421,2.3552,0,0,0.0,0.0
2025-02-08,Mumbai,Verification,14,14,52,67.147,4.7962,1,3,0.0714,0.2143
2025-02-08,Pune,Fulfillment,4,4,14,42.145,10.5363,0,0,0.0,0.0
2025-02-08,Pune,Intake,5,5,17,7.541,1.5082,0,0,0.0,0.0
2025-02-08,Pune,Support,4,4,16,13.835,3.4588,0,0,0.0,0.0
2025-02-08,Pune,Verification,4,4,12,17.034,4.2585,0,0,0.0,0.0
2025-02-09,Bengaluru,Fulfillment,3,2,8,23.534,11.767,0,0,0.0,0.0
2025-02-09,Bengaluru,Intake,4,4,19,7.645,1.9112,0,1,0.0,0.25
2025-02-09,Bengaluru,Support,1,1,4,1.811,1.811,0,0,0.0,0.0
2025-02-09,Delhi,Fulfillment,5,5,25,58.987,11.7974,0,0,0.0,0.0
2025-02-09,Delhi,Intake,5,4,16,14.125,3.5312,0,1,0.0,0.25
2025-02-09,Delhi,Support,1,1,1,3.839,3.839,0,0,0.0,0.0
2025-02-09,Delhi,Verification,7,7,31,48.284,6.8977,0,2,0.0,0.2857
2025-02-09,Mumbai,Fulfillment,7,7,33,153.316,21.9023,0,3,0.0,0.4286
2025-02-09,Mumbai,Intake,9,9,42,21.51,2.39,0,1,0.0,0.1111
2025-02-09,Mumbai,Support,5,5,11,20.378,4.0756,1,0,0.2,0.0
2025-02-09,Mumbai,Verification,7,7,30,36.769,5.2527,1,1,0.1429,0.1429
2025-02-09,Pune,Fulfillment,2,2,8,28.314,14.157,0,0,0.0,0.0
2025-02-09,Pune,Intake,1,1,3,1.638,1.638,0,0,0.0,0.0
2025-02-09,Pune,Verification,4,4,15,8.586,2.1465,0,0,0.0,0.0
2025-02-10,Bengaluru,Fulfillment,11,11,44,145.828,13.2571,0,0,0.0,0.0
2025-02-10,Bengaluru,Intake,6,6,20,16.782,2.797,1,2,0.1667,0.3333
2025-02-10,Bengaluru,Support,2,2,10,6.619,3.3095,0,0,0.0,0.0
2025-02-10,Bengaluru,Verification,8,8,26,49.923,6.2404,0,3,0.0,0.375
2025-02-10,Delhi,Fulfillment,13,13,44,184.153,14.1656,0,0,0.0,0.0
2025-02-10,Delhi,Intake,13,13,60,30.719,2.363,1,1,0.0769,0.0769
2025-02-10,Delhi,Support,2,2,8,5.954,2.977,0,0,0.0,0.0
2025-02-10,Delhi,Verification,9,8,32,55.407,6.9259,0,3,0.0,0.375
2025-02-10,Mumbai,Fulfillment,12,12,50,181.453,15.1211,0,1,0.0,0.0833
2025-02-10,Mumbai,Intake,12,12,43,35.288,2.9407,0,3,0.0,0.25
2025-02-10,Mumbai,Support,4,3,17,17.185,5.7283,0,1,0.0,0.3333
2025-02-10,Mumbai,Verification,16,15,54,85.177,5.6785,0,2,0.0,0.1333
2025-02-10,Pune,Fulfillment,7,7,22,116.087,16.5839,0,1,0.0,0.1429
2025-02-10,Pune,Intake,5,5,22,9.084,1.8168,0,0,0.0,0.0
2025-02-10,Pune,Support,2,2,7,6.62,3.31,0,0,0.0,0.0
2025-02-10,Pune,Verification,8,8,28,36.193,4.5241,0,0,0.0,0.0
2025-02-11,Bengaluru,Fulfillment,9,9,33,130.531,14.5034,0,0,0.0,0.0
2025-02-11,Bengaluru,Intake,5,5,20,9.44,1.888,1,0,0.2,0.0
2025-02-11,Bengaluru,Support,4,4,18,13.55,3.3875,0,0,0.0,0.0
2025-02-11,Bengaluru,Verification,5,4,13,19.579,4.8948,0,1,0.0,0.25
2025-02-11,Delhi,Fulfillment,7,7,25,97.485,13.9264,0,1,0.0,0.1429
2025-02-11,Delhi,Intake,10,10,35,16.807,1.6807,0,0,0.0,0.0
2025-02-11,Delhi,Support,2,2,10,5.549,2.7745,0,0,0.0,0.0
2025-02-11,Delhi,Verification,5,5,20,34.51,6.902,0,1,0.0,0.2
2025-02-11,Mumbai,Fulfillment,17,15,64,234.976,15.6651,0,1,0.0,0.0667
2025-02-11,Mumbai,Intake,12,12,55,30.118,2.5098,0,0,0.0,0.0
2025-02-11,Mumbai,Support,6,6,26,19.13,3.1883,0,0,0.0,0.0
2025-02-11,Mumbai,Verification,12,11,39,46.609,4.2372,0,0,0.0,0.0
2025-02-11,Pune,Fulfillment,9,9,36,94.789,10.5321,0,0,0.0,0.0
2025-02-11,Pune,Intake,5,5,16,6.057,1.2114,0,0,0.0,0.0
2025-02-11,Pune,Support,1,1,5,1.883,1.883,0,0,0.0,0.0
2025-02-11,Pune,Verification,4,4,15,16.79,4.1975,0,0,0.0,0.0
2025-02-12,Bengaluru,Fulfillment,2,2,9,28.182,14.091,0,0,0.0,0.0
2025-02-12,Bengaluru,Intake,6,6,27,12.274,2.0457,1,1,0.1667,0.1667
2025-02-12,Bengaluru,Support,2,2,5,5.15,2.575,0,0,0.0,0.0
2025-02-12,Bengaluru,Verification,5,5,17,32.992,6.5984,0,2,0.0,0.4
2025-02-12,Delhi,Fulfillment,11,11,46,147.119,13.3745,1,1,0.0909,0.0909
2025-02-12,Delhi,Intake,8,8,22,15.637,1.9546,2,0,0.25,0.0
2025-02-12,Delhi,Support,7,6,22,21.175,3.5292,1,0,0.1667,0.0
2025-02-12,Delhi,Verification,10,10,41,94.32,9.432,1,5,0.1,0.5
2025-02-12,Mumbai,Fulfillment,9,8,29,115.692,14.4615,0,1,0.0,0.125
2025-02-12,Mumbai,Intake,12,12,51,20.754,1.7295,0,0,0.0,0.0
2025-02-12,Mumbai,Support,5,3,15,17.79,5.93,0,1,0.0,0.3333
2025-02-12,Mumbai,Verification,9,9,33,44.525,4.9472,1,1,0.1111,0.1111
2025-02-12,Pune,Fulfillment,9,9,36,113.128,12.5698,1,1,0.1111,0.1111
2025-02-12,Pune,Intake,6,4,13,5.994,1.4985,0,0,0.0,0.0
2025-02-12,Pune,Support,1,1,7,1.167,1.167,0,0,0.0,0.0
2025-02-12,Pune,Verification,10,10,47,34.97,3.497,1,0,0.1,0.0
2025-02-13,Bengaluru,Fulfillment,9,9,40,153.941,17.1046,0,2,0.0,0.2222
2025-02-13,Bengaluru,Intake,5,5,16,10.568,2.1136,0,0,0.0,0.0
2025-02-13,Bengaluru,Support,5,4,18,17.458,4.3645,0,1,0.0,0.25
2025-02-13,Bengaluru,Verification,11,9,39,58.356,6.484,1,2,0.1111,0.2222
2025-02-13,Delhi,Fulfillment,13,13,48,174.25,13.4038,0,0,0.0,0.0
2025-02-13,Delhi,Intake,12,11,50,19.566,1.7787,0,0,0.0,0.0
2025-02-13,Delhi,Support,1,1,4,1.642,1.642,0,0,0.0,0.0
2025-02-13,Delhi,Verification,7,6,22,46.91,7.8183,0,3,0.0,0.5
2025-02-13,Mumbai,Fulfillment,4,4,17,69.973,17.4932,0,1,0.0,0.25
2025-02-13,Mumbai,Intake,12,12,43,24.858,2.0715,0,0,0.0,0.0
2025-02-13,Mumbai,Support,4,3,17,6.383,2.1277,0,0,0.0,0.0
2025-02-13,Mumbai,Verification,9,9,39,45.211,5.0234,0,1,0.0,0.1111
2025-02-13,Pune,Fulfillment,4,4,26,87.736,21.934,2,1,0.5,0.25
2025-02-13,Pune,Intake,7,6,26,8.792,1.4653,1,0,0.1667,0.0
2025-02-13,Pune,Support,2,2,8,4.102,2.051,0,0,0.0,0.0
2025-02-13,Pune,Verification,4,4,15,13.376,3.344,0,0,0.0,0.0
2025-02-14,Bengaluru,Fulfillment,1,0,0,0.0,,0,0,,
2025-02-14,Bengaluru,Intake,5,5,22,12.147,2.4294,0,0,0.0,0.0
2025-02-14,Bengaluru,Support,3,3,13,12.579,4.193,0,0,0.0,0.0
2025-02-14,Bengaluru,Verification,7,7,30,31.392,4.4846,0,0,0.0,0.0
2025-02-14,Delhi,Fulfillment,7,7,25,75.653,10.8076,0,0,0.0,0.0
2025-02-14,Delhi,Intake,9,9,27,20.036,2.2262,0,0,0.0,0.0
2025-02-14,Delhi,Support,2,2,8,6.044,3.022,0,0,0.0,0.0
2025-02-14,Delhi,Verification,8,7,32,46.761,6.6801,0,3,0.0,0.4286
2025-02-14,Mumbai,Fulfillment,16,16,71,217.052,13.5658,0,2,0.0,0.125
2025-02-14,Mumbai,Intake,12,10,37,21.821,2.1821,0,1,0.0,0.1
2025-02-14,Mumbai,Support,4,4,19,12.258,3.0645,0,0,0.0,0.0
2025-02-14,Mumbai,Verification,11,11,48,61.023,5.5475,0,0,0.0,0.0
2025-02-14,Pune,Fulfillment,6,6,24,67.718,11.2863,1,0,0.1667,0.0
2025-02-14,Pune,Intake,4,4,11,8.025,2.0062,0,0,0.0,0.0
2025-02-14,Pune,Support,1,1,3,4.832,4.832,0,0,0.0,0.0
2025-02-14,Pune,Verification,7,7,23,24.285,3.4693,0,0,0.0,0.0
2025-02-15,Bengaluru,Fulfillment,4,4,22,65.045,16.2612,0,1,0.0,0.25
2025-02-15,Bengaluru,Intake,3,3,15,5.837,1.9457,0,0,0.0,0.0
2025-02-15,Bengaluru,Support,1,1,1,1.55,1.55,0,0,0.0,0.0
2025-02-15,Bengaluru,Verification,5,5,25,34.214,6.8428,0,1,0.0,0.2
2025-02-15,Delhi,Fulfillment,9,8,29,127.237,15.9046,0,1,0.0,0.125
2025-02-15,Delhi,Intake,7,6,20,12.415,2.0692,0,0,0.0,0.0
2025-02-15,Delhi,Support,3,3,11,12.584,4.1947,0,1,0.0,0.3333
2025-02-15,Delhi,Verification,4,3,13,27.291,9.097,0,2,0.0,0.6667
2025-02-15,Mumbai,Fulfillment,8,8,32,94.886,11.8608,0,0,0.0,0.0
2025-02-15,Mumbai,Intake,7,7,38,15.461,2.2087,1,0,0.1429,0.0
2025-02-15,Mumbai,Support,4,4,12,15.086,3.7715,1,0,0.25,0.0
2025-02-15,Mumbai,Verification,10,10,34,48.417,4.8417,0,0,0.0,0.0
2025-02-15,Pune,Fulfillment,5,5,13,49.979,9.9958,0,0,0.0,0.0
2025-02-15,Pune,Intake,4,4,15,8.2,2.05,0,0,0.0,0.0
2025-02-15,Pune,Support,1,1,6,2.619,2.619,0,0,0.0,0.0
2025-02-15,Pune,Verification,6,5,22,21.102,4.2204,0,0,0.0,0.0
2025-02-16,Bengaluru,Fulfillment,10,10,39,125.93,12.593,0,0,0.0,0.0
2025-02-16,Bengaluru,Intake,1,1,8,2.159,2.159,0,0,0.0,0.0
2025-02-16,Bengaluru,Support,3,3,13,8.25,2.75,0,0,0.0,0.0
2025-02-16,Bengaluru,Verification,5,5,13,23.327,4.6654,0,0,0.0,0.0
2025-02-16,Delhi,Fulfillment,4,3,12,31.79,10.5967,0,0,0.0,0.0
2025-02-16,Delhi,Intake,4,4,17,8.967,2.2418,0,0,0.0,0.0
2025-02-16,Delhi,Support,2,2,7,8.391,4.1955,0,0,0.0,0.0
2025-02-16,Mumbai,Fulfillment,5,5,24,59.12,11.824,0,0,0.0,0.0
2025-02-16,Mumbai,Intake,9,9,39,18.158,2.0176,0,0,0.0,0.0
2025-02-16,Mumbai,Support,3,3,6,7.202,2.4007,0,0,0.0,0.0
2025-02-16,Mumbai,Verification,5,5,23,21.446,4.2892,0,0,0.0,0.0
2025-02-16,Pune,Fulfillment,4,4,9,64.008,16.002,0,1,0.0,0.25
2025-02-16,Pune,Intake,5,4,9,9.866,2.4665,0,0,0.0,0.0
2025-02-16,Pune,Verification,4,3,11,9.445,3.1483,0,0,0.0,0.0
2025-02-17,Bengaluru,Fulfillment,5,5,17,81.919,16.3838,0,0,0.0,0.0
2025-02-17,Bengaluru,Intake,8,8,29,14.661,1.8326,0,0,0.0,0.0
2025-02-17,Bengaluru,Support,3,3,13,10.316,3.4387,0,0,0.0,0.0
2025-02-17,Bengaluru,Verification,6,6,26,30.452,5.0753,1,0,0.1667,0.0
2025-02-17,Delhi,Fulfillment,10,10,47,129.556,12.9556,2,0,0.2,0.0
2025-02-17,Delhi,Intake,11,11,39,26.896,2.4451,0,1,0.0,0.0909
2025-02-17,Delhi,Support,3,1,1,5.909,5.909,0,0,0.0,0.0
2025-02-17,Delhi,Verification,8,8,27,67.256,8.407,0,2,0.0,0.25
2025-02-17,Mumbai,Fulfillment,16,16,58,239.803,14.9877,1,1,0.0625,0.0625
2025-02-17,Mumbai,Intake,16,16,56,36.737,2.2961,0,2,0.0,0.125
2025-02-17,Mumbai,Support,6,5,15,25.381,5.0762,0,1,0.0,0.2
2025-02-17,Mumbai,Verification,19,19,75,97.014,5.106,0,1,0.0,0.0526
2025-02-17,Pune,Fulfillment,12,12,57,184.696,15.3913,0,2,0.0,0.1667
2025-02-17,Pune,Intake,8,8,35,15.176,1.897,0,1,0.0,0.125
2025-02-17,Pune,Support,4,4,15,9.794,2.4485,0,0,0.0,0.0
2025-02-17,Pune,Verification,8,8,33,37.454,4.6818,0,0,0.0,0.0
2025-02-18,Bengaluru,Fulfillment,5,5,18,67.377,13.4754,0,0,0.0,0.0
2025-02-18,Bengaluru,Intake,11,11,37,21.733,1.9757,1,1,0.0909,0.0909
2025-02-18,Bengaluru,Verification,6,6,22,24.856,4.1427,0,1,0.0,0.1667
2025-02-18,Delhi,Fulfillment,6,6,25,83.753,13.9588,1,0,0.1667,0.0
2025-02-18,Delhi,Intake,8,8,26,20.802,2.6002,0,1,0.0,0.125
2025-02-18,Delhi,Support,4,3,15,11.744,3.9147,1,0,0.3333,0.0
2025-02-18,Delhi,Verification,7,7,35,38.12,5.4457,0,1,0.0,0.1429
2025-02-18,Mumbai,Fulfillment,10,10,38,156.477,15.6477,0,0,0.0,0.0
2025-02-18,Mumbai,Intake,13,13,52,34.684,2.668,0,2,0.0,0.1538
2025-02-18,Mumbai,Support,4,4,10,12.619,3.1548,0,0,0.0,0.0
2025-02-18,Mumbai,Verification,13,13,58,66.497,5.1152,0,3,0.0,0.2308
2025-02-18,Pune,Fulfillment,4,2,6,11.928,5.964,0,0,0.0,0.0
2025-02-18,Pune,Intake,9,7,26,13.814,1.9734,1,0,0.1429,0.0
2025-02-18,Pune,Support,2,2,5,6.704,3.352,0,0,0.0,0.0
2025-02-18,Pune,Verification,7,6,24,28.632,4.772,0,0,0.0,0.0
2025-02-19,Bengaluru,Fulfillment,9,9,38,136.101,15.1223,0,0,0.0,0.0
2025-02-19,Bengaluru,Intake,4,4,13,6.52,1.63,0,0,0.0,0.0
2025-02-19,Bengaluru,Support,1,1,1,2.383,2.383,0,0,0.0,0.0
2025-02-19,Bengaluru,Verification,6,6,24,24.842,4.1403,0,0,0.0,0.0
2025-02-19,Delhi,Fulfillment,5,4,14,78.845,19.7112,0,1,0.0,0.25
2025-02-19,Delhi,Intake,8,7,24,12.912,1.8446,0,1,0.0,0.1429
2025-02-19,Delhi,Support,4,4,13,13.348,3.337,1,0,0.25,0.0
2025-02-19,Delhi,Verification,12,12,47,95.228,7.9357,2,4,0.1667,0.3333
2025-02-19,Mumbai,Fulfillment,12,11,34,139.443,12.6766,0,1,0.0,0.0909
2025-02-19,Mumbai,Intake,10,10,43,17.419,1.7419,0,0,0.0,0.0
2025-02-19,Mumbai,Support,1,1,6,4.549,4.549,0,0,0.0,0.0
2025-02-19,Mumbai,Verification,14,14,59,81.072,5.7909,0,2,0.0,0.1429
2025-02-19,Pune,Fulfillment,10,9,33,111.679,12.4088,0,0,0.0,0.0
2025-02-19,Pune,Intake,8,8,37,8.954,1.1192,1,0,0.125,0.0
2025-02-19,Pune,Support,3,3,10,14.233,4.7443,0,0,0.0,0.0
2025-02-19,Pune,Verification,4,4,14,22.071,5.5178,0,2,0.0,0.5
2025-02-20,Bengaluru,Fulfillment,5,3,24,40.433,13.4777,0,0,0.0,0.0
2025-02-20,Bengaluru,Intake,6,6,27,15.603,2.6005,0,0,0.0,0.0
2025-02-20,Bengaluru,Support,3,3,14,9.729,3.243,0,0,0.0,0.0
2025-02-20,Bengaluru,Verification,7,5,21,21.498,4.2996,0,0,0.0,0.0
2025-02-20,Delhi,Fulfillment,9,9,41,126.874,14.0971,0,0,0.0,0.0
2025-02-20,Delhi,Intake,10,10,40,24.87,2.487,1,1,0.1,0.1
2025-02-20,Delhi,Support,1,1,3,2.2,2.2,0,0,0.0,0.0
2025-02-20,Delhi,Verification,11,10,32,68.17,6.817,2,4,0.2,0.4
2025-02-20,Mumbai,Fulfillment,8,7,27,88.514,12.6449,0,0,0.0,0.0
2025-02-20,Mumbai,Intake,12,10,38,19.66,1.966,0,0,0.0,0.0
2025-02-20,Mumbai,Support,2,2,6,6.237,3.1185,0,0,0.0,0.0
2025-02-20,Mumbai,Verification,16,15,60,77.837,5.1891,1,1,0.0667,0.0667
2025-02-20,Pune,Fulfillment,8,8,37,105.706,13.2132,0,0,0.0,0.0
2025-02-20,Pune,Intake,5,5,19,5.156,1.0312,0,0,0.0,0.0
2025-02-20,Pune,Support,3,2,12,8.519,4.2595,0,0,0.0,0.0
2025-02-20,Pune,Verification,4,4,11,16.228,4.057,0,0,0.0,0.0
2025-02-21,Bengaluru,Fulfillment,6,5,23,67.278,13.4556,0,0,0.0,0.0
2025-02-21,Bengaluru,Intake,7,7,29,10.795,1.5421,0,0,0.0,0.0
2025-02-21,Bengaluru,Support,2,2,9,3.925,1.9625,0,0,0.0,0.0
2025-02-21,Bengaluru,Verification,7,7,31,30.665,4.3807,0,0,0.0,0.0
2025-02-21,Delhi,Fulfillment,2,1,8,17.617,17.617,0,0,0.0,0.0
2025-02-21,Delhi,Intake,8,8,25,16.523,2.0654,0,0,0.0,0.0
2025-02-21,Delhi,Support,4,4,15,16.779,4.1948,0,0,0.0,0.0
2025-02-21,Delhi,Verification,9,9,30,56.224,6.2471,1,1,0.1111,0.1111
2025-02-21,Mumbai,Fulfillment,11,11,50,153.173,13.9248,1,1,0.0909,0.0909
2025-02-21,Mumbai,Intake,13,13,47,21.678,1.6675,0,0,0.0,0.0
2025-02-21,Mumbai,Support,3,3,9,10.275,3.425,0,0,0.0,0.0
2025-02-21,Mumbai,Verification,11,9,32,35.792,3.9769,0,0,0.0,0.0
2025-02-21,Pune,Fulfillment,7,7,30,85.648,12.2354,0,0,0.0,0.0
2025-02-21,Pune,Intake,5,5,13,10.698,2.1396,0,0,0.0,0.0
2025-02-21,Pune,Support,1,1,3,2.933,2.933,0,0,0.0,0.0
2025-02-21,Pune,Verification,3,2,3,11.718,5.859,0,0,0.0,0.0
2025-02-22,Bengaluru,Fulfillment,10,10,36,117.007,11.7007,0,0,0.0,0.0
2025-02-22,Bengaluru,Intake,4,4,18,8.507,2.1268,1,0,0.25,0.0
2025-02-22,Bengaluru,Verification,3,3,13,20.455,6.8183,0,1,0.0,0.3333
2025-02-22,Delhi,Fulfillment,2,2,3,23.667,11.8335,0,0,0.0,0.0
2025-02-22,Delhi,Intake,6,6,23,10.113,1.6855,0,0,0.0,0.0
2025-02-22,Delhi,Support,1,1,3,7.35,7.35,0,1,0.0,1.0
2025-02-22,Delhi,Verification,6,5,19,63.417,12.6834,1,4,0.2,0.8
2025-02-22,Mumbai,Fulfillment,7,7,31,106.214,15.1734,0,1,0.0,0.1429
2025-02-22,Mumbai,Intake,7,7,22,13.01,1.8586,0,1,0.0,0.1429
2025-02-22,Mumbai,Support,2,2,5,6.583,3.2915,0,0,0.0,0.0
2025-02-22,Mumbai,Verification,9,9,42,40.894,4.5438,0,0,0.0,0.0
2025-02-22,Pune,Fulfillment,7,6,27,67.884,11.314,0,0,0.0,0.0
2025-02-22,Pune,Intake,5,5,26,9.922,1.9844,0,0,0.0,0.0
2025-02-22,Pune,Support,1,1,5,1.233,1.233,0,0,0.0,0.0
2025-02-22,Pune,Verification,4,4,13,24.759,6.1898,0,1,0.0,0.25
2025-02-23,Bengaluru,Fulfillment,1,1,6,16.21,16.21,0,0,0.0,0.0
2025-02-23,Bengaluru,Intake,2,2,10,6.134,3.067,0,0,0.0,0.0
2025-02-23,Bengaluru,Support,2,2,3,7.527,3.7635,0,0,0.0,0.0
2025-02-23,Bengaluru,Verification,5,5,22,23.817,4.7634,0,0,0.0,0.0
2025-02-23,Delhi,Fulfillment,5,5,15,59.152,11.8304,0,0,0.0,0.0
2025-02-23,Delhi,Intake,7,7,29,18.966,2.7094,0,1,0.0,0.1429
2025-02-23,Delhi,Verification,4,4,11,35.507,8.8768,1,3,0.25,0.75
2025-02-23,Mumbai,Fulfillment,6,5,24,53.199,10.6398,0,0,0.0,0.0
2025-02-23,Mumbai,Intake,6,6,26,12.471,2.0785,0,0,0.0,0.0
2025-02-23,Mumbai,Verification,5,5,18,25.224,5.0448,1,0,0.2,0.0
2025-02-23,Pune,Fulfillment,4,4,16,45.977,11.4943,0,0,0.0,0.0
2025-02-23,Pune,Intake,6,6,29,10.245,1.7075,0,0,0.0,0.0
2025-02-23,Pune,Support,1,1,5,3.871,3.871,0,0,0.0,0.0
2025-02-23,Pune,Verification,2,2,10,9.749,4.8745,0,0,0.0,0.0
2025-02-24,Bengaluru,Fulfillment,3,3,16,37.255,12.4183,0,0,0.0,0.0
2025-02-24,Bengaluru,Intake,11,11,41,29.263,2.6603,0,2,0.0,0.1818
2025-02-24,Bengaluru,Support,1,1,8,4.9,4.9,0,0,0.0,0.0
2025-02-24,Bengaluru,Verification,8,8,35,50.071,6.2589,0,1,0.0,0.125
2025-02-24,Delhi,Fulfillment,12,12,53,197.821,16.4851,0,2,0.0,0.1667
2025-02-24,Delhi,Intake,11,10,36,18.79,1.879,1,0,0.1,0.0
2025-02-24,Delhi,Support,4,4,13,16.216,4.054,0,0,0.0,0.0
2025-02-24,Delhi,Verification,17,17,63,202.011,11.883,0,11,0.0,0.6471
2025-02-24,Mumbai,Fulfillment,18,16,52,277.052,17.3158,0,3,0.0,0.1875
2025-02-24,Mumbai,Intake,7,7,32,19.55,2.7929,0,2,0.0,0.2857
2025-02-24,Mumbai,Support,3,3,12,8.856,2.952,1,0,0.3333,0.0
2025-02-24,Mumbai,Verification,15,15,55,80.063,5.3375,0,2,0.0,0.1333
2025-02-24,Pune,Fulfillment,9,9,31,131.851,14.6501,1,1,0.1111,0.1111
2025-02-24,Pune,Intake,9,9,29,23.06,2.5622,0,0,0.0,0.0
2025-02-24,Pune,Support,4,4,14,18.459,4.6148,1,1,0.25,0.25
2025-02-24,Pune,Verification,12,12,42,59.558,4.9632,0,2,0.0,0.1667
2025-02-25,Bengaluru,Fulfillment,4,4,16,56.749,14.1872,0,0,0.0,0.0
2025-02-25,Bengaluru,Intake,7,7,29,13.641,1.9487,0,0,0.0,0.0
2025-02-25,Bengaluru,Support,4,4,18,16.607,4.1518,0,1,0.0,0.25
2025-02-25,Bengaluru,Verification,5,5,24,22.465,4.493,0,0,0.0,0.0
2025-02-25,Delhi,Fulfillment,10,9,27,108.453,12.0503,0,0,0.0,0.0
2025-02-25,Delhi,Intake,12,12,41,23.028,1.919,0,1,0.0,0.0833
2025-02-25,Delhi,Support,4,4,16,10.75,2.6875,0,0,0.0,0.0
2025-02-25,Delhi,Verification,12,12,51,91.215,7.6012,0,4,0.0,0.3333
2025-02-25,Mumbai,Fulfillment,6,6,23,74.929,12.4882,0,0,0.0,0.0
2025-02-25,Mumbai,Intake,12,10,45,22.162,2.2162,0,1,0.0,0.1
2025-02-25,Mumbai,Support,6,6,24,18.465,3.0775,0,0,0.0,0.0
2025-02-25,Mumbai,Verification,7,7,23,39.725,5.675,0,2,0.0,0.2857
2025-02-25,Pune,Fulfillment,8,8,30,87.216,10.902,0,0,0.0,0.0
2025-02-25,Pune,Intake,7,7,32,7.83,1.1186,0,0,0.0,0.0
2025-02-25,Pune,Support,1,1,3,2.888,2.888,0,0,0.0,0.0
2025-02-25,Pune,Verification,3,3,11,12.722,4.2407,0,0,0.0,0.0
2025-02-26,Bengaluru,Fulfillment,5,4,13,54.74,13.685,0,0,0.0,0.0
2025-02-26,Bengaluru,Intake,6,6,21,10.85,1.8083,1,0,0.1667,0.0
2025-02-26,Bengaluru,Support,3,3,10,10.622,3.5407,1,0,0.3333,0.0
2025-02-26,Bengaluru,Verification,3,2,6,18.579,9.2895,0,2,0.0,1.0
2025-02-26,Delhi,Fulfillment,13,13,45,236.006,18.1543,1,1,0.0769,0.0769
2025-02-26,Delhi,Intake,5,5,20,9.027,1.8054,1,0,0.2,0.0
2025-02-26,Delhi,Verification,4,4,19,35.137,8.7842,0,2,0.0,0.5
2025-02-26,Mumbai,Fulfillment,14,11,48,170.697,15.5179,0,2,0.0,0.1818
2025-02-26,Mumbai,Intake,7,6,24,14.048,2.3413,0,0,0.0,0.0
2025-02-26,Mumbai,Support,4,4,19,11.518,2.8795,0,0,0.0,0.0
2025-02-26,Mumbai,Verification,12,11,46,47.448,4.3135,0,1,0.0,0.0909
2025-02-26,Pune,Fulfillment,6,6,25,88.143,14.6905,0,0,0.0,0.0
2025-02-26,Pune,Intake,5,4,17,7.203,1.8008,0,0,0.0,0.0
2025-02-26,Pune,Support,1,1,3,3.063,3.063,0,0,0.0,0.0
2025-02-26,Pune,Verification,2,2,9,7.008,3.504,0,0,0.0,0.0
2025-02-27,Bengaluru,Fulfillment,3,3,8,85.556,28.5187,1,1,0.3333,0.3333
2025-02-27,Bengaluru,Intake,7,6,23,10.941,1.8235,0,0,0.0,0.0
2025-02-27,Bengaluru,Support,1,0,0,0.0,,0,0,,
2025-02-27,Bengaluru,Verification,5,4,20,22.482,5.6205,0,1,0.0,0.25
2025-02-27,Delhi,Fulfillment,12,12,46,184.439,15.3699,0,3,0.0,0.25
2025-02-27,Delhi,Intake,8,8,29,12.579,1.5724,0,0,0.0,0.0
2025-02-27,Delhi,Support,5,5,20,24.059,4.8118,0,1,0.0,0.2
2025-02-27,Delhi,Verification,9,9,36,75.627,8.403,1,5,0.1111,0.5556
2025-02-27,Mumbai,Fulfillment,17,17,75,257.697,15.1586,0,2,0.0,0.1176
2025-02-27,Mumbai,Intake,9,9,40,20.671,2.2968,0,1,0.0,0.1111
2025-02-27,Mumbai,Support,4,4,20,13.781,3.4452,0,1,0.0,0.25
2025-02-27,Mumbai,Verification,10,10,44,45.003,4.5003,0,2,0.0,0.2
2025-02-27,Pune,Fulfillment,6,6,32,70.607,11.7678,0,0,0.0,0.0
2025-02-27,Pune,Intake,5,5,19,9.889,1.9778,0,0,0.0,0.0
2025-02-27,Pune,Support,5,5,27,12.191,2.4382,0,0,0.0,0.0
2025-02-27,Pune,Verification,5,5,21,22.057,4.4114,0,0,0.0,0.0
2025-02-28,Bengaluru,Fulfillment,7,7,29,105.132,15.0189,0,0,0.0,0.0
2025-02-28,Bengaluru,Intake,5,5,20,11.337,2.2674,1,0,0.2,0.0
2025-02-28,Bengaluru,Support,2,2,5,6.146,3.073,0,0,0.0,0.0
2025-02-28,Bengaluru,Verification,7,7,28,27.912,3.9874,0,1,0.0,0.1429
2025-02-28,Delhi,Fulfillment,9,9,36,126.837,14.093,2,1,0.2222,0.1111
2025-02-28,Delhi,Intake,7,7,30,13.338,1.9054,0,0,0.0,0.0
2025-02-28,Delhi,Support,2,2,7,6.308,3.154,0,0,0.0,0.0
2025-02-28,Delhi,Verification,7,7,27,61.545,8.7921,2,3,0.2857,0.4286
2025-02-28,Mumbai,Fulfillment,6,6,26,82.842,13.807,0,0,0.0,0.0
2025-02-28,Mumbai,Intake,13,13,59,27.392,2.1071,2,0,0.1538,0.0
2025-02-28,Mumbai,Support,2,2,13,4.263,2.1315,1,0,0.5,0.0
2025-02-28,Mumbai,Verification,7,7,22,33.36,4.7657,0,1,0.0,0.1429
2025-02-28,Pune,Fulfillment,5,5,22,62.609,12.5218,0,0,0.0,0.0
2025-02-28,Pune,Intake,8,7,22,10.797,1.5424,0,0,0.0,0.0
2025-02-28,Pune,Support,1,0,0,0.0,,0,0,,
2025-02-28,Pune,Verification,7,7,25,36.838,5.2626,1,1,0.1429,0.1429
2025-03-01,Bengaluru,Fulfillment,5,5,17,85.716,17.1432,0,1,0.0,0.2
2025-03-01,Bengaluru,Intake,4,3,13,7.49,2.4967,0,1,0.0,0.3333
2025-03-01,Bengaluru,Support,2,2,10,6.577,3.2885,0,0,0.0,0.0
2025-03-01,Bengaluru,Verification,4,4,14,21.718,5.4295,0,0,0.0,0.0
2025-03-01,Delhi,Fulfillment,5,5,11,39.93,7.986,1,0,0.2,0.0
2025-03-01,Delhi,Intake,2,2,9,2.246,1.123,0,0,0.0,0.0
2025-03-01,Delhi,Verification,3,3,17,27.708,9.236,0,2,0.0,0.6667
2025-03-01,Mumbai,Fulfillment,14,14,53,209.719,14.9799,2,3,0.1429,0.2143
2025-03-01,Mumbai,Intake,9,9,41,15.431,1.7146,0,0,0.0,0.0
2025-03-01,Mumbai,Verification,5,5,22,23.456,4.6912,0,0,0.0,0.0
2025-03-01,Pune,Fulfillment,4,4,20,38.273,9.5683,0,0,0.0,0.0
2025-03-01,Pune,Intake,5,4,17,7.03,1.7575,0,0,0.0,0.0
2025-03-01,Pune,Support,2,2,10,10.925,5.4625,0,1,0.0,0.5
2025-03-01,Pune,Verification,6,6,25,20.529,3.4215,0,0,0.0,0.0
2025-03-02,Bengaluru,Fulfillment,2,2,7,27.533,13.7665,0,0,0.0,0.0
2025-03-02,Bengaluru,Intake,7,6,23,13.949,2.3248,0,1,0.0,0.1667
2025-03-02,Bengaluru,Verification,2,2,9,8.161,4.0805,0,0,0.0,0.0
2025-03-02,Delhi,Fulfillment,3,3,11,56.704,18.9013,0,1,0.0,0.3333
2025-03-02,Delhi,Intake,7,6,20,20.096,3.3493,0,2,0.0,0.3333
2025-03-02,Delhi,Support,4,4,21,10.256,2.564,0,0,0.0,0.0
2025-03-02,Delhi,Verification,2,2,10,13.317,6.6585,0,0,0.0,0.0
2025-03-02,Mumbai,Fulfillment,5,4,12,75.481,18.8703,0,1,0.0,0.25
2025-03-02,Mumbai,Intake,7,6,24,10.882,1.8137,0,0,0.0,0.0
2025-03-02,Mumbai,Support,4,3,17,14.998,4.9993,0,1,0.0,0.3333
2025-03-02,Mumbai,Verification,5,5,18,25.911,5.1822,0,1,0.0,0.2
2025-03-02,Pune,Fulfillment,3,2,7,30.464,15.232,0,0,0.0,0.0
2025-03-02,Pune,Intake,1,1,4,0.913,0.913,0,0,0.0,0.0
2025-03-02,Pune,Support,2,2,5,4.335,2.1675,0,0,0.0,0.0
2025-03-02,Pune,Verification,7,7,24,39.014,5.5734,0,1,0.0,0.1429
2025-03-03,Bengaluru,Fulfillment,12,11,42,214.283,19.4803,0,3,0.0,0.2727
2025-03-03,Bengaluru,Intake,16,16,71,37.532,2.3457,1,1,0.0625,0.0625
2025-03-03,Bengaluru,Support,5,4,18,18.752,4.688,0,1,0.0,0.25
2025-03-03,Bengaluru,Verification,11,9,38,50.269,5.5854,1,1,0.1111,0.1111
2025-03-03,Delhi,Fulfillment,11,11,58,185.187,16.8352,0,0,0.0,0.0
2025-03-03,Delhi,Intake,10,9,40,18.259,2.0288,0,1,0.0,0.1111
2025-03-03,Delhi,Support,5,5,18,25.468,5.0936,0,0,0.0,0.0
2025-03-03,Delhi,Verification,16,15,56,150.661,10.0441,2,9,0.1333,0.6
2025-03-03,Mumbai,Fulfillment,16,15,66,233.324,15.5549,1,1,0.0667,0.0667
2025-03-03,Mumbai,Intake,17,17,72,47.832,2.8136,2,2,0.1176,0.1176
2025-03-03,Mumbai,Support,6,6,33,30.831,5.1385,0,2,0.0,0.3333
2025-03-03,Mumbai,Verification,18,18,76,111.538,6.1966,1,3,0.0556,0.1667
2025-03-03,Pune,Fulfillment,12,12,38,183.563,15.2969,0,2,0.0,0.1667
2025-03-03,Pune,Intake,9,9,33,20.291,2.2546,0,1,0.0,0.1111
2025-03-03,Pune,Support,5,5,25,16.131,3.2262,0,0,0.0,0.0
2025-03-03,Pune,Verification,8,8,30,48.916,6.1145,0,1,0.0,0.125
2025-03-04,Bengaluru,Fulfillment,10,9,27,122.652,13.628,0,0,0.0,0.0
2025-03-04,Bengaluru,Intake,4,4,21,11.243,2.8108,1,1,0.25,0.25
2025-03-04,Bengaluru,Support,7,7,26,22.632,3.2331,0,0,0.0,0.0
2025-03-04,Bengaluru,Verification,6,6,29,27.495,4.5825,1,0,0.1667,0.0
2025-03-04,Delhi,Fulfillment,8,6,27,96.334,16.0557,0,0,0.0,0.0
2025-03-04,Delhi,Intake,6,6,22,10.488,1.748,0,0,0.0,0.0
2025-03-04,Delhi,Support,4,4,13,15.795,3.9488,0,0,0.0,0.0
2025-03-04,Delhi,Verification,10,9,33,60.738,6.7487,0,3,0.0,0.3333
2025-03-04,Mumbai,Fulfillment,14,14,50,214.912,15.3509,1,2,0.0714,0.1429
2025-03-04,Mumbai,Intake,12,12,43,20.13,1.6775,0,0,0.0,0.0
2025-03-04,Mumbai,Support,3,3,8,8.305,2.7683,0,0,0.0,0.0
2025-03-04,Mumbai,Verification,14,14,53,66.451,4.7465,1,1,0.0714,0.0714
2025-03-04,Pune,Fulfillment,8,8,38,80.127,10.0159,0,0,0.0,0.0
2025-03-04,Pune,Intake,9,9,37,14.546,1.6162,0,0,0.0,0.0
2025-03-04,Pune,Support,6,6,17,14.273,2.3788,0,0,0.0,0.0
2025-03-04,Pune,Verification,14,14,61,74.21,5.3007,0,2,0.0,0.1429
2025-03-05,Bengaluru,Fulfillment,3,3,10,45.267,15.089,1,0,0.3333,0.0
2025-03-05,Bengaluru,Intake,5,5,25,7.733,1.5466,0,0,0.0,0.0
2025-03-05,Bengaluru,Support,1,1,4,1.519,1.519,0,0,0.0,0.0
2025-03-05,Bengaluru,Verification,7,6,24,28.772,4.7953,0,0,0.0,0.0
2025-03-05,Delhi,Fulfillment,10,9,33,139.507,15.5008,0,1,0.0,0.1111
2025-03-05,Delhi,Intake,10,9,34,15.943,1.7714,0,0,0.0,0.0
2025-03-05,Delhi,Support,2,2,5,4.809,2.4045,0,0,0.0,0.0
2025-03-05,Delhi,Verification,14,13,51,93.496,7.192,0,6,0.0,0.4615
2025-03-05,Mumbai,Fulfillment,15,13,51,141.413,10.8779,0,0,0.0,0.0
2025-03-05,Mumbai,Intake,15,14,51,21.01,1.5007,0,0,0.0,0.0
2025-03-05,Mumbai,Support,3,3,20,7.89,2.63,1,0,0.3333,0.0
2025-03-05,Mumbai,Verification,13,13,50,57.375,4.4135,0,1,0.0,0.0769
2025-03-05,Pune,Fulfillment,4,4,9,48.277,12.0692,0,0,0.0,0.0
2025-03-05,Pune,Intake,3,3,8,5.323,1.7743,0,0,0.0,0.0
2025-03-05,Pune,Support,2,2,8,6.541,3.2705,0,0,0.0,0.0
2025-03-05,Pune,Verification,8,8,33,32.27,4.0337,0,0,0.0,0.0
2025-03-06,Bengaluru,Fulfillment,14,14,58,190.802,13.6287,0,0,0.0,0.0
2025-03-06,Bengaluru,Intake,6,6,27,9.358,1.5597,0,0,0.0,0.0
2025-03-06,Bengaluru,Support,2,2,3,4.467,2.2335,0,0,0.0,0.0
2025-03-06,Bengaluru,Verification,16,15,62,80.529,5.3686,0,2,0.0,0.1333
2025-03-06,Delhi,Fulfillment,9,9,33,132.444,14.716,0,1,0.0,0.1111
2025-03-06,Delhi,Intake,11,11,53,21.26,1.9327,0,0,0.0,0.0
2025-03-06,Delhi,Support,3,3,17,10.992,3.664,0,0,0.0,0.0
2025-03-06,Delhi,Verification,9,8,27,50.54,6.3175,0,1,0.0,0.125
2025-03-06,Mumbai,Fulfillment,12,12,44,158.654,13.2212,1,1,0.0833,0.0833
2025-03-06,Mumbai,Intake,16,14,47,29.353,2.0966,0,1,0.0,0.0714
2025-03-06,Mumbai,Support,3,3,10,6.866,2.2887,0,0,0.0,0.0
2025-03-06,Mumbai,Verification,13,12,43,57.506,4.7922,0,1,0.0,0.0833
2025-03-06,Pune,Fulfillment,6,6,26,66.211,11.0352,0,0,0.0,0.0
2025-03-06,Pune,Intake,8,7,25,10.849,1.5499,0,0,0.0,0.0
2025-03-06,Pune,Support,2,2,6,6.41,3.205,0,0,0.0,0.0
2025-03-06,Pune,Verification,5,5,16,17.495,3.499,0,0,0.0,0.0
2025-03-07,Bengaluru,Fulfillment,9,7,34,112.877,16.1253,0,1,0.0,0.1429
2025-03-07,Bengaluru,Intake,7,7,33,11.664,1.6663,0,0,0.0,0.0
2025-03-07,Bengaluru,Support,1,1,4,1.308,1.308,0,0,0.0,0.0
2025-03-07,Bengaluru,Verification,7,7,22,33.133,4.7333,0,1,0.0,0.1429
2025-03-07,Delhi,Fulfillment,5,5,15,70.033,14.0066,0,1,0.0,0.2
2025-03-07,Delhi,Intake,10,10,56,20.72,2.072,1,0,0.1,0.0
2025-03-07,Delhi,Support,2,2,9,5.958,2.979,0,0,0.0,0.0
2025-03-07,Delhi,Verification,12,10,48,64.662,6.4662,0,1,0.0,0.1
2025-03-07,Mumbai,Fulfillment,8,7,28,120.777,17.2539,0,1,0.0,0.1429
2025-03-07,Mumbai,Intake,10,10,47,16.846,1.6846,0,0,0.0,0.0
2025-03-07,Mumbai,Support,3,3,13,11.403,3.801,1,0,0.3333,0.0
2025-03-07,Mumbai,Verification,14,14,58,61.695,4.4068,0,0,0.0,0.0
2025-03-07,Pune,Fulfillment,10,10,47,143.15,14.315,0,1,0.0,0.1
2025-03-07,Pune,Intake,6,6,24,13.044,2.174,0,0,0.0,0.0
2025-03-07,Pune,Support,1,1,2,2.083,2.083,0,0,0.0,0.0
2025-03-07,Pune,Verification,5,5,21,20.217,4.0434,0,0,0.0,0.0
2025-03-08,Bengaluru,Fulfillment,3,3,12,86.536,28.8453,0,1,0.0,0.3333
2025-03-08,Bengaluru,Intake,4,4,17,6.708,1.677,0,0,0.0,0.0
2025-03-08,Bengaluru,Support,2,2,8,6.883,3.4415,0,0,0.0,0.0
2025-03-08,Bengaluru,Verification,4,4,14,19.55,4.8875,0,0,0.0,0.0
2025-03-08,Delhi,Fulfillment,6,6,35,87.211,14.5352,0,0,0.0,0.0
2025-03-08,Delhi,Intake,8,7,26,13.962,1.9946,0,1,0.0,0.1429
2025-03-08,Delhi,Support,1,1,7,4.691,4.691,0,0,0.0,0.0
2025-03-08,Delhi,Verification,1,1,3,9.339,9.339,0,1,0.0,1.0
2025-03-08,Mumbai,Fulfillment,5,5,20,59.413,11.8826,1,0,0.2,0.0
2025-03-08,Mumbai,Intake,6,6,28,13.246,2.2077,0,0,0.0,0.0
2025-03-08,Mumbai,Support,2,2,8,7.926,3.963,0,0,0.0,0.0
2025-03-08,Mumbai,Verification,8,8,34,45.339,5.6674,0,1,0.0,0.125
2025-03-08,Pune,Fulfillment,5,5,21,38.083,7.6166,0,0,0.0,0.0
2025-03-08,Pune,Intake,5,4,13,7.212,1.803,0,0,0.0,0.0
2025-03-08,Pune,Support,1,0,0,0.0,,0,0,,
2025-03-08,Pune,Verification,4,3,16,10.197,3.399,0,0,0.0,0.0
2025-03-09,Bengaluru,Fulfillment,4,4,16,50.013,12.5033,0,0,0.0,0.0
2025-03-09,Bengaluru,Intake,4,3,12,6.46,2.1533,0,0,0.0,0.0
2025-03-09,Bengaluru,Verification,7,7,29,36.37,5.1957,0,1,0.0,0.1429
2025-03-09,Delhi,Fulfillment,5,5,12,55.982,11.1964,0,0,0.0,0.0
2025-03-09,Delhi,Intake,4,4,18,8.351,2.0877,0,0,0.0,0.0
2025-03-09,Delhi,Verification,5,5,28,40.961,8.1922,0,2,0.0,0.4
2025-03-09,Mumbai,Fulfillment,5,5,20,55.558,11.1116,0,0,0.0,0.0
2025-03-09,Mumbai,Intake,5,5,19,7.836,1.5672,0,0,0.0,0.0
2025-03-09,Mumbai,Verification,10,9,34,38.34,4.26,0,1,0.0,0.1111
2025-03-09,Pune,Intake,5,5,20,7.45,1.49,0,0,0.0,0.0
2025-03-09,Pune,Support,1,1,2,3.549,3.549,0,0,0.0,0.0
2025-03-09,Pune,Verification,3,2,8,7.245,3.6225,0,0,0.0,0.0
2025-03-10,Bengaluru,Fulfillment,6,6,20,80.049,13.3415,0,0,0.0,0.0
2025-03-10,Bengaluru,Intake,6,5,22,9.482,1.8964,0,0,0.0,0.0
2025-03-10,Bengaluru,Support,2,2,8,8.308,4.154,0,0,0.0,0.0
2025-03-10,Bengaluru,Verification,7,7,27,43.896,6.2709,0,1,0.0,0.1429
2025-03-10,Delhi,Fulfillment,8,7,38,101.579,14.5113,0,0,0.0,0.0
2025-03-10,Delhi,Intake,10,10,33,20.065,2.0065,0,1,0.0,0.1
2025-03-10,Delhi,Verification,15,13,55,106.455,8.1888,1,6,0.0769,0.4615
2025-03-10,Mumbai,Fulfillment,10,10,32,150.69,15.069,0,1,0.0,0.1
2025-03-10,Mumbai,Intake,11,11,45,24.728,2.248,1,1,0.0909,0.0909
2025-03-10,Mumbai,Support,8,8,29,28.06,3.5075,0,1,0.0,0.125
2025-03-10,Mumbai,Verification,12,12,46,67.516,5.6263,1,2,0.0833,0.1667
2025-03-10,Pune,Fulfillment,11,10,42,141.618,14.1618,0,1,0.0,0.1
2025-03-10,Pune,Intake,9,9,49,16.942,1.8824,1,0,0.1111,0.0
2025-03-10,Pune,Support,3,3,16,8.216,2.7387,0,0,0.0,0.0
2025-03-10,Pune,Verification,11,10,46,53.099,5.3099,0,1,0.0,0.1
2025-03-11,Bengaluru,Fulfillment,7,7,23,95.93,13.7043,0,0,0.0,0.0
2025-03-11,Bengaluru,Intake,6,6,22,12.681,2.1135,0,0,0.0,0.0
2025-03-11,Bengaluru,Support,6,5,19,16.586,3.3172,0,0,0.0,0.0
2025-03-11,Bengaluru,Verification,10,10,40,49.207,4.9207,0,1,0.0,0.1
2025-03-11,Delhi,Fulfillment,11,11,56,177.498,16.1362,0,1,0.0,0.0909
2025-03-11,Delhi,Intake,11,11,43,22.649,2.059,1,1,0.0909,0.0909
2025-03-11,Delhi,Support,1,1,4,4.945,4.945,0,0,0.0,0.0
2025-03-11,Delhi,Verification,10,10,38,98.548,9.8548,0,5,0.0,0.5
2025-03-11,Mumbai,Fulfillment,9,9,32,137.237,15.2486,0,1,0.0,0.1111
2025-03-11,Mumbai,Intake,8,6,33,9.8,1.6333,0,0,0.0,0.0
2025-03-11,Mumbai,Support,3,3,9,13.753,4.5843,0,0,0.0,0.0
2025-03-11,Mumbai,Verification,13,12,42,55.566,4.6305,0,1,0.0,0.0833
2025-03-11,Pune,Fulfillment,5,5,15,48.815,9.763,0,0,0.0,0.0
2025-03-11,Pune,Intake,3,3,9,3.878,1.2927,0,0,0.0,0.0
2025-03-11,Pune,Support,3,3,9,6.306,2.102,0,0,0.0,0.0
2025-03-11,Pune,Verification,4,4,16,15.004,3.751,0,0,0.0,0.0
2025-03-12,Bengaluru,Fulfillment,7,7,34,107.786,15.398,0,0,0.0,0.0
2025-03-12,Bengaluru,Intake,3,2,5,5.454,2.727,0,0,0.0,0.0
2025-03-12,Bengaluru,Support,5,5,17,11.007,2.2014,0,0,0.0,0.0
2025-03-12,Bengaluru,Verification,3,3,12,24.869,8.2897,0,1,0.0,0.3333
2025-03-12,Delhi,Fulfillment,15,13,70,198.361,15.2585,0,0,0.0,0.0
2025-03-12,Delhi,Intake,9,8,27,15.744,1.968,0,0,0.0,0.0
2025-03-12,Delhi,Support,3,3,11,12.27,4.09,0,0,0.0,0.0
2025-03-12,Delhi,Verification,8,8,36,55.482,6.9352,0,3,0.0,0.375
2025-03-12,Mumbai,Fulfillment,14,14,50,166.535,11.8954,0,0,0.0,0.0
2025-03-12,Mumbai,Intake,9,9,43,15.946,1.7718,1,0,0.1111,0.0
2025-03-12,Mumbai,Support,5,4,14,12.717,3.1792,0,0,0.0,0.0
2025-03-12,Mumbai,Verification,8,8,36,29.278,3.6598,0,0,0.0,0.0
2025-03-12,Pune,Fulfillment,11,11,41,136.925,12.4477,2,1,0.1818,0.0909
2025-03-12,Pune,Intake,5,3,14,2.167,0.7223,0,0,0.0,0.0
2025-03-12,Pune,Verification,6,6,27,30.178,5.0297,0,0,0.0,0.0
2025-03-13,Bengaluru,Fulfillment,7,6,21,110.694,18.449,0,1,0.0,0.1667
2025-03-13,Bengaluru,Support,1,1,8,2.589,2.589,0,0,0.0,0.0
2025-03-13,Bengaluru,Verification,6,6,24,25.048,4.1747,0,0,0.0,0.0
2025-03-13,Delhi,Fulfillment,6,6,32,94.092,15.682,0,0,0.0,0.0
2025-03-13,Delhi,Intake,6,6,23,13.336,2.2227,0,0,0.0,0.0
2025-03-13,Delhi,Support,3,3,10,7.294,2.4313,0,0,0.0,0.0
2025-03-13,Delhi,Verification,15,15,71,106.841,7.1227,2,4,0.1333,0.2667
2025-03-13,Mumbai,Fulfillment,15,12,42,129.652,10.8043,0,0,0.0,0.0
2025-03-13,Mumbai,Intake,13,12,60,22.469,1.8724,1,0,0.0833,0.0
2025-03-13,Mumbai,Support,7,7,32,29.074,4.1534,0,0,0.0,0.0
2025-03-13,Mumbai,Verification,18,18,58,105.213,5.8452,1,4,0.0556,0.2222
2025-03-13,Pune,Fulfillment,9,7,33,88.493,12.6419,0,1,0.0,0.1429
2025-03-13,Pune,Intake,6,5,9,8.847,1.7694,0,0,0.0,0.0
2025-03-13,Pune,Support,3,3,12,11.966,3.9887,0,0,0.0,0.0
2025-03-13,Pune,Verification,10,9,42,37.047,4.1163,0,1,0.0,0.1111
2025-03-14,Bengaluru,Fulfillment,9,9,40,124.409,13.8232,0,1,0.0,0.1111
2025-03-14,Bengaluru,Intake,5,5,23,8.47,1.694,0,0,0.0,0.0
2025-03-14,Bengaluru,Support,1,1,3,6.416,6.416,0,1,0.0,1.0
2025-03-14,Bengaluru,Verification,7,7,24,38.433,5.4904,0,0,0.0,0.0
2025-03-14,Delhi,Fulfillment,10,10,42,150.43,15.043,0,0,0.0,0.0
2025-03-14,Delhi,Intake,10,9,32,14.161,1.5734,1,0,0.1111,0.0
2025-03-14,Delhi,Support,1,1,6,1.931,1.931,0,0,0.0,0.0
2025-03-14,Delhi,Verification,16,15,54,120.416,8.0277,0,6,0.0,0.4
2025-03-14,Mumbai,Fulfillment,13,12,50,176.171,14.6809,0,1,0.0,0.0833
2025-03-14,Mumbai,Intake,7,6,28,10.903,1.8172,0,0,0.0,0.0
2025-03-14,Mumbai,Verification,11,11,44,57.729,5.2481,1,2,0.0909,0.1818
2025-03-14,Pune,Fulfillment,4,4,15,34.247,8.5618,0,0,0.0,0.0
2025-03-14,Pune,Intake,5,5,21,10.01,2.002,0,0,0.0,0.0
2025-03-14,Pune,Support,1,1,2,1.476,1.476,0,0,0.0,0.0
2025-03-14,Pune,Verification,3,3,15,19.345,6.4483,0,1,0.0,0.3333
2025-03-15,Bengaluru,Fulfillment,2,2,8,28.157,14.0785,0,0,0.0,0.0
2025-03-15,Bengaluru,Intake,3,3,7,4.834,1.6113,0,0,0.0,0.0
2025-03-15,Bengaluru,Support,1,1,2,1.116,1.116,0,0,0.0,0.0
2025-03-15,Bengaluru,Verification,4,4,13,19.177,4.7942,0,0,0.0,0.0
2025-03-15,Delhi,Fulfillment,5,5,19,83.099,16.6198,0,1,0.0,0.2
2025-03-15,Delhi,Intake,4,4,13,6.288,1.572,0,0,0.0,0.0
2025-03-15,Delhi,Support,3,3,8,8.263,2.7543,0,0,0.0,0.0
2025-03-15,Delhi,Verification,4,4,23,29.593,7.3982,0,1,0.0,0.25
2025-03-15,Mumbai,Fulfillment,12,9,40,101.832,11.3147,0,0,0.0,0.0
2025-03-15,Mumbai,Intake,7,7,34,20.882,2.9831,0,2,0.0,0.2857
2025-03-15,Mumbai,Support,5,5,16,12.666,2.5332,0,0,0.0,0.0
2025-03-15,Mumbai,Verification,6,6,14,26.637,4.4395,1,0,0.1667,0.0
2025-03-15,Pune,Fulfillment,6,6,23,69.146,11.5243,0,0,0.0,0.0
2025-03-15,Pune,Intake,3,3,10,6.226,2.0753,0,0,0.0,0.0
2025-03-15,Pune,Support,2,2,10,5.853,2.9265,0,0,0.0,0.0
2025-03-15,Pune,Verification,6,6,25,19.468,3.2447,0,1,0.0,0.1667
2025-03-16,Bengaluru,Fulfillment,3,3,13,33.926,11.3087,0,0,0.0,0.0
2025-03-16,Bengaluru,Intake,4,4,15,8.592,2.148,0,0,0.0,0.0
2025-03-16,Bengaluru,Support,2,2,7,3.494,1.747,0,0,0.0,0.0
2025-03-16,Bengaluru,Verification,4,4,14,19.603,4.9008,0,0,0.0,0.0
2025-03-16,Delhi,Fulfillment,7,7,27,90.765,12.9664,0,0,0.0,0.0
2025-03-16,Delhi,Intake,4,4,21,8.384,2.096,0,0,0.0,0.0
2025-03-16,Delhi,Support,1,1,2,2.252,2.252,0,0,0.0,0.0
2025-03-16,Delhi,Verification,5,5,20,47.784,9.5568,0,4,0.0,0.8
2025-03-16,Mumbai,Fulfillment,3,3,8,31.021,10.3403,0,0,0.0,0.0
2025-03-16,Mumbai,Intake,9,9,34,21.959,2.4399,0,1,0.0,0.1111
2025-03-16,Mumbai,Support,3,3,13,16.08,5.36,0,1,0.0,0.3333
2025-03-16,Mumbai,Verification,7,7,28,31.979,4.5684,1,1,0.1429,0.1429
2025-03-16,Pune,Fulfillment,6,5,24,52.492,10.4984,1,0,0.2,0.0
2025-03-16,Pune,Intake,5,5,20,8.996,1.7992,0,0,0.0,0.0
2025-03-16,Pune,Support,3,3,8,9.841,3.2803,0,0,0.0,0.0
2025-03-16,Pune,Verification,2,2,6,10.08,5.04,0,0,0.0,0.0
2025-03-17,Bengaluru,Fulfillment,9,9,35,151.116,16.7907,0,2,0.0,0.2222
2025-03-17,Bengaluru,Intake,7,7,26,15.519,2.217,0,0,0.0,0.0
2025-03-17,Bengaluru,Support,3,3,4,14.435,4.8117,0,2,0.0,0.6667
2025-03-17,Bengaluru,Verification,13,13,48,87.473,6.7287,0,4,0.0,0.3077
2025-03-17,Delhi,Fulfillment,13,13,56,275.523,21.1941,1,5,0.0769,0.3846
2025-03-17,Delhi,Intake,10,10,38,20.278,2.0278,3,0,0.3,0.0
2025-03-17,Delhi,Support,3,3,15,7.912,2.6373,0,0,0.0,0.0
2025-03-17,Delhi,Verification,8,8,45,116.761,14.5951,0,5,0.0,0.625
2025-03-17,Mumbai,Fulfillment,13,13,57,221.6,17.0462,0,2,0.0,0.1538
2025-03-17,Mumbai,Intake,12,12,56,27.369,2.2808,1,0,0.0833,0.0
2025-03-17,Mumbai,Support,1,1,4,2.366,2.366,0,0,0.0,0.0
2025-03-17,Mumbai,Verification,16,16,57,87.85,5.4906,0,1,0.0,0.0625
2025-03-17,Pune,Fulfillment,6,6,22,105.393,17.5655,1,1,0.1667,0.1667
2025-03-17,Pune,Intake,13,12,39,23.329,1.9441,0,1,0.0,0.0833
2025-03-17,Pune,Support,5,5,18,14.396,2.8792,0,0,0.0,0.0
2025-03-17,Pune,Verification,8,8,36,47.223,5.9029,0,1,0.0,0.125
2025-03-18,Bengaluru,Fulfillment,5,5,32,59.828,11.9656,0,1,0.0,0.2
2025-03-18,Bengaluru,Intake,6,6,24,14.024,2.3373,0,0,0.0,0.0
2025-03-18,Bengaluru,Support,3,3,15,13.181,4.3937,0,1,0.0,0.3333
2025-03-18,Bengaluru,Verification,7,6,33,27.392,4.5653,0,0,0.0,0.0
2025-03-18,Delhi,Fulfillment,8,6,25,88.201,14.7002,0,0,0.0,0.0
2025-03-18,Delhi,Intake,13,12,43,21.768,1.814,0,1,0.0,0.0833
2025-03-18,Delhi,Support,4,3,13,7.454,2.4847,0,0,0.0,0.0
2025-03-18,Delhi,Verification,5,4,12,28.297,7.0742,0,1,0.0,0.25
2025-03-18,Mumbai,Fulfillment,15,14,59,196.589,14.0421,0,1,0.0,0.0714
2025-03-18,Mumbai,Intake,9,9,28,23.627,2.6252,0,1,0.0,0.1111
2025-03-18,Mumbai,Support,7,7,30,28.908,4.1297,0,1,0.0,0.1429
2025-03-18,Mumbai,Verification,12,11,51,59.791,5.4355,0,2,0.0,0.1818
2025-03-18,Pune,Fulfillment,9,8,19,80.023,10.0029,1,0,0.125,0.0
2025-03-18,Pune,Intake,6,6,23,9.8,1.6333,0,0,0.0,0.0
2025-03-18,Pune,Support,7,7,29,34.532,4.9331,0,1,0.0,0.1429
2025-03-18,Pune,Verification,8,8,31,38.571,4.8214,0,1,0.0,0.125
2025-03-19,Bengaluru,Fulfillment,5,5,24,52.215,10.443,0,0,0.0,0.0
2025-03-19,Bengaluru,Intake,5,5,19,7.241,1.4482,0,0,0.0,0.0
2025-03-19,Bengaluru,Support,2,2,8,4.551,2.2755,0,0,0.0,0.0
2025-03-19,Bengaluru,Verification,7,7,18,29.85,4.2643,1,1,0.1429,0.1429
2025-03-19,Delhi,Fulfillment,13,13,44,208.327,16.0252,0,3,0.0,0.2308
2025-03-19,Delhi,Intake,9,9,35,18.516,2.0573,0,2,0.0,0.2222
2025-03-19,Delhi,Support,3,3,15,7.222,2.4073,0,0,0.0,0.0
2025-03-19,Delhi,Verification,6,5,26,46.459,9.2918,0,2,0.0,0.4
2025-03-19,Mumbai,Fulfillment,12,12,54,154.843,12.9036,0,0,0.0,0.0
2025-03-19,Mumbai,Intake,10,10,37,25.306,2.5306,1,2,0.1,0.2
2025-03-19,Mumbai,Support,2,2,7,4.028,2.014,0,0,0.0,0.0
2025-03-19,Mumbai,Verification,11,10,36,47.261,4.7261,0,1,0.0,0.1
2025-03-19,Pune,Fulfillment,4,4,14,69.49,17.3725,0,1,0.0,0.25
2025-03-19,Pune,Intake,7,7,29,10.364,1.4806,1,0,0.1429,0.0
2025-03-19,Pune,Support,2,2,7,4.47,2.235,0,0,0.0,0.0
2025-03-19,Pune,Verification,7,7,36,27.069,3.867,0,0,0.0,0.0
2025-03-20,Bengaluru,Fulfillment,9,9,38,131.161,14.5734,0,1,0.0,0.1111
2025-03-20,Bengaluru,Intake,9,8,32,16.41,2.0512,0,0,0.0,0.0
2025-03-20,Bengaluru,Support,4,4,19,10.986,2.7465,0,0,0.0,0.0
2025-03-20,Bengaluru,Verification,5,5,17,26.044,5.2088,0,0,0.0,0.0
2025-03-20,Delhi,Fulfillment,13,13,57,174.659,13.4353,0,0,0.0,0.0
2025-03-20,Delhi,Intake,17,17,70,31.056,1.8268,0,0,0.0,0.0
2025-03-20,Delhi,Support,3,2,11,5.767,2.8835,0,0,0.0,0.0
2025-03-20,Delhi,Verification,9,9,39,72.687,8.0763,0,6,0.0,0.6667
2025-03-20,Mumbai,Fulfillment,15,15,50,213.729,14.2486,0,0,0.0,0.0
2025-03-20,Mumbai,Intake,16,14,59,32.593,2.3281,0,0,0.0,0.0
2025-03-20,Mumbai,Support,4,4,17,17.991,4.4978,0,1,0.0,0.25
2025-03-20,Mumbai,Verification,7,7,29,48.707,6.9581,0,2,0.0,0.2857
2025-03-20,Pune,Fulfillment,2,1,6,12.35,12.35,0,0,0.0,0.0
2025-03-20,Pune,Intake,11,10,35,18.591,1.8591,0,0,0.0,0.0
2025-03-20,Pune,Support,2,2,9,5.816,2.908,0,0,0.0,0.0
2025-03-20,Pune,Verification,8,8,36,32.911,4.1139,0,0,0.0,0.0
2025-03-21,Bengaluru,Fulfillment,9,9,37,134.441,14.9379,0,1,0.0,0.1111
2025-03-21,Bengaluru,Intake,5,4,12,5.964,1.491,0,0,0.0,0.0
2025-03-21,Bengaluru,Verification,5,5,20,18.643,3.7286,0,0,0.0,0.0
2025-03-21,Delhi,Fulfillment,12,12,45,154.493,12.8744,0,0,0.0,0.0
2025-03-21,Delhi,Intake,8,8,38,16.823,2.1029,1,0,0.125,0.0
2025-03-21,Delhi,Support,2,2,10,8.62,4.31,0,1,0.0,0.5
2025-03-21,Delhi,Verification,13,12,48,97.918,8.1598,1,3,0.0833,0.25
2025-03-21,Mumbai,Fulfillment,7,7,22,124.58,17.7971,0,2,0.0,0.2857
2025-03-21,Mumbai,Intake,6,5,20,7.58,1.516,0,0,0.0,0.0
2025-03-21,Mumbai,Support,7,7,26,25.752,3.6789,0,2,0.0,0.2857
2025-03-21,Mumbai,Verification,16,15,64,81.593,5.4395,0,4,0.0,0.2667
2025-03-21,Pune,Fulfillment,9,9,34,120.544,13.3938,0,1,0.0,0.1111
2025-03-21,Pune,Intake,6,6,17,8.42,1.4033,0,0,0.0,0.0
2025-03-21,Pune,Support,2,2,9,5.419,2.7095,0,0,0.0,0.0
2025-03-21,Pune,Verification,4,3,11,12.934,4.3113,0,0,0.0,0.0
2025-03-22,Bengaluru,Fulfillment,10,10,45,160.492,16.0492,0,1,0.0,0.1
2025-03-22,Bengaluru,Intake,4,3,11,5.946,1.982,0,0,0.0,0.0
2025-03-22,Bengaluru,Support,1,1,2,2.577,2.577,0,0,0.0,0.0
2025-03-22,Bengaluru,Verification,6,5,24,24.143,4.8286,0,0,0.0,0.0
2025-03-22,Delhi,Fulfillment,5,5,16,74.282,14.8564,0,1,0.0,0.2
2025-03-22,Delhi,Intake,3,3,10,6.721,2.2403,1,0,0.3333,0.0
2025-03-22,Delhi,Support,1,1,4,4.41,4.41,0,0,0.0,0.0
2025-03-22,Delhi,Verification,10,10,40,68.455,6.8455,1,4,0.1,0.4
2025-03-22,Mumbai,Fulfillment,12,12,46,166.96,13.9133,1,1,0.0833,0.0833
2025-03-22,Mumbai,Intake,5,5,18,11.157,2.2314,0,0,0.0,0.0
2025-03-22,Mumbai,Support,3,3,11,10.435,3.4783,0,0,0.0,0.0
2025-03-22,Mumbai,Verification,5,5,21,26.01,5.202,0,0,0.0,0.0
2025-03-22,Pune,Fulfillment,6,6,31,81.477,13.5795,0,0,0.0,0.0
2025-03-22,Pune,Intake,5,5,19,13.598,2.7196,0,1,0.0,0.2
2025-03-22,Pune,Support,1,1,2,8.517,8.517,0,1,0.0,1.0
2025-03-22,Pune,Verification,2,2,8,10.411,5.2055,0,0,0.0,0.0
2025-03-23,Bengaluru,Fulfillment,1,1,2,7.086,7.086,0,0,0.0,0.0
2025-03-23,Bengaluru,Intake,3,3,11,4.073,1.3577,1,0,0.3333,0.0
2025-03-23,Bengaluru,Support,2,1,7,2.829,2.829,0,0,0.0,0.0
2025-03-23,Bengaluru,Verification,6,6,24,33.698,5.6163,0,1,0.0,0.1667
2025-03-23,Delhi,Fulfillment,5,5,10,44.663,8.9326,0,0,0.0,0.0
2025-03-23,Delhi,Intake,2,2,9,9.072,4.536,0,1,0.0,0.5
2025-03-23,Delhi,Support,4,4,15,13.41,3.3525,0,1,0.0,0.25
2025-03-23,Delhi,Verification,3,3,9,31.615,10.5383,0,2,0.0,0.6667
2025-03-23,Mumbai,Fulfillment,8,8,24,148.545,18.5681,0,1,0.0,0.125
2025-03-23,Mumbai,Intake,4,3,14,7.973,2.6577,1,0,0.3333,0.0
2025-03-23,Mumbai,Support,1,1,3,3.9,3.9,0,0,0.0,0.0
2025-03-23,Mumbai,Verification,6,6,28,27.971,4.6618,1,1,0.1667,0.1667
2025-03-23,Pune,Fulfillment,3,3,12,38.182,12.7273,0,0,0.0,0.0
2025-03-23,Pune,Intake,1,1,2,0.827,0.827,0,0,0.0,0.0
2025-03-23,Pune,Support,1,1,4,1.667,1.667,0,0,0.0,0.0
2025-03-23,Pune,Verification,6,6,28,34.59,5.765,0,0,0.0,0.0
2025-03-24,Bengaluru,Fulfillment,7,7,26,111.883,15.9833,0,0,0.0,0.0
2025-03-24,Bengaluru,Intake,3,2,5,6.396,3.198,0,1,0.0,0.5
2025-03-24,Bengaluru,Support,5,5,14,16.604,3.3208,0,0,0.0,0.0
2025-03-24,Bengaluru,Verification,9,8,35,49.801,6.2251,0,3,0.0,0.375
2025-03-24,Delhi,Fulfillment,9,8,31,105.291,13.1614,0,1,0.0,0.125
2025-03-24,Delhi,Intake,17,17,72,37.367,2.1981,2,2,0.1176,0.1176
2025-03-24,Delhi,Support,2,2,10,10.627,5.3135,1,1,0.5,0.5
2025-03-24,Delhi,Verification,13,13,53,141.934,10.918,1,8,0.0769,0.6154
2025-03-24,Mumbai,Fulfillment,15,15,68,250.532,16.7021,0,1,0.0,0.0667
2025-03-24,Mumbai,Intake,27,25,105,52.153,2.0861,1,0,0.04,0.0
2025-03-24,Mumbai,Support,3,3,10,14.234,4.7447,0,0,0.0,0.0
2025-03-24,Mumbai,Verification,14,14,61,76.601,5.4715,0,1,0.0,0.0714
2025-03-24,Pune,Fulfillment,11,7,27,106.015,15.145,0,0,0.0,0.0
2025-03-24,Pune,Intake,10,10,28,20.335,2.0335,1,0,0.1,0.0
2025-03-24,Pune,Support,2,2,8,9.043,4.5215,0,0,0.0,0.0
2025-03-24,Pune,Verification,10,10,35,48.502,4.8502,0,1,0.0,0.1
2025-03-25,Bengaluru,Fulfillment,7,7,25,108.166,15.4523,1,1,0.1429,0.1429
2025-03-25,Bengaluru,Intake,9,8,33,14.371,1.7964,0,0,0.0,0.0
2025-03-25,Bengaluru,Support,1,1,2,2.261,2.261,0,0,0.0,0.0
2025-03-25,Bengaluru,Verification,12,10,41,60.81,6.081,0,2,0.0,0.2
2025-03-25,Delhi,Fulfillment,8,8,23,128.583,16.0729,1,2,0.125,0.25
2025-03-25,Delhi,Intake,11,9,41,19.155,2.1283,1,1,0.1111,0.1111
2025-03-25,Delhi,Support,3,3,11,6.567,2.189,0,0,0.0,0.0
2025-03-25,Delhi,Verification,14,14,47,135.091,9.6494,1,8,0.0714,0.5714
2025-03-25,Mumbai,Fulfillment,19,19,77,304.503,16.0265,1,3,0.0526,0.1579
2025-03-25,Mumbai,Intake,14,13,55,29.189,2.2453,0,1,0.0,0.0769
2025-03-25,Mumbai,Support,8,8,28,31.445,3.9306,0,1,0.0,0.125
2025-03-25,Mumbai,Verification,21,21,102,106.054,5.0502,0,3,0.0,0.1429
2025-03-25,Pune,Fulfillment,7,6,26,70.238,11.7063,1,0,0.1667,0.0
2025-03-25,Pune,Intake,11,11,43,17.266,1.5696,0,1,0.0,0.0909
2025-03-25,Pune,Support,1,1,5,5.383,5.383,0,0,0.0,0.0
2025-03-25,Pune,Verification,8,7,24,38.992,5.5703,0,1,0.0,0.1429
2025-03-26,Bengaluru,Fulfillment,10,8,25,119.894,14.9868,0,1,0.0,0.125
2025-03-26,Bengaluru,Intake,7,7,32,15.337,2.191,0,1,0.0,0.1429
2025-03-26,Bengaluru,Support,3,3,12,7.164,2.388,0,0,0.0,0.0
2025-03-26,Bengaluru,Verification,5,5,25,24.201,4.8402,0,1,0.0,0.2
2025-03-26,Delhi,Fulfillment,4,4,9,53.794,13.4485,0,0,0.0,0.0
2025-03-26,Delhi,Intake,10,10,37,16.922,1.6922,0,0,0.0,0.0
2025-03-26,Delhi,Support,3,3,9,15.936,5.312,0,0,0.0,0.0
2025-03-26,Delhi,Verification,2,2,7,15.044,7.522,0,1,0.0,0.5
2025-03-26,Mumbai,Fulfillment,13,12,50,162.647,13.5539,0,0,0.0,0.0
2025-03-26,Mumbai,Intake,15,14,58,30.796,2.1997,2,1,0.1429,0.0714
2025-03-26,Mumbai,Support,3,3,6,8.704,2.9013,0,0,0.0,0.0
2025-03-26,Mumbai,Verification,11,11,46,60.376,5.4887,1,2,0.0909,0.1818
2025-03-26,Pune,Fulfillment,7,7,26,102.203,14.6004,0,0,0.0,0.0
2025-03-26,Pune,Intake,3,3,9,3.713,1.2377,0,0,0.0,0.0
2025-03-26,Pune,Support,3,3,11,7.011,2.337,0,0,0.0,0.0
2025-03-26,Pune,Verification,6,6,15,29.018,4.8363,0,0,0.0,0.0
2025-03-27,Bengaluru,Fulfillment,3,2,8,21.134,10.567,0,0,0.0,0.0
2025-03-27,Bengaluru,Intake,4,4,22,7.355,1.8388,0,0,0.0,0.0
2025-03-27,Bengaluru,Support,1,1,3,3.583,3.583,0,0,0.0,0.0
2025-03-27,Bengaluru,Verification,7,6,19,29.434,4.9057,0,1,0.0,0.1667
2025-03-27,Delhi,Fulfillment,9,9,49,125.348,13.9276,1,1,0.1111,0.1111
2025-03-27,Delhi,Intake,12,10,51,19.292,1.9292,1,1,0.1,0.1
2025-03-27,Delhi,Support,2,2,7,5.682,2.841,0,0,0.0,0.0
2025-03-27,Delhi,Verification,7,7,24,66.007,9.4296,0,4,0.0,0.5714
2025-03-27,Mumbai,Fulfillment,12,11,44,142.013,12.9103,0,1,0.0,0.0909
2025-03-27,Mumbai,Intake,21,21,79,47.049,2.2404,1,2,0.0476,0.0952
2025-03-27,Mumbai,Support,4,4,21,12.343,3.0858,0,0,0.0,0.0
2025-03-27,Mumbai,Verification,7,6,19,42.905,7.1508,0,2,0.0,0.3333
2025-03-27,Pune,Fulfillment,7,7,37,94.634,13.5191,0,1,0.0,0.1429
2025-03-27,Pune,Intake,2,2,6,3.035,1.5175,0,0,0.0,0.0
2025-03-27,Pune,Verification,7,7,28,36.247,5.1781,0,1,0.0,0.1429
2025-03-28,Bengaluru,Fulfillment,6,5,21,71.431,14.2862,0,0,0.0,0.0
2025-03-28,Bengaluru,Intake,5,5,19,11.034,2.2068,0,0,0.0,0.0
2025-03-28,Bengaluru,Support,4,4,15,20.382,5.0955,0,2,0.0,0.5
2025-03-28,Bengaluru,Verification,8,8,36,52.494,6.5618,1,2,0.125,0.25
2025-03-28,Delhi,Fulfillment,8,8,36,110.591,13.8239,0,1,0.0,0.125
2025-03-28,Delhi,Intake,13,12,50,30.805,2.5671,0,1,0.0,0.0833
2025-03-28,Delhi,Support,4,4,17,12.222,3.0555,0,0,0.0,0.0
2025-03-28,Delhi,Verification,9,9,36,77.141,8.5712,1,6,0.1111,0.6667
2025-03-28,Mumbai,Fulfillment,10,9,34,163.171,18.1301,0,2,0.0,0.2222
2025-03-28,Mumbai,Intake,8,8,36,15.869,1.9836,0,0,0.0,0.0
2025-03-28,Mumbai,Support,5,5,25,16.655,3.331,1,1,0.2,0.2
2025-03-28,Mumbai,Verification,13,12,41,47.483,3.9569,0,0,0.0,0.0
2025-03-28,Pune,Fulfillment,5,5,21,75.077,15.0154,0,0,0.0,0.0
2025-03-28,Pune,Intake,9,9,33,18.736,2.0818,0,1,0.0,0.1111
2025-03-28,Pune,Verification,7,7,25,27.137,3.8767,0,0,0.0,0.0
2025-03-29,Bengaluru,Fulfillment,4,4,16,50.919,12.7298,1,0,0.25,0.0
2025-03-29,Bengaluru,Intake,1,1,4,7.839,7.839,0,1,0.0,1.0
2025-03-29,Bengaluru,Support,1,1,3,7.283,7.283,0,1,0.0,1.0
2025-03-29,Bengaluru,Verification,3,3,12,8.705,2.9017,0,0,0.0,0.0
2025-03-29,Delhi,Fulfillment,3,2,7,35.391,17.6955,0,1,0.0,0.5
2025-03-29,Delhi,Intake,8,7,28,11.863,1.6947,0,0,0.0,0.0
2025-03-29,Delhi,Support,1,0,0,0.0,,0,0,,
2025-03-29,Delhi,Verification,3,3,12,25.842,8.614,0,1,0.0,0.3333
2025-03-29,Mumbai,Fulfillment,9,9,38,119.584,13.2871,0,1,0.0,0.1111
2025-03-29,Mumbai,Intake,4,4,16,9.448,2.362,0,0,0.0,0.0
2025-03-29,Mumbai,Support,2,1,4,2.097,2.097,0,0,0.0,0.0
2025-03-29,Mumbai,Verification,9,8,34,39.135,4.8919,0,1,0.0,0.125
2025-03-29,Pune,Fulfillment,6,5,24,59.448,11.8896,1,0,0.2,0.0
2025-03-29,Pune,Intake,3,3,8,5.267,1.7557,0,0,0.0,0.0
2025-03-29,Pune,Support,2,2,7,9.45,4.725,0,0,0.0,0.0
2025-03-29,Pune,Verification,4,3,12,9.154,3.0513,0,0,0.0,0.0
2025-03-30,Bengaluru,Fulfillment,4,4,14,58.93,14.7325,0,1,0.0,0.25
2025-03-30,Bengaluru,Intake,3,3,8,5.597,1.8657,0,0,0.0,0.0
2025-03-30,Bengaluru,Support,1,1,1,3.068,3.068,0,0,0.0,0.0
2025-03-30,Bengaluru,Verification,2,2,8,10.279,5.1395,1,0,0.5,0.0
2025-03-30,Delhi,Fulfillment,3,3,10,35.71,11.9033,0,0,0.0,0.0
2025-03-30,Delhi,Intake,9,7,27,14.266,2.038,0,0,0.0,0.0
2025-03-30,Delhi,Support,1,1,4,2.404,2.404,0,0,0.0,0.0
2025-03-30,Delhi,Verification,5,5,17,39.119,7.8238,0,2,0.0,0.4
2025-03-30,Mumbai,Fulfillment,5,5,15,81.076,16.2152,0,1,0.0,0.2
2025-03-30,Mumbai,Intake,5,5,26,11.782,2.3564,0,0,0.0,0.0
2025-03-30,Mumbai,Verification,10,10,45,46.647,4.6647,1,0,0.1,0.0
2025-03-30,Pune,Fulfillment,2,1,1,8.393,8.393,0,0,0.0,0.0
2025-03-30,Pune,Intake,7,7,26,10.51,1.5014,0,0,0.0,0.0
2025-03-30,Pune,Verification,2,2,9,10.492,5.246,0,0,0.0,0.0
2025-03-31,Bengaluru,Fulfillment,8,7,36,122.116,17.4451,0,1,0.0,0.1429
2025-03-31,Bengaluru,Intake,9,9,31,17.567,1.9519,0,0,0.0,0.0
2025-03-31,Bengaluru,Support,6,6,21,24.677,4.1128,0,1,0.0,0.1667
2025-03-31,Bengaluru,Verification,10,9,32,48.162,5.3513,0,0,0.0,0.0
2025-03-31,Delhi,Fulfillment,9,9,40,109.243,12.1381,0,0,0.0,0.0
2025-03-31,Delhi,Intake,10,10,37,29.321,2.9321,1,1,0.1,0.1
2025-03-31,Delhi,Support,1,1,3,2.092,2.092,0,0,0.0,0.0
2025-03-31,Delhi,Verification,15,13,60,110.035,8.4642,1,3,0.0769,0.2308
2025-03-31,Mumbai,Fulfillment,11,9,34,121.899,13.5443,0,0,0.0,0.0
2025-03-31,Mumbai,Intake,12,12,41,30.456,2.538,0,1,0.0,0.0833
2025-03-31,Mumbai,Support,1,1,6,4.8,4.8,0,0,0.0,0.0
2025-03-31,Mumbai,Verification,12,12,50,70.636,5.8863,0,2,0.0,0.1667
2025-03-31,Pune,Fulfillment,7,7,20,116.201,16.6001,0,1,0.0,0.1429
2025-03-31,Pune,Intake,7,7,31,17.416,2.488,0,0,0.0,0.0
2025-03-31,Pune,Support,4,4,18,8.692,2.173,0,0,0.0,0.0
2025-03-31,Pune,Verification,10,9,35,39.307,4.3674,0,0,0.0,0.0
2025-04-01,Bengaluru,Fulfillment,3,2,10,21.889,10.9445,0,0,0.0,0.0
2025-04-01,Bengaluru,Intake,11,10,33,18.902,1.8902,1,0,0.1,0.0
2025-04-01,Bengaluru,Support,5,5,18,15.382,3.0764,0,0,0.0,0.0
2025-04-01,Bengaluru,Verification,4,4,16,22.345,5.5862,0,1,0.0,0.25
2025-04-01,Delhi,Fulfillment,9,8,27,160.953,20.1191,0,2,0.0,0.25
2025-04-01,Delhi,Intake,6,6,17,13.114,2.1857,0,0,0.0,0.0
2025-04-01,Delhi,Support,3,3,10,8.867,2.9557,0,0,0.0,0.0
2025-04-01,Delhi,Verification,14,14,62,123.753,8.8395,1,6,0.0714,0.4286
2025-04-01,Mumbai,Fulfillment,12,12,45,177.971,14.8309,0,1,0.0,0.0833
2025-04-01,Mumbai,Intake,10,9,25,19.324,2.1471,0,0,0.0,0.0
2025-04-01,Mumbai,Support,2,2,8,5.973,2.9865,0,0,0.0,0.0
2025-04-01,Mumbai,Verification,10,10,36,53.981,5.3981,0,1,0.0,0.1
2025-04-01,Pune,Fulfillment,7,7,28,64.602,9.2289,0,0,0.0,0.0
2025-04-01,Pune,Intake,6,6,29,13.699,2.2832,1,1,0.1667,0.1667
2025-04-01,Pune,Support,4,4,14,15.428,3.857,0,1,0.0,0.25
2025-04-01,Pune,Verification,8,8,38,30.003,3.7504,0,0,0.0,0.0
2025-04-02,Bengaluru,Fulfillment,6,6,29,69.503,11.5838,1,0,0.1667,0.0
2025-04-02,Bengaluru,Intake,4,4,15,6.71,1.6775,0,0,0.0,0.0
2025-04-02,Bengaluru,Support,3,3,9,15.121,5.0403,0,1,0.0,0.3333
2025-04-02,Bengaluru,Verification,9,8,34,36.253,4.5316,0,0,0.0,0.0
2025-04-02,Delhi,Fulfillment,8,6,25,77.475,12.9125,0,0,0.0,0.0
2025-04-02,Delhi,Intake,7,7,21,13.438,1.9197,0,0,0.0,0.0
2025-04-02,Delhi,Support,5,5,19,23.884,4.7768,0,1,0.0,0.2
2025-04-02,Delhi,Verification,15,15,59,123.834,8.2556,1,9,0.0667,0.6
2025-04-02,Mumbai,Fulfillment,20,20,81,287.546,14.3773,2,2,0.1,0.1
2025-04-02,Mumbai,Intake,13,12,52,26.787,2.2322,0,0,0.0,0.0
2025-04-02,Mumbai,Support,3,3,11,9.348,3.116,0,0,0.0,0.0
2025-04-02,Mumbai,Verification,13,11,40,44.17,4.0155,0,0,0.0,0.0
2025-04-02,Pune,Fulfillment,8,8,31,68.012,8.5015,0,0,0.0,0.0
2025-04-02,Pune,Intake,7,7,28,9.277,1.3253,0,0,0.0,0.0
2025-04-02,Pune,Verification,6,4,16,17.248,4.312,1,0,0.25,0.0
2025-04-03,Bengaluru,Fulfillment,9,9,34,104.808,11.6453,0,0,0.0,0.0
2025-04-03,Bengaluru,Intake,11,11,48,27.216,2.4742,0,1,0.0,0.0909
2025-04-03,Bengaluru,Support,4,4,14,19.61,4.9025,0,1,0.0,0.25
2025-04-03,Bengaluru,Verification,7,7,29,30.562,4.366,0,0,0.0,0.0
2025-04-03,Delhi,Fulfillment,6,6,31,96.268,16.0447,1,1,0.1667,0.1667
2025-04-03,Delhi,Intake,11,11,35,23.811,2.1646,1,0,0.0909,0.0
2025-04-03,Delhi,Support,5,5,18,17.576,3.5152,0,0,0.0,0.0
2025-04-03,Delhi,Verification,6,6,17,34.716,5.786,0,2,0.0,0.3333
2025-04-03,Mumbai,Fulfillment,10,10,35,137.894,13.7894,0,1,0.0,0.1
2025-04-03,Mumbai,Intake,7,7,32,14.726,2.1037,0,0,0.0,0.0
2025-04-03,Mumbai,Support,1,1,6,2.94,2.94,0,0,0.0,0.0
2025-04-03,Mumbai,Verification,11,10,44,43.316,4.3316,0,0,0.0,0.0
2025-04-03,Pune,Fulfillment,7,7,26,80.205,11.4579,0,0,0.0,0.0
2025-04-03,Pune,Intake,7,7,22,12.297,1.7567,0,0,0.0,0.0
2025-04-03,Pune,Support,1,1,6,5.487,5.487,0,0,0.0,0.0
2025-04-03,Pune,Verification,7,7,35,32.995,4.7136,0,1,0.0,0.1429
2025-04-04,Bengaluru,Fulfillment,10,10,41,124.538,12.4538,1,0,0.1,0.0
2025-04-04,Bengaluru,Intake,5,5,18,7.999,1.5998,0,0,0.0,0.0
2025-04-04,Bengaluru,Support,3,3,7,7.45,2.4833,0,0,0.0,0.0
2025-04-04,Bengaluru,Verification,10,9,31,57.33,6.37,0,3,0.0,0.3333
2025-04-04,Delhi,Fulfillment,10,9,28,128.702,14.3002,0,1,0.0,0.1111
2025-04-04,Delhi,Intake,8,7,20,17.543,2.5061,0,1,0.0,0.1429
2025-04-04,Delhi,Support,3,3,10,6.785,2.2617,0,0,0.0,0.0
2025-04-04,Delhi,Verification,8,8,24,65.761,8.2201,1,3,0.125,0.375
2025-04-04,Mumbai,Fulfillment,10,10,49,174.686,17.4686,1,2,0.1,0.2
2025-04-04,Mumbai,Intake,13,12,48,30.517,2.5431,0,3,0.0,0.25
2025-04-04,Mumbai,Support,2,2,8,8.687,4.3435,0,0,0.0,0.0
2025-04-04,Mumbai,Verification,11,11,51,55.891,5.081,0,1,0.0,0.0909
2025-04-04,Pune,Fulfillment,4,4,19,34.217,8.5542,0,0,0.0,0.0
2025-04-04,Pune,Intake,7,7,28,10.355,1.4793,0,0,0.0,0.0
2025-04-04,Pune,Support,4,4,19,22.935,5.7338,0,1,0.0,0.25
2025-04-04,Pune,Verification,14,14,63,66.658,4.7613,0,2,0.0,0.1429
2025-04-05,Bengaluru,Fulfillment,6,6,19,91.787,15.2978,0,1,0.0,0.1667
2025-04-05,Bengaluru,Intake,3,3,12,5.87,1.9567,0,0,0.0,0.0
2025-04-05,Bengaluru,Verification,5,5,19,20.887,4.1774,0,0,0.0,0.0
2025-04-05,Delhi,Fulfillment,4,4,12,59.288,14.822,0,0,0.0,0.0
2025-04-05,Delhi,Intake,1,1,4,1.103,1.103,0,0,0.0,0.0
2025-04-05,Delhi,Support,2,2,4,5.296,2.648,0,0,0.0,0.0
2025-04-05,Delhi,Verification,8,8,31,54.248,6.781,0,3,0.0,0.375
2025-04-05,Mumbai,Fulfillment,4,4,21,43.521,10.8802,1,0,0.25,0.0
2025-04-05,Mumbai,Intake,14,14,65,31.096,2.2211,0,1,0.0,0.0714
2025-04-05,Mumbai,Support,4,3,11,8.581,2.8603,0,0,0.0,0.0
2025-04-05,Mumbai,Verification,6,6,23,34.931,5.8218,0,1,0.0,0.1667
2025-04-05,Pune,Fulfillment,4,4,14,34.839,8.7098,0,0,0.0,0.0
2025-04-05,Pune,Verification,1,1,6,3.467,3.467,0,0,0.0,0.0
2025-04-06,Bengaluru,Intake,2,1,4,1.109,1.109,0,0,0.0,0.0
2025-04-06,Bengaluru,Verification,2,2,4,12.086,6.043,0,0,0.0,0.0
2025-04-06,Delhi,Fulfillment,4,4,18,62.249,15.5622,0,1,0.0,0.25
2025-04-06,Delhi,Intake,3,2,12,2.484,1.242,0,0,0.0,0.0
2025-04-06,Delhi,Support,2,2,8,7.807,3.9035,0,0,0.0,0.0
2025-04-06,Delhi,Verification,13,12,53,97.47,8.1225,1,5,0.0833,0.4167
2025-04-06,Mumbai,Fulfillment,7,6,23,119.792,19.9653,0,1,0.0,0.1667
2025-04-06,Mumbai,Intake,12,11,31,19.217,1.747,1,0,0.0909,0.0
2025-04-06,Mumbai,Support,1,1,4,3.026,3.026,0,0,0.0,0.0
2025-04-06,Mumbai,Verification,9,8,27,38.737,4.8421,0,1,0.0,0.125
2025-04-06,Pune,Fulfillment,7,7,27,71.74,10.2486,0,0,0.0,0.0
2025-04-06,Pune,Intake,3,3,11,7.182,2.394,0,1,0.0,0.3333
2025-04-06,Pune,Support,4,4,18,12.696,3.174,0,0,0.0,0.0
2025-04-06,Pune,Verification,2,2,9,8.357,4.1785,0,0,0.0,0.0
2025-04-07,Bengaluru,Fulfillment,7,5,22,65.744,13.1488,0,0,0.0,0.0
2025-04-07,Bengaluru,Intake,6,6,27,8.127,1.3545,0,0,0.0,0.0
2025-04-07,Bengaluru,Support,6,6,12,21.335,3.5558,0,0,0.0,0.0
2025-04-07,Bengaluru,Verification,7,7,31,36.51,5.2157,0,0,0.0,0.0
2025-04-07,Delhi,Fulfillment,11,10,45,163.953,16.3953,0,2,0.0,0.2
2025-04-07,Delhi,Intake,6,6,19,14.588,2.4313,0,1,0.0,0.1667
2025-04-07,Delhi,Support,2,2,7,6.157,3.0785,0,0,0.0,0.0
2025-04-07,Delhi,Verification,9,9,34,103.985,11.5539,1,8,0.1111,0.8889
2025-04-07,Mumbai,Fulfillment,19,18,74,297.255,16.5142,0,3,0.0,0.1667
2025-04-07,Mumbai,Intake,25,25,105,59.935,2.3974,2,2,0.08,0.08
2025-04-07,Mumbai,Support,5,4,14,32.668,8.167,1,2,0.25,0.5
2025-04-07,Mumbai,Verification,10,8,33,42.136,5.267,0,2,0.0,0.25
2025-04-07,Pune,Fulfillment,7,7,33,85.026,12.1466,0,0,0.0,0.0
2025-04-07,Pune,Intake,7,7,30,11.237,1.6053,0,0,0.0,0.0
2025-04-07,Pune,Support,3,3,15,12.849,4.283,0,0,0.0,0.0
2025-04-07,Pune,Verification,10,10,36,56.246,5.6246,0,0,0.0,0.0
2025-04-08,Bengaluru,Fulfillment,7,7,34,135.122,19.3031,0,2,0.0,0.2857
2025-04-08,Bengaluru,Intake,6,5,19,9.015,1.803,0,0,0.0,0.0
2025-04-08,Bengaluru,Support,4,4,21,11.231,2.8078,0,0,0.0,0.0
2025-04-08,Bengaluru,Verification,7,7,24,34.565,4.9379,0,0,0.0,0.0
2025-04-08,Delhi,Fulfillment,11,11,53,145.428,13.2207,0,1,0.0,0.0909
2025-04-08,Delhi,Intake,7,6,22,13.102,2.1837,0,1,0.0,0.1667
2025-04-08,Delhi,Support,1,1,5,2.29,2.29,0,0,0.0,0.0
2025-04-08,Delhi,Verification,10,9,34,72.477,8.053,0,3,0.0,0.3333
2025-04-08,Mumbai,Fulfillment,10,9,37,135.758,15.0842,1,1,0.1111,0.1111
2025-04-08,Mumbai,Intake,12,12,49,21.57,1.7975,0,0,0.0,0.0
2025-04-08,Mumbai,Support,10,9,38,36.483,4.0537,0,2,0.0,0.2222
2025-04-08,Mumbai,Verification,18,18,61,79.808,4.4338,1,2,0.0556,0.1111
2025-04-08,Pune,Fulfillment,2,2,3,33.274,16.637,0,0,0.0,0.0
2025-04-08,Pune,Intake,11,11,48,25.827,2.3479,0,1,0.0,0.0909
2025-04-08,Pune,Support,2,2,8,4.25,2.125,0,0,0.0,0.0
2025-04-08,Pune,Verification,6,6,19,28.484,4.7473,0,0,0.0,0.0
2025-04-09,Bengaluru,Fulfillment,7,7,29,74.649,10.6641,0,0,0.0,0.0
2025-04-09,Bengaluru,Intake,4,4,14,13.073,3.2682,0,1,0.0,0.25
2025-04-09,Bengaluru,Support,5,5,15,17.247,3.4494,0,1,0.0,0.2
2025-04-09,Bengaluru,Verification,5,5,18,26.044,5.2088,0,1,0.0,0.2
2025-04-09,Delhi,Fulfillment,9,8,35,125.773,15.7216,0,1,0.0,0.125
2025-04-09,Delhi,Intake,10,9,37,18.49,2.0544,0,1,0.0,0.1111
2025-04-09,Delhi,Support,2,2,12,5.967,2.9835,0,0,0.0,0.0
2025-04-09,Delhi,Verification,11,11,43,65.542,5.9584,0,1,0.0,0.0909
2025-04-09,Mumbai,Fulfillment,10,10,44,133.399,13.3399,0,1,0.0,0.1
2025-04-09,Mumbai,Intake,16,14,65,27.184,1.9417,0,0,0.0,0.0
2025-04-09,Mumbai,Support,5,5,16,18.779,3.7558,0,1,0.0,0.2
2025-04-09,Mumbai,Verification,17,15,59,77.724,5.1816,0,2,0.0,0.1333
2025-04-09,Pune,Fulfillment,6,6,15,79.152,13.192,0,0,0.0,0.0
2025-04-09,Pune,Intake,9,8,32,11.478,1.4348,0,0,0.0,0.0
2025-04-09,Pune,Support,1,1,4,2.117,2.117,0,0,0.0,0.0
2025-04-09,Pune,Verification,7,7,25,33.912,4.8446,0,0,0.0,0.0
2025-04-10,Bengaluru,Fulfillment,9,9,28,149.895,16.655,0,2,0.0,0.2222
2025-04-10,Bengaluru,Intake,4,3,11,5.605,1.8683,0,0,0.0,0.0
2025-04-10,Bengaluru,Support,1,1,3,7.591,7.591,0,1,0.0,1.0
2025-04-10,Bengaluru,Verification,8,7,26,29.06,4.1514,1,0,0.1429,0.0
2025-04-10,Delhi,Fulfillment,6,6,16,71.014,11.8357,0,0,0.0,0.0
2025-04-10,Delhi,Intake,6,5,21,8.076,1.6152,0,0,0.0,0.0
2025-04-10,Delhi,Support,4,4,18,15.687,3.9218,1,0,0.25,0.0
2025-04-10,Delhi,Verification,13,13,50,65.829,5.0638,1,2,0.0769,0.1538
2025-04-10,Mumbai,Fulfillment,6,6,28,82.098,13.683,0,0,0.0,0.0
2025-04-10,Mumbai,Intake,9,9,38,19.023,2.1137,0,0,0.0,0.0
2025-04-10,Mumbai,Support,5,5,19,25.787,5.1574,1,2,0.2,0.4
2025-04-10,Mumbai,Verification,12,12,45,60.195,5.0162,1,0,0.0833,0.0
2025-04-10,Pune,Fulfillment,9,9,39,168.48,18.72,0,2,0.0,0.2222
2025-04-10,Pune,Intake,7,7,22,9.541,1.363,2,0,0.2857,0.0
2025-04-10,Pune,Verification,8,8,35,40.621,5.0776,0,1,0.0,0.125
2025-04-11,Bengaluru,Fulfillment,7,6,22,94.258,15.7097,0,1,0.0,0.1667
2025-04-11,Bengaluru,Intake,4,4,13,8.044,2.011,0,0,0.0,0.0
2025-04-11,Bengaluru,Support,1,1,5,4.241,4.241,0,0,0.0,0.0
2025-04-11,Bengaluru,Verification,6,6,22,29.585,4.9308,0,0,0.0,0.0
2025-04-11,Delhi,Fulfillment,17,17,74,268.737,15.8081,1,2,0.0588,0.1176
2025-04-11,Delhi,Intake,9,8,31,17.456,2.182,1,0,0.125,0.0
2025-04-11,Delhi,Support,2,2,4,3.494,1.747,1,0,0.5,0.0
2025-04-11,Delhi,Verification,11,11,36,101.261,9.2055,0,6,0.0,0.5455
2025-04-11,Mumbai,Fulfillment,14,13,68,209.417,16.109,0,2,0.0,0.1538
2025-04-11,Mumbai,Intake,16,15,57,29.823,1.9882,0,0,0.0,0.0
2025-04-11,Mumbai,Support,5,5,24,14.947,2.9894,0,0,0.0,0.0
2025-04-11,Mumbai,Verification,15,15,44,101.161,6.7441,2,5,0.1333,0.3333
2025-04-11,Pune,Fulfillment,5,5,18,68.873,13.7746,0,0,0.0,0.0
2025-04-11,Pune,Intake,9,9,33,15.442,1.7158,0,0,0.0,0.0
2025-04-11,Pune,Support,6,6,22,16.006,2.6677,0,0,0.0,0.0
2025-04-11,Pune,Verification,9,7,26,34.914,4.9877,0,0,0.0,0.0
2025-04-12,Bengaluru,Fulfillment,7,7,28,118.927,16.9896,0,2,0.0,0.2857
2025-04-12,Bengaluru,Intake,4,4,11,6.722,1.6805,0,0,0.0,0.0
2025-04-12,Bengaluru,Support,2,2,9,7.841,3.9205,0,0,0.0,0.0
2025-04-12,Bengaluru,Verification,2,2,11,6.823,3.4115,0,0,0.0,0.0
2025-04-12,Delhi,Fulfillment,9,9,42,112.694,12.5216,1,0,0.1111,0.0
2025-04-12,Delhi,Intake,9,7,23,13.332,1.9046,0,0,0.0,0.0
2025-04-12,Delhi,Verification,5,5,26,33.347,6.6694,0,1,0.0,0.2
2025-04-12,Mumbai,Fulfillment,3,3,13,32.867,10.9557,0,0,0.0,0.0
2025-04-12,Mumbai,Intake,4,4,15,8.88,2.22,1,0,0.25,0.0
2025-04-12,Mumbai,Support,2,2,8,7.338,3.669,0,0,0.0,0.0
2025-04-12,Mumbai,Verification,13,11,42,42.694,3.8813,0,0,0.0,0.0
2025-04-12,Pune,Fulfillment,4,4,15,48.437,12.1092,0,0,0.0,0.0
2025-04-12,Pune,Intake,3,3,18,5.899,1.9663,0,0,0.0,0.0
2025-04-12,Pune,Support,1,1,5,4.082,4.082,0,0,0.0,0.0
2025-04-12,Pune,Verification,4,4,18,18.987,4.7468,0,0,0.0,0.0
2025-04-13,Bengaluru,Fulfillment,2,2,8,38.993,19.4965,0,0,0.0,0.0
2025-04-13,Bengaluru,Intake,3,3,12,5.74,1.9133,0,0,0.0,0.0
2025-04-13,Bengaluru,Support,5,5,18,14.382,2.8764,0,0,0.0,0.0
2025-04-13,Bengaluru,Verification,3,3,9,20.306,6.7687,0,1,0.0,0.3333
2025-04-13,Delhi,Fulfillment,1,1,5,10.241,10.241,0,0,0.0,0.0
2025-04-13,Delhi,Intake,4,4,22,6.205,1.5512,0,0,0.0,0.0
2025-04-13,Delhi,Support,1,1,2,2.721,2.721,0,0,0.0,0.0
2025-04-13,Mumbai,Fulfillment,5,5,15,64.118,12.8236,0,0,0.0,0.0
2025-04-13,Mumbai,Intake,11,11,44,21.219,1.929,0,1,0.0,0.0909
2025-04-13,Mumbai,Verification,7,7,37,34.505,4.9293,0,0,0.0,0.0
2025-04-13,Pune,Fulfillment,5,5,25,72.999,14.5998,1,0,0.2,0.0
2025-04-13,Pune,Intake,2,1,4,1.883,1.883,0,0,0.0,0.0
2025-04-13,Pune,Support,2,2,7,5.974,2.987,0,0,0.0,0.0
2025-04-13,Pune,Verification,3,3,11,18.854,6.2847,0,1,0.0,0.3333
2025-04-14,Bengaluru,Fulfillment,7,6,26,101.644,16.9407,0,1,0.0,0.1667
2025-04-14,Bengaluru,Intake,8,8,37,15.467,1.9334,0,0,0.0,0.0
2025-04-14,Bengaluru,Support,5,4,13,19.263,4.8158,1,1,0.25,0.25
2025-04-14,Bengaluru,Verification,10,10,49,56.945,5.6945,0,1,0.0,0.1
2025-04-14,Delhi,Fulfillment,13,12,58,153.421,12.7851,0,1,0.0,0.0833
2025-04-14,Delhi,Intake,10,10,35,24.496,2.4496,0,1,0.0,0.1
2025-04-14,Delhi,Support,3,3,21,9.496,3.1653,0,0,0.0,0.0
2025-04-14,Delhi,Verification,13,13,53,149.36,11.4892,1,10,0.0769,0.7692
2025-04-14,Mumbai,Fulfillment,12,12,53,210.353,17.5294,0,3,0.0,0.25
2025-04-14,Mumbai,Intake,13,13,67,25.801,1.9847,0,0,0.0,0.0
2025-04-14,Mumbai,Support,8,7,29,20.563,2.9376,0,1,0.0,0.1429
2025-04-14,Mumbai,Verification,14,14,56,104.096,7.4354,0,6,0.0,0.4286
2025-04-14,Pune,Fulfillment,5,5,16,80.716,16.1432,0,1,0.0,0.2
2025-04-14,Pune,Intake,12,12,51,25.021,2.0851,2,1,0.1667,0.0833
2025-04-14,Pune,Support,4,4,12,11.694,2.9235,0,0,0.0,0.0
2025-04-14,Pune,Verification,15,15,62,95.647,6.3765,0,5,0.0,0.3333
2025-04-15,Bengaluru,Fulfillment,9,9,41,106.399,11.8221,1,0,0.1111,0.0
2025-04-15,Bengaluru,Intake,4,4,13,11.957,2.9892,0,1,0.0,0.25
2025-04-15,Bengaluru,Support,1,0,0,0.0,,0,0,,
2025-04-15,Bengaluru,Verification,9,9,29,41.0,4.5556,1,0,0.1111,0.0
2025-04-15,Delhi,Fulfillment,6,6,23,76.14,12.69,0,0,0.0,0.0
2025-04-15,Delhi,Intake,11,11,48,23.924,2.1749,0,1,0.0,0.0909
2025-04-15,Delhi,Support,3,3,8,10.0,3.3333,1,0,0.3333,0.0
2025-04-15,Delhi,Verification,12,12,43,78.668,6.5557,0,3,0.0,0.25
2025-04-15,Mumbai,Fulfillment,9,8,38,112.059,14.0074,1,0,0.125,0.0
2025-04-15,Mumbai,Intake,15,14,67,34.532,2.4666,3,2,0.2143,0.1429
2025-04-15,Mumbai,Support,3,3,10,12.584,4.1947,0,0,0.0,0.0
2025-04-15,Mumbai,Verification,21,18,75,105.951,5.8862,0,4,0.0,0.2222
2025-04-15,Pune,Fulfillment,8,8,24,126.024,15.753,1,1,0.125,0.125
2025-04-15,Pune,Intake,11,10,37,16.709,1.6709,0,0,0.0,0.0
2025-04-15,Pune,Support,3,3,9,5.917,1.9723,0,0,0.0,0.0
2025-04-15,Pune,Verification,11,10,32,47.263,4.7263,0,0,0.0,0.0
2025-04-16,Bengaluru,Fulfillment,3,3,13,54.136,18.0453,0,1,0.0,0.3333
2025-04-16,Bengaluru,Intake,9,9,33,18.533,2.0592,0,0,0.0,0.0
2025-04-16,Bengaluru,Support,1,1,5,5.144,5.144,0,0,0.0,0.0
2025-04-16,Bengaluru,Verification,10,9,41,33.356,3.7062,0,0,0.0,0.0
2025-04-16,Delhi,Fulfillment,6,6,23,90.484,15.0807,0,1,0.0,0.1667
2025-04-16,Delhi,Intake,11,11,38,23.965,2.1786,0,1,0.0,0.0909
2025-04-16,Delhi,Support,2,2,5,14.264,7.132,0,1,0.0,0.5
2025-04-16,Delhi,Verification,10,10,37,56.351,5.6351,0,2,0.0,0.2
2025-04-16,Mumbai,Fulfillment,8,7,25,82.236,11.748,0,0,0.0,0.0
2025-04-16,Mumbai,Intake,18,18,66,36.996,2.0553,0,1,0.0,0.0556
2025-04-16,Mumbai,Support,5,5,17,18.538,3.7076,1,1,0.2,0.2
2025-04-16,Mumbai,Verification,11,11,47,54.899,4.9908,1,1,0.0909,0.0909
2025-04-16,Pune,Fulfillment,8,8,32,74.867,9.3584,0,0,0.0,0.0
2025-04-16,Pune,Intake,7,6,16,10.175,1.6958,0,0,0.0,0.0
2025-04-16,Pune,Support,2,1,5,2.957,2.957,1,0,1.0,0.0
2025-04-16,Pune,Verification,6,6,18,27.311,4.5518,1,0,0.1667,0.0
2025-04-17,Bengaluru,Fulfillment,6,5,18,59.499,11.8998,0,0,0.0,0.0
2025-04-17,Bengaluru,Intake,6,4,15,6.507,1.6268,0,0,0.0,0.0
2025-04-17,Bengaluru,Verification,8,8,32,50.914,6.3642,1,3,0.125,0.375
2025-04-17,Delhi,Fulfillment,9,8,26,75.288,9.411,0,0,0.0,0.0
2025-04-17,Delhi,Intake,7,7,24,13.589,1.9413,0,1,0.0,0.1429
2025-04-17,Delhi,Support,4,3,10,23.09,7.6967,0,2,0.0,0.6667
2025-04-17,Delhi,Verification,12,11,42,104.419,9.4926,0,5,0.0,0.4545
2025-04-17,Mumbai,Fulfillment,17,15,61,234.965,15.6643,0,2,0.0,0.1333
2025-04-17,Mumbai,Intake,16,16,59,33.375,2.0859,1,0,0.0625,0.0
2025-04-17,Mumbai,Support,6,6,28,25.932,4.322,0,1,0.0,0.1667
2025-04-17,Mumbai,Verification,8,8,38,40.013,5.0016,0,2,0.0,0.25
2025-04-17,Pune,Fulfillment,10,10,35,135.024,13.5024,0,1,0.0,0.1
2025-04-17,Pune,Intake,6,6,24,9.407,1.5678,0,0,0.0,0.0
2025-04-17,Pune,Support,1,1,6,6.461,6.461,0,1,0.0,1.0
2025-04-17,Pune,Verification,11,11,43,47.973,4.3612,2,0,0.1818,0.0
2025-04-18,Bengaluru,Fulfillment,8,8,26,91.291,11.4114,1,0,0.125,0.0
2025-04-18,Bengaluru,Intake,2,1,2,1.165,1.165,0,0,0.0,0.0
2025-04-18,Bengaluru,Support,3,3,13,13.78,4.5933,1,1,0.3333,0.3333
2025-04-18,Bengaluru,Verification,3,2,11,9.452,4.726,0,0,0.0,0.0
2025-04-18,Delhi,Fulfillment,11,11,43,123.835,11.2577,1,0,0.0909,0.0
2025-04-18,Delhi,Intake,9,7,30,10.221,1.4601,0,0,0.0,0.0
2025-04-18,Delhi,Support,5,5,11,15.585,3.117,0,0,0.0,0.0
2025-04-18,Delhi,Verification,12,9,32,57.194,6.3549,1,2,0.1111,0.2222
2025-04-18,Mumbai,Fulfillment,11,10,36,113.525,11.3525,0,0,0.0,0.0
2025-04-18,Mumbai,Intake,13,12,59,27.852,2.321,0,1,0.0,0.0833
2025-04-18,Mumbai,Support,4,4,18,17.043,4.2608,0,1,0.0,0.25
2025-04-18,Mumbai,Verification,12,12,52,78.456,6.538,0,4,0.0,0.3333
2025-04-18,Pune,Fulfillment,8,8,38,112.915,14.1144,0,1,0.0,0.125
2025-04-18,Pune,Intake,3,3,14,5.661,1.887,0,0,0.0,0.0
2025-04-18,Pune,Support,3,3,16,8.882,2.9607,0,0,0.0,0.0
2025-04-18,Pune,Verification,6,6,24,22.128,3.688,0,0,0.0,0.0
2025-04-19,Bengaluru,Fulfillment,6,6,33,82.349,13.7248,0,1,0.0,0.1667
2025-04-19,Bengaluru,Intake,3,3,9,5.293,1.7643,0,0,0.0,0.0
2025-04-19,Bengaluru,Verification,4,4,24,22.629,5.6572,0,1,0.0,0.25
2025-04-19,Delhi,Fulfillment,6,6,19,63.484,10.5807,0,0,0.0,0.0
2025-04-19,Delhi,Intake,4,3,17,5.322,1.774,0,0,0.0,0.0
2025-04-19,Delhi,Support,1,1,2,3.883,3.883,0,0,0.0,0.0
2025-04-19,Delhi,Verification,7,7,31,56.414,8.0591,0,3,0.0,0.4286
2025-04-19,Mumbai,Fulfillment,6,6,27,122.535,20.4225,1,2,0.1667,0.3333
2025-04-19,Mumbai,Intake,13,13,46,28.049,2.1576,0,0,0.0,0.0
2025-04-19,Mumbai,Support,1,1,4,3.575,3.575,0,0,0.0,0.0
2025-04-19,Mumbai,Verification,7,7,33,35.271,5.0387,0,1,0.0,0.1429
2025-04-19,Pune,Fulfillment,4,4,20,61.954,15.4885,1,1,0.25,0.25
2025-04-19,Pune,Intake,3,3,13,4.077,1.359,0,0,0.0,0.0
2025-04-19,Pune,Verification,1,1,4,4.717,4.717,0,0,0.0,0.0
2025-04-20,Bengaluru,Fulfillment,1,1,2,27.95,27.95,0,1,0.0,1.0
2025-04-20,Bengaluru,Intake,4,4,14,8.523,2.1308,0,0,0.0,0.0
2025-04-20,Bengaluru,Support,1,1,3,4.353,4.353,0,0,0.0,0.0
2025-04-20,Bengaluru,Verification,3,3,15,13.081,4.3603,0,0,0.0,0.0
2025-04-20,Delhi,Fulfillment,10,9,46,118.418,13.1576,0,1,0.0,0.1111
2025-04-20,Delhi,Intake,5,5,19,11.975,2.395,0,1,0.0,0.2
2025-04-20,Delhi,Support,2,2,14,6.294,3.147,0,0,0.0,0.0
2025-04-20,Delhi,Verification,4,3,12,28.615,9.5383,0,2,0.0,0.6667
2025-04-20,Mumbai,Fulfillment,10,10,38,127.202,12.7202,0,0,0.0,0.0
2025-04-20,Mumbai,Intake,11,11,54,17.31,1.5736,0,1,0.0,0.0909
2025-04-20,Mumbai,Support,4,4,17,19.5,4.875,0,1,0.0,0.25
2025-04-20,Mumbai,Verification,5,5,18,22.72,4.544,0,0,0.0,0.0
2025-04-20,Pune,Fulfillment,2,2,6,30.205,15.1025,0,0,0.0,0.0
2025-04-20,Pune,Intake,3,3,12,4.44,1.48,0,0,0.0,0.0
2025-04-20,Pune,Support,1,1,7,2.716,2.716,0,0,0.0,0.0
2025-04-20,Pune,Verification,3,3,14,23.75,7.9167,0,2,0.0,0.6667
2025-04-21,Bengaluru,Fulfillment,8,7,31,128.234,18.3191,0,1,0.0,0.1429
2025-04-21,Bengaluru,Intake,5,5,16,20.981,4.1962,0,3,0.0,0.6
2025-04-21,Bengaluru,Support,4,4,19,9.33,2.3325,0,0,0.0,0.0
2025-04-21,Bengaluru,Verification,8,8,38,46.567,5.8209,1,1,0.125,0.125
2025-04-21,Delhi,Fulfillment,9,8,36,167.415,20.9269,0,2,0.0,0.25
2025-04-21,Delhi,Intake,14,13,35,29.273,2.2518,0,0,0.0,0.0
2025-04-21,Delhi,Support,7,7,20,15.22,2.1743,0,0,0.0,0.0
2025-04-21,Delhi,Verification,6,6,21,33.764,5.6273,1,0,0.1667,0.0
2025-04-21,Mumbai,Fulfillment,13,11,39,185.319,16.8472,0,1,0.0,0.0909
2025-04-21,Mumbai,Intake,11,9,27,21.537,2.393,0,0,0.0,0.0
2025-04-21,Mumbai,Support,8,8,22,27.033,3.3791,1,0,0.125,0.0
2025-04-21,Mumbai,Verification,18,18,61,96.308,5.3504,1,2,0.0556,0.1111
2025-04-21,Pune,Fulfillment,4,4,20,47.061,11.7652,0,0,0.0,0.0
2025-04-21,Pune,Intake,3,3,8,3.876,1.292,0,0,0.0,0.0
2025-04-21,Pune,Support,1,1,2,2.468,2.468,0,0,0.0,0.0
2025-04-21,Pune,Verification,10,10,52,42.935,4.2935,1,0,0.1,0.0
2025-04-22,Bengaluru,Fulfillment,6,6,18,106.198,17.6997,1,1,0.1667,0.1667
2025-04-22,Bengaluru,Intake,4,4,13,5.411,1.3527,1,0,0.25,0.0
2025-04-22,Bengaluru,Support,2,2,7,22.371,11.1855,0,1,0.0,0.5
2025-04-22,Bengaluru,Verification,9,8,33,28.354,3.5442,0,0,0.0,0.0
2025-04-22,Delhi,Fulfillment,6,6,25,68.161,11.3602,0,0,0.0,0.0
2025-04-22,Delhi,Intake,13,13,57,26.213,2.0164,0,1,0.0,0.0769
2025-04-22,Delhi,Support,5,5,18,18.106,3.6212,0,0,0.0,0.0
2025-04-22,Delhi,Verification,6,6,31,32.882,5.4803,0,0,0.0,0.0
2025-04-22,Mumbai,Fulfillment,9,8,39,163.508,20.4385,0,2,0.0,0.25
2025-04-22,Mumbai,Intake,20,20,74,39.202,1.9601,0,1,0.0,0.05
2025-04-22,Mumbai,Support,5,5,19,9.918,1.9836,0,0,0.0,0.0
2025-04-22,Mumbai,Verification,6,6,22,35.102,5.8503,0,1,0.0,0.1667
2025-04-22,Pune,Fulfillment,6,5,19,49.273,9.8546,0,0,0.0,0.0
2025-04-22,Pune,Intake,9,8,26,21.382,2.6728,0,2,0.0,0.25
2025-04-22,Pune,Support,2,2,8,6.317,3.1585,0,0,0.0,0.0
2025-04-22,Pune,Verification,12,11,48,45.749,4.159,0,0,0.0,0.0
2025-04-23,Bengaluru,Fulfillment,3,3,10,34.355,11.4517,0,0,0.0,0.0
2025-04-23,Bengaluru,Intake,6,5,13,9.072,1.8144,0,0,0.0,0.0
2025-04-23,Bengaluru,Support,5,4,15,19.542,4.8855,0,1,0.0,0.25
2025-04-23,Bengaluru,Verification,7,6,28,20.657,3.4428,0,0,0.0,0.0
2025-04-23,Delhi,Fulfillment,5,5,29,81.49,16.298,2,1,0.4,0.2
2025-04-23,Delhi,Intake,9,9,34,17.351,1.9279,0,0,0.0,0.0
2025-04-23,Delhi,Support,3,3,11,10.817,3.6057,0,1,0.0,0.3333
2025-04-23,Delhi,Verification,6,6,27,48.829,8.1382,0,3,0.0,0.5
2025-04-23,Mumbai,Fulfillment,12,11,38,163.102,14.8275,0,1,0.0,0.0909
2025-04-23,Mumbai,Intake,14,14,58,23.435,1.6739,0,0,0.0,0.0
2025-04-23,Mumbai,Support,6,6,23,18.543,3.0905,0,0,0.0,0.0
2025-04-23,Mumbai,Verification,11,11,50,49.785,4.5259,1,0,0.0909,0.0
2025-04-23,Pune,Fulfillment,5,4,13,58.483,14.6208,0,1,0.0,0.25
2025-04-23,Pune,Intake,12,12,46,20.679,1.7232,0,0,0.0,0.0
2025-04-23,Pune,Support,1,1,5,2.391,2.391,0,0,0.0,0.0
2025-04-23,Pune,Verification,10,9,35,38.351,4.2612,1,0,0.1111,0.0
2025-04-24,Bengaluru,Fulfillment,7,7,35,73.832,10.5474,0,0,0.0,0.0
2025-04-24,Bengaluru,Intake,6,5,27,8.061,1.6122,0,0,0.0,0.0
2025-04-24,Bengaluru,Support,4,4,12,13.433,3.3582,0,0,0.0,0.0
2025-04-24,Bengaluru,Verification,10,9,40,44.406,4.934,0,1,0.0,0.1111
2025-04-24,Delhi,Fulfillment,8,8,34,116.825,14.6031,0,1,0.0,0.125
2025-04-24,Delhi,Intake,10,10,36,18.961,1.8961,0,0,0.0,0.0
2025-04-24,Delhi,Support,4,4,18,15.9,3.975,0,0,0.0,0.0
2025-04-24,Delhi,Verification,14,13,52,123.097,9.469,0,6,0.0,0.4615
2025-04-24,Mumbai,Fulfillment,15,13,51,168.1,12.9308,1,0,0.0769,0.0
2025-04-24,Mumbai,Intake,18,17,74,35.962,2.1154,0,1,0.0,0.0588
2025-04-24,Mumbai,Support,1,1,2,3.256,3.256,0,0,0.0,0.0
2025-04-24,Mumbai,Verification,16,16,73,80.293,5.0183,0,2,0.0,0.125
2025-04-24,Pune,Fulfillment,6,5,35,43.336,8.6672,0,0,0.0,0.0
2025-04-24,Pune,Intake,4,4,14,5.441,1.3602,0,0,0.0,0.0
2025-04-24,Pune,Support,4,4,16,8.954,2.2385,0,0,0.0,0.0
2025-04-24,Pune,Verification,13,12,41,57.599,4.7999,1,1,0.0833,0.0833
2025-04-25,Bengaluru,Fulfillment,10,10,37,117.803,11.7803,0,0,0.0,0.0
2025-04-25,Bengaluru,Intake,3,3,11,3.642,1.214,0,0,0.0,0.0
2025-04-25,Bengaluru,Support,2,2,4,5.361,2.6805,0,0,0.0,0.0
2025-04-25,Bengaluru,Verification,6,6,24,32.504,5.4173,0,0,0.0,0.0
2025-04-25,Delhi,Fulfillment,12,12,41,150.685,12.5571,1,1,0.0833,0.0833
2025-04-25,Delhi,Intake,5,4,20,10.995,2.7487,0,1,0.0,0.25
2025-04-25,Delhi,Support,2,1,2,4.833,4.833,0,0,0.0,0.0
2025-04-25,Delhi,Verification,4,4,17,27.981,6.9952,0,1,0.0,0.25
2025-04-25,Mumbai,Fulfillment,17,16,57,233.408,14.588,0,3,0.0,0.1875
2025-04-25,Mumbai,Intake,10,10,45,18.46,1.846,0,0,0.0,0.0
2025-04-25,Mumbai,Support,4,4,14,12.397,3.0992,0,0,0.0,0.0
2025-04-25,Mumbai,Verification,11,11,50,49.588,4.508,0,2,0.0,0.1818
2025-04-25,Pune,Fulfillment,5,5,22,46.554,9.3108,0,0,0.0,0.0
2025-04-25,Pune,Intake,5,5,14,8.536,1.7072,0,0,0.0,0.0
2025-04-25,Pune,Support,5,5,18,16.391,3.2782,0,0,0.0,0.0
2025-04-25,Pune,Verification,7,7,34,37.638,5.3769,1,0,0.1429,0.0
2025-04-26,Bengaluru,Fulfillment,1,1,3,22.033,22.033,0,0,0.0,0.0
2025-04-26,Bengaluru,Intake,4,4,20,7.174,1.7935,0,0,0.0,0.0
2025-04-26,Bengaluru,Verification,2,2,13,6.3,3.15,0,0,0.0,0.0
2025-04-26,Delhi,Fulfillment,3,3,19,42.344,14.1147,0,0,0.0,0.0
2025-04-26,Delhi,Intake,8,8,38,10.85,1.3562,0,0,0.0,0.0
2025-04-26,Delhi,Support,1,1,4,2.3,2.3,0,0,0.0,0.0
2025-04-26,Delhi,Verification,5,4,17,24.065,6.0162,0,1,0.0,0.25
2025-04-26,Mumbai,Fulfillment,13,13,51,240.613,18.5087,0,1,0.0,0.0769
2025-04-26,Mumbai,Intake,7,7,18,14.33,2.0471,0,0,0.0,0.0
2025-04-26,Mumbai,Support,2,2,7,8.28,4.14,0,0,0.0,0.0
2025-04-26,Mumbai,Verification,2,2,11,10.312,5.156,0,0,0.0,0.0
2025-04-26,Pune,Fulfillment,4,4,19,54.776,13.694,0,0,0.0,0.0
2025-04-26,Pune,Intake,4,4,17,5.017,1.2542,0,0,0.0,0.0
2025-04-26,Pune,Support,2,2,10,10.359,5.1795,0,1,0.0,0.5
2025-04-26,Pune,Verification,3,3,14,13.072,4.3573,1,0,0.3333,0.0
2025-04-27,Bengaluru,Fulfillment,3,3,12,39.842,13.2807,0,0,0.0,0.0
2025-04-27,Bengaluru,Intake,3,3,11,5.602,1.8673,0,0,0.0,0.0
2025-04-27,Bengaluru,Support,1,1,2,2.1,2.1,0,0,0.0,0.0
2025-04-27,Bengaluru,Verification,1,1,3,8.065,8.065,0,1,0.0,1.0
2025-04-27,Delhi,Fulfillment,3,3,12,40.017,13.339,0,0,0.0,0.0
2025-04-27,Delhi,Intake,2,2,8,2.308,1.154,0,0,0.0,0.0
2025-04-27,Delhi,Support,2,2,10,6.333,3.1665,0,0,0.0,0.0
2025-04-27,Delhi,Verification,3,3,9,18.935,6.3117,0,1,0.0,0.3333
2025-04-27,Mumbai,Fulfillment,3,3,16,41.094,13.698,0,0,0.0,0.0
2025-04-27,Mumbai,Intake,11,11,39,21.293,1.9357,0,0,0.0,0.0
2025-04-27,Mumbai,Support,1,1,7,1.351,1.351,0,0,0.0,0.0
2025-04-27,Mumbai,Verification,5,5,19,21.085,4.217,0,0,0.0,0.0
2025-04-27,Pune,Fulfillment,2,2,5,26.93,13.465,1,0,0.5,0.0
2025-04-27,Pune,Support,2,2,8,7.321,3.6605,0,0,0.0,0.0
2025-04-27,Pune,Verification,2,2,9,19.85,9.925,0,1,0.0,0.5
2025-04-28,Bengaluru,Fulfillment,7,7,29,115.273,16.4676,1,1,0.1429,0.1429
2025-04-28,Bengaluru,Intake,9,9,40,23.206,2.5784,0,2,0.0,0.2222
2025-04-28,Bengaluru,Support,3,3,13,7.917,2.639,0,0,0.0,0.0
2025-04-28,Bengaluru,Verification,7,7,29,49.055,7.0079,0,2,0.0,0.2857
2025-04-28,Delhi,Fulfillment,6,6,24,105.795,17.6325,0,1,0.0,0.1667
2025-04-28,Delhi,Intake,13,12,48,27.694,2.3078,0,1,0.0,0.0833
2025-04-28,Delhi,Support,6,6,19,32.701,5.4502,0,3,0.0,0.5
2025-04-28,Delhi,Verification,13,13,52,108.487,8.3452,0,6,0.0,0.4615
2025-04-28,Mumbai,Fulfillment,11,11,51,208.343,18.9403,0,1,0.0,0.0909
2025-04-28,Mumbai,Intake,15,15,59,33.198,2.2132,0,0,0.0,0.0
2025-04-28,Mumbai,Support,7,7,24,29.996,4.2851,1,1,0.1429,0.1429
2025-04-28,Mumbai,Verification,9,9,42,41.106,4.5673,0,0,0.0,0.0
2025-04-28,Pune,Fulfillment,8,8,42,99.969,12.4961,0,0,0.0,0.0
2025-04-28,Pune,Intake,8,7,29,15.578,2.2254,0,1,0.0,0.1429
2025-04-28,Pune,Support,1,1,5,7.074,7.074,0,1,0.0,1.0
2025-04-28,Pune,Verification,5,5,16,20.658,4.1316,0,0,0.0,0.0
2025-04-29,Bengaluru,Fulfillment,9,9,37,135.475,15.0528,0,1,0.0,0.1111
2025-04-29,Bengaluru,Intake,12,12,59,26.697,2.2247,1,0,0.0833,0.0
2025-04-29,Bengaluru,Support,2,2,14,5.418,2.709,0,0,0.0,0.0
2025-04-29,Bengaluru,Verification,3,3,7,15.959,5.3197,0,0,0.0,0.0
2025-04-29,Delhi,Fulfillment,17,16,67,212.864,13.304,1,1,0.0625,0.0625
2025-04-29,Delhi,Intake,8,7,39,11.812,1.6874,2,0,0.2857,0.0
2025-04-29,Delhi,Support,3,3,13,12.936,4.312,0,0,0.0,0.0
2025-04-29,Delhi,Verification,10,9,35,75.073,8.3414,0,5,0.0,0.5556
2025-04-29,Mumbai,Fulfillment,11,10,37,143.904,14.3904,1,0,0.1,0.0
2025-04-29,Mumbai,Intake,16,14,53,26.565,1.8975,0,0,0.0,0.0
2025-04-29,Mumbai,Support,4,3,14,16.446,5.482,0,1,0.0,0.3333
2025-04-29,Mumbai,Verification,18,17,75,87.205,5.1297,0,3,0.0,0.1765
2025-04-29,Pune,Fulfillment,8,7,16,79.096,11.2994,0,0,0.0,0.0
2025-04-29,Pune,Intake,11,11,41,20.947,1.9043,0,1,0.0,0.0909
2025-04-29,Pune,Support,2,2,3,7.339,3.6695,0,0,0.0,0.0
2025-04-29,Pune,Verification,7,6,23,26.218,4.3697,0,0,0.0,0.0
2025-04-30,Bengaluru,Fulfillment,9,8,32,116.974,14.6218,1,1,0.125,0.125
2025-04-30,Bengaluru,Intake,6,6,25,13.901,2.3168,0,0,0.0,0.0
2025-04-30,Bengaluru,Support,2,2,6,9.017,4.5085,0,0,0.0,0.0
2025-04-30,Bengaluru,Verification,6,6,24,28.896,4.816,0,1,0.0,0.1667
2025-04-30,Delhi,Fulfillment,7,7,30,90.395,12.9136,0,0,0.0,0.0
2025-04-30,Delhi,Intake,9,8,32,9.822,1.2277,0,0,0.0,0.0
2025-04-30,Delhi,Support,5,5,16,19.069,3.8138,0,1,0.0,0.2
2025-04-30,Delhi,Verification,8,8,32,59.918,7.4898,1,4,0.125,0.5
2025-04-30,Mumbai,Fulfillment,10,10,40,121.173,12.1173,0,0,0.0,0.0
2025-04-30,Mumbai,Intake,8,7,30,13.485,1.9264,0,0,0.0,0.0
2025-04-30,Mumbai,Support,4,4,16,15.225,3.8062,0,1,0.0,0.25
2025-04-30,Mumbai,Verification,10,10,50,52.33,5.233,0,1,0.0,0.1
2025-04-30,Pune,Fulfillment,7,6,31,84.797,14.1328,0,0,0.0,0.0
2025-04-30,Pune,Intake,11,11,41,22.376,2.0342,0,0,0.0,0.0
2025-04-30,Pune,Support,5,5,22,20.486,4.0972,1,1,0.2,0.2
2025-04-30,Pune,Verification,9,9,40,31.602,3.5113,1,0,0.1111,0.0
2025-05-01,Bengaluru,Fulfillment,11,10,39,142.171,14.2171,0,2,0.0,0.2
2025-05-01,Bengaluru,Intake,12,12,50,21.17,1.7642,1,0,0.0833,0.0
2025-05-01,Bengaluru,Support,5,5,18,20.649,4.1298,0,0,0.0,0.0
2025-05-01,Bengaluru,Verification,9,9,35,47.579,5.2866,0,1,0.0,0.1111
2025-05-01,Delhi,Fulfillment,9,9,42,124.715,13.8572,0,1,0.0,0.1111
2025-05-01,Delhi,Intake,12,12,43,19.95,1.6625,1,0,0.0833,0.0
2025-05-01,Delhi,Support,1,1,3,2.367,2.367,0,0,0.0,0.0
2025-05-01,Delhi,Verification,13,13,47,122.838,9.4491,0,8,0.0,0.6154
2025-05-01,Mumbai,Fulfillment,13,12,54,183.317,15.2764,0,2,0.0,0.1667
2025-05-01,Mumbai,Intake,6,6,25,16.046,2.6743,0,0,0.0,0.0
2025-05-01,Mumbai,Support,4,3,9,19.444,6.4813,0,1,0.0,0.3333
2025-05-01,Mumbai,Verification,11,11,46,61.463,5.5875,0,2,0.0,0.1818
2025-05-01,Pune,Fulfillment,7,7,22,156.718,22.3883,0,3,0.0,0.4286
2025-05-01,Pune,Intake,3,3,8,7.864,2.6213,0,0,0.0,0.0
2025-05-01,Pune,Support,6,4,23,15.732,3.933,0,0,0.0,0.0
2025-05-01,Pune,Verification,12,12,55,46.363,3.8636,0,0,0.0,0.0
2025-05-02,Bengaluru,Fulfillment,7,7,32,84.68,12.0971,0,0,0.0,0.0
2025-05-02,Bengaluru,Intake,5,5,21,9.972,1.9944,0,0,0.0,0.0
2025-05-02,Bengaluru,Support,3,2,12,11.011,5.5055,0,1,0.0,0.5
2025-05-02,Bengaluru,Verification,6,6,21,18.936,3.156,0,0,0.0,0.0
2025-05-02,Delhi,Fulfillment,4,4,16,49.841,12.4602,0,0,0.0,0.0
2025-05-02,Delhi,Intake,6,4,18,6.408,1.602,1,0,0.25,0.0
2025-05-02,Delhi,Support,6,6,25,15.313,2.5522,0,0,0.0,0.0
2025-05-02,Delhi,Verification,10,10,31,93.108,9.3108,0,8,0.0,0.8
2025-05-02,Mumbai,Fulfillment,6,6,37,78.931,13.1552,0,0,0.0,0.0
2025-05-02,Mumbai,Intake,9,9,35,18.905,2.1006,0,0,0.0,0.0
2025-05-02,Mumbai,Support,3,3,15,9.757,3.2523,0,0,0.0,0.0
2025-05-02,Mumbai,Verification,6,6,20,20.927,3.4878,0,0,0.0,0.0
2025-05-02,Pune,Fulfillment,9,9,34,120.817,13.4241,0,0,0.0,0.0
2025-05-02,Pune,Intake,6,6,27,9.602,1.6003,0,0,0.0,0.0
2025-05-02,Pune,Support,1,1,3,2.567,2.567,0,0,0.0,0.0
2025-05-02,Pune,Verification,5,5,16,23.733,4.7466,0,0,0.0,0.0
2025-05-03,Bengaluru,Fulfillment,2,2,6,32.25,16.125,0,0,0.0,0.0
2025-05-03,Bengaluru,Intake,5,5,21,9.255,1.851,0,0,0.0,0.0
2025-05-03,Bengaluru,Support,2,2,7,3.526,1.763,0,0,0.0,0.0
2025-05-03,Bengaluru,Verification,8,8,34,33.488,4.186,0,0,0.0,0.0
2025-05-03,Delhi,Fulfillment,8,8,29,122.821,15.3526,0,0,0.0,0.0
2025-05-03,Delhi,Intake,2,2,4,3.661,1.8305,0,0,0.0,0.0
2025-05-03,Delhi,Support,2,2,7,5.221,2.6105,0,0,0.0,0.0
2025-05-03,Delhi,Verification,5,5,20,48.406,9.6812,1,3,0.2,0.6
2025-05-03,Mumbai,Fulfillment,3,3,12,39.463,13.1543,0,0,0.0,0.0
2025-05-03,Mumbai,Intake,11,10,49,29.89,2.989,1,3,0.1,0.3
2025-05-03,Mumbai,Verification,7,7,27,32.937,4.7053,0,0,0.0,0.0
2025-05-03,Pune,Fulfillment,3,3,16,37.683,12.561,0,0,0.0,0.0
2025-05-03,Pune,Intake,5,5,18,7.56,1.512,0,0,0.0,0.0
2025-05-03,Pune,Verification,3,3,13,12.641,4.2137,0,0,0.0,0.0
2025-05-04,Bengaluru,Fulfillment,4,4,14,59.497,14.8742,0,1,0.0,0.25
2025-05-04,Bengaluru,Intake,4,3,14,5.315,1.7717,0,0,0.0,0.0
2025-05-04,Bengaluru,Support,1,1,5,3.614,3.614,0,0,0.0,0.0
2025-05-04,Bengaluru,Verification,5,4,16,27.313,6.8282,0,1,0.0,0.25
2025-05-04,Delhi,Fulfillment,5,4,20,40.751,10.1878,0,0,0.0,0.0
2025-05-04,Delhi,Intake,6,6,20,17.868,2.978,0,2,0.0,0.3333
2025-05-04,Delhi,Support,1,1,6,5.5,5.5,0,0,0.0,0.0
2025-05-04,Delhi,Verification,6,6,28,78.59,13.0983,0,3,0.0,0.5
2025-05-04,Mumbai,Fulfillment,4,4,16,51.75,12.9375,0,0,0.0,0.0
2025-05-04,Mumbai,Intake,7,7,32,14.717,2.1024,0,0,0.0,0.0
2025-05-04,Mumbai,Support,2,2,6,3.386,1.693,0,0,0.0,0.0
2025-05-04,Mumbai,Verification,5,5,20,28.493,5.6986,0,2,0.0,0.4
2025-05-04,Pune,Fulfillment,5,5,18,82.508,16.5016,0,1,0.0,0.2
2025-05-04,Pune,Intake,4,4,16,5.999,1.4998,0,0,0.0,0.0
2025-05-04,Pune,Support,1,1,5,2.495,2.495,0,0,0.0,0.0
2025-05-04,Pune,Verification,4,4,16,14.773,3.6932,0,0,0.0,0.0
2025-05-05,Bengaluru,Fulfillment,9,8,32,158.829,19.8536,0,2,0.0,0.25
2025-05-05,Bengaluru,Intake,9,9,40,15.718,1.7464,0,0,0.0,0.0
2025-05-05,Bengaluru,Support,1,1,4,5.359,5.359,0,0,0.0,0.0
2025-05-05,Bengaluru,Verification,6,6,25,40.32,6.72,0,1,0.0,0.1667
2025-05-05,Delhi,Fulfillment,6,6,28,101.478,16.913,1,0,0.1667,0.0
2025-05-05,Delhi,Intake,8,8,37,14.475,1.8094,0,1,0.0,0.125
2025-05-05,Delhi,Support,4,4,17,9.517,2.3792,0,0,0.0,0.0
2025-05-05,Delhi,Verification,12,10,37,89.827,8.9827,1,5,0.1,0.5
2025-05-05,Mumbai,Fulfillment,16,15,68,229.584,15.3056,1,3,0.0667,0.2
2025-05-05,Mumbai,Intake,10,10,37,22.129,2.2129,0,1,0.0,0.1
2025-05-05,Mumbai,Support,8,7,27,28.402,4.0574,0,0,0.0,0.0
2025-05-05,Mumbai,Verification,13,13,35,75.871,5.8362,0,2,0.0,0.1538
2025-05-05,Pune,Fulfillment,12,11,40,181.363,16.4875,0,2,0.0,0.1818
2025-05-05,Pune,Intake,5,5,17,7.794,1.5588,0,0,0.0,0.0
2025-05-05,Pune,Support,2,2,9,4.602,2.301,0,0,0.0,0.0
2025-05-05,Pune,Verification,4,3,17,10.031,3.3437,0,0,0.0,0.0
2025-05-06,Bengaluru,Fulfillment,10,9,42,179.361,19.929,1,2,0.1111,0.2222
2025-05-06,Bengaluru,Intake,8,6,26,12.614,2.1023,0,0,0.0,0.0
2025-05-06,Bengaluru,Support,2,2,10,9.039,4.5195,0,1,0.0,0.5
2025-05-06,Bengaluru,Verification,9,9,33,50.764,5.6404,0,2,0.0,0.2222
2025-05-06,Delhi,Fulfillment,12,11,39,127.691,11.6083,1,0,0.0909,0.0
2025-05-06,Delhi,Intake,17,16,58,27.739,1.7337,0,1,0.0,0.0625
2025-05-06,Delhi,Support,4,3,18,13.049,4.3497,0,1,0.0,0.3333
2025-05-06,Delhi,Verification,15,15,62,131.496,8.7664,1,8,0.0667,0.5333
2025-05-06,Mumbai,Fulfillment,19,18,87,249.977,13.8876,0,1,0.0,0.0556
2025-05-06,Mumbai,Intake,15,14,58,27.162,1.9401,0,0,0.0,0.0
2025-05-06,Mumbai,Support,1,1,3,3.767,3.767,0,0,0.0,0.0
2025-05-06,Mumbai,Verification,13,13,53,57.013,4.3856,0,0,0.0,0.0
2025-05-06,Pune,Fulfillment,2,2,7,19.65,9.825,0,0,0.0,0.0
2025-05-06,Pune,Intake,5,4,12,7.48,1.87,0,0,0.0,0.0
2025-05-06,Pune,Support,1,1,3,2.437,2.437,0,0,0.0,0.0
2025-05-06,Pune,Verification,4,4,21,16.216,4.054,0,0,0.0,0.0
2025-05-07,Bengaluru,Fulfillment,9,9,29,148.611,16.5123,0,1,0.0,0.1111
2025-05-07,Bengaluru,Intake,9,8,32,20.132,2.5165,0,1,0.0,0.125
2025-05-07,Bengaluru,Support,1,1,3,2.7,2.7,0,0,0.0,0.0
2025-05-07,Bengaluru,Verification,10,10,44,55.464,5.5464,1,1,0.1,0.1
2025-05-07,Delhi,Fulfillment,13,13,50,181.227,13.9405,0,2,0.0,0.1538
2025-05-07,Delhi,Intake,8,8,36,13.021,1.6276,0,0,0.0,0.0
2025-05-07,Delhi,Support,1,1,4,2.9,2.9,0,0,0.0,0.0
2025-05-07,Delhi,Verification,20,18,78,152.38,8.4656,1,10,0.0556,0.5556
2025-05-07,Mumbai,Fulfillment,13,13,45,182.089,14.0068,1,2,0.0769,0.1538
2025-05-07,Mumbai,Intake,20,19,71,35.364,1.8613,1,1,0.0526,0.0526
2025-05-07,Mumbai,Support,1,1,2,1.639,1.639,0,0,0.0,0.0
2025-05-07,Mumbai,Verification,13,12,51,43.963,3.6636,0,0,0.0,0.0
2025-05-07,Pune,Fulfillment,7,7,24,101.249,14.4641,0,1,0.0,0.1429
2025-05-07,Pune,Intake,4,4,10,8.57,2.1425,0,0,0.0,0.0
2025-05-07,Pune,Support,3,3,8,14.058,4.686,0,0,0.0,0.0
2025-05-07,Pune,Verification,5,5,20,13.333,2.6666,0,0,0.0,0.0
2025-05-08,Bengaluru,Fulfillment,4,4,20,79.618,19.9045,0,1,0.0,0.25
2025-05-08,Bengaluru,Intake,8,6,24,11.508,1.918,0,0,0.0,0.0
2025-05-08,Bengaluru,Support,8,8,25,30.844,3.8555,0,0,0.0,0.0
2025-05-08,Bengaluru,Verification,8,7,22,27.97,3.9957,1,1,0.1429,0.1429
2025-05-08,Delhi,Fulfillment,8,8,35,99.23,12.4038,0,0,0.0,0.0
2025-05-08,Delhi,Intake,8,8,31,19.096,2.387,1,0,0.125,0.0
2025-05-08,Delhi,Support,2,2,12,8.488,4.244,0,0,0.0,0.0
2025-05-08,Delhi,Verification,18,15,58,119.003,7.9335,2,6,0.1333,0.4
2025-05-08,Mumbai,Fulfillment,11,10,36,123.997,12.3997,0,0,0.0,0.0
2025-05-08,Mumbai,Intake,21,19,89,36.611,1.9269,1,1,0.0526,0.0526
2025-05-08,Mumbai,Support,9,8,29,38.065,4.7581,0,1,0.0,0.125
2025-05-08,Mumbai,Verification,8,8,31,34.013,4.2516,0,1,0.0,0.125
2025-05-08,Pune,Fulfillment,11,11,46,152.497,13.8634,0,1,0.0,0.0909
2025-05-08,Pune,Intake,7,5,22,11.117,2.2234,0,0,0.0,0.0
2025-05-08,Pune,Support,4,4,15,11.225,2.8063,0,0,0.0,0.0
2025-05-08,Pune,Verification,9,9,41,37.644,4.1827,1,1,0.1111,0.1111
2025-05-09,Bengaluru,Fulfillment,2,2,10,25.691,12.8455,0,0,0.0,0.0
2025-05-09,Bengaluru,Intake,9,9,33,14.25,1.5833,1,1,0.1111,0.1111
2025-05-09,Bengaluru,Support,2,2,6,6.959,3.4795,0,0,0.0,0.0
2025-05-09,Bengaluru,Verification,8,8,25,37.561,4.6951,1,0,0.125,0.0
2025-05-09,Delhi,Fulfillment,11,11,42,167.309,15.2099,1,2,0.0909,0.1818
2025-05-09,Delhi,Intake,9,9,35,20.072,2.2302,2,1,0.2222,0.1111
2025-05-09,Delhi,Support,4,4,17,16.912,4.228,0,0,0.0,0.0
2025-05-09,Delhi,Verification,11,11,47,118.656,10.7869,1,7,0.0909,0.6364
2025-05-09,Mumbai,Fulfillment,13,13,55,234.775,18.0596,2,2,0.1538,0.1538
2025-05-09,Mumbai,Intake,10,9,41,15.423,1.7137,0,0,0.0,0.0
2025-05-09,Mumbai,Support,6,6,23,19.389,3.2315,0,1,0.0,0.1667
2025-05-09,Mumbai,Verification,13,11,44,54.285,4.935,0,2,0.0,0.1818
2025-05-09,Pune,Fulfillment,11,11,41,112.48,10.2255,0,0,0.0,0.0
2025-05-09,Pune,Intake,12,12,48,18.921,1.5767,0,0,0.0,0.0
2025-05-09,Pune,Verification,6,6,25,20.592,3.432,0,0,0.0,0.0
2025-05-10,Bengaluru,Fulfillment,8,8,35,121.102,15.1378,0,1,0.0,0.125
2025-05-10,Bengaluru,Intake,11,11,39,26.076,2.3705,0,1,0.0,0.0909
2025-05-10,Bengaluru,Support,1,1,8,3.094,3.094,0,0,0.0,0.0
2025-05-10,Bengaluru,Verification,11,11,38,51.468,4.6789,1,1,0.0909,0.0909
2025-05-10,Delhi,Fulfillment,7,7,21,163.958,23.4226,0,4,0.0,0.5714
2025-05-10,Delhi,Intake,2,2,4,3.226,1.613,0,0,0.0,0.0
2025-05-10,Delhi,Verification,4,4,10,21.352,5.338,0,1,0.0,0.25
2025-05-10,Mumbai,Fulfillment,7,7,30,92.727,13.2467,0,0,0.0,0.0
2025-05-10,Mumbai,Intake,11,10,40,18.017,1.8017,1,0,0.1,0.0
2025-05-10,Mumbai,Support,3,3,15,8.593,2.8643,0,0,0.0,0.0
2025-05-10,Mumbai,Verification,5,5,13,16.773,3.3546,0,0,0.0,0.0
2025-05-10,Pune,Fulfillment,6,6,15,58.821,9.8035,0,0,0.0,0.0
2025-05-10,Pune,Intake,3,2,8,4.2,2.1,0,0,0.0,0.0
2025-05-10,Pune,Verification,4,4,14,16.213,4.0532,0,1,0.0,0.25
2025-05-11,Bengaluru,Fulfillment,5,5,20,50.155,10.031,0,0,0.0,0.0
2025-05-11,Bengaluru,Intake,5,5,27,11.169,2.2338,0,0,0.0,0.0
2025-05-11,Bengaluru,Support,1,1,6,3.317,3.317,0,0,0.0,0.0
2025-05-11,Delhi,Fulfillment,3,3,14,53.495,17.8317,0,1,0.0,0.3333
2025-05-11,Delhi,Intake,10,10,40,23.672,2.3672,0,1,0.0,0.1
2025-05-11,Delhi,Support,1,1,3,3.642,3.642,0,0,0.0,0.0
2025-05-11,Delhi,Verification,6,6,20,59.296,9.8827,0,4,0.0,0.6667
2025-05-11,Mumbai,Fulfillment,6,6,30,94.819,15.8032,0,1,0.0,0.1667
2025-05-11,Mumbai,Intake,2,2,12,3.75,1.875,0,0,0.0,0.0
2025-05-11,Mumbai,Support,4,4,19,17.421,4.3552,0,0,0.0,0.0
2025-05-11,Mumbai,Verification,6,5,22,34.509,6.9018,0,2,0.0,0.4
2025-05-11,Pune,Fulfillment,5,4,19,42.261,10.5652,0,0,0.0,0.0
2025-05-11,Pune,Intake,1,1,5,1.8,1.8,0,0,0.0,0.0
2025-05-11,Pune,Support,4,4,23,11.998,2.9995,0,0,0.0,0.0
2025-05-11,Pune,Verification,4,4,18,15.363,3.8408,0,0,0.0,0.0
2025-05-12,Bengaluru,Fulfillment,10,10,31,183.994,18.3994,1,3,0.1,0.3
2025-05-12,Bengaluru,Intake,7,7,34,18.163,2.5947,1,1,0.1429,0.1429
2025-05-12,Bengaluru,Support,5,5,24,14.642,2.9284,1,0,0.2,0.0
2025-05-12,Bengaluru,Verification,9,8,38,38.955,4.8694,0,0,0.0,0.0
2025-05-12,Delhi,Fulfillment,16,16,75,292.329,18.2706,2,3,0.125,0.1875
2025-05-12,Delhi,Intake,14,14,66,30.51,2.1793,2,1,0.1429,0.0714
2025-05-12,Delhi,Support,4,4,18,20.507,5.1268,0,2,0.0,0.5
2025-05-12,Delhi,Verification,13,13,51,126.282,9.714,1,7,0.0769,0.5385
2025-05-12,Mumbai,Fulfillment,29,29,120,475.582,16.3994,2,2,0.069,0.069
2025-05-12,Mumbai,Intake,16,16,64,40.271,2.5169,1,2,0.0625,0.125
2025-05-12,Mumbai,Support,6,6,22,30.252,5.042,1,1,0.1667,0.1667
2025-05-12,Mumbai,Verification,21,20,71,110.078,5.5039,2,2,0.1,0.1
2025-05-12,Pune,Fulfillment,6,5,23,59.247,11.8494,1,0,0.2,0.0
2025-05-12,Pune,Intake,7,5,30,11.532,2.3064,0,1,0.0,0.2
2025-05-12,Pune,Verification,10,10,39,56.32,5.632,1,2,0.1,0.2
2025-05-13,Bengaluru,Fulfillment,7,5,24,74.246,14.8492,0,0,0.0,0.0
2025-05-13,Bengaluru,Intake,12,12,49,27.643,2.3036,0,2,0.0,0.1667
2025-05-13,Bengaluru,Support,5,5,16,18.684,3.7368,0,0,0.0,0.0
2025-05-13,Bengaluru,Verification,5,5,18,16.711,3.3422,0,0,0.0,0.0
2025-05-13,Delhi,Fulfillment,11,11,49,196.394,17.854,1,3,0.0909,0.2727
2025-05-13,Delhi,Intake,12,11,40,24.541,2.231,0,0,0.0,0.0
2025-05-13,Delhi,Support,1,1,7,1.457,1.457,0,0,0.0,0.0
2025-05-13,Delhi,Verification,7,7,30,53.187,7.5981,0,2,0.0,0.2857
2025-05-13,Mumbai,Fulfillment,18,17,71,227.099,13.3588,0,1,0.0,0.0588
2025-05-13,Mumbai,Intake,18,18,70,33.601,1.8667,0,0,0.0,0.0
2025-05-13,Mumbai,Support,5,4,20,9.92,2.48,0,0,0.0,0.0
2025-05-13,Mumbai,Verification,11,11,34,65.089,5.9172,0,2,0.0,0.1818
2025-05-13,Pune,Fulfillment,9,9,40,129.332,14.3702,0,1,0.0,0.1111
2025-05-13,Pune,Intake,4,4,16,4.833,1.2082,0,0,0.0,0.0
2025-05-13,Pune,Support,3,3,12,8.682,2.894,0,0,0.0,0.0
2025-05-13,Pune,Verification,4,4,16,22.082,5.5205,0,1,0.0,0.25
2025-05-14,Bengaluru,Fulfillment,4,4,18,69.617,17.4042,0,1,0.0,0.25
2025-05-14,Bengaluru,Intake,5,5,17,5.907,1.1814,0,0,0.0,0.0
2025-05-14,Bengaluru,Support,2,2,8,7.389,3.6945,0,0,0.0,0.0
2025-05-14,Bengaluru,Verification,11,11,53,43.71,3.9736,0,0,0.0,0.0
2025-05-14,Delhi,Fulfillment,8,8,42,103.19,12.8988,1,1,0.125,0.125
2025-05-14,Delhi,Intake,11,11,43,24.537,2.2306,0,0,0.0,0.0
2025-05-14,Delhi,Support,4,4,18,9.486,2.3715,0,0,0.0,0.0
2025-05-14,Delhi,Verification,6,5,22,37.105,7.421,0,2,0.0,0.4
2025-05-14,Mumbai,Fulfillment,12,12,51,159.571,13.2976,0,2,0.0,0.1667
2025-05-14,Mumbai,Intake,14,14,65,35.362,2.5259,0,2,0.0,0.1429
2025-05-14,Mumbai,Support,4,4,11,11.336,2.834,0,0,0.0,0.0
2025-05-14,Mumbai,Verification,13,12,51,43.205,3.6004,0,0,0.0,0.0
2025-05-14,Pune,Fulfillment,7,7,28,102.634,14.662,0,1,0.0,0.1429
2025-05-14,Pune,Intake,7,7,32,18.823,2.689,0,0,0.0,0.0
2025-05-14,Pune,Support,2,2,8,2.912,1.456,0,0,0.0,0.0
2025-05-14,Pune,Verification,7,7,26,23.305,3.3293,0,0,0.0,0.0
2025-05-15,Bengaluru,Fulfillment,7,5,24,81.177,16.2354,0,0,0.0,0.0
2025-05-15,Bengaluru,Intake,5,5,16,12.185,2.437,0,0,0.0,0.0
2025-05-15,Bengaluru,Support,2,2,8,11.746,5.873,0,1,0.0,0.5
2025-05-15,Bengaluru,Verification,5,4,16,13.363,3.3408,0,0,0.0,0.0
2025-05-15,Delhi,Fulfillment,11,11,50,154.64,14.0582,0,0,0.0,0.0
2025-05-15,Delhi,Intake,14,13,53,29.165,2.2435,2,1,0.1538,0.0769
2025-05-15,Delhi,Support,3,3,12,12.036,4.012,0,0,0.0,0.0
2025-05-15,Delhi,Verification,10,8,37,53.664,6.708,0,2,0.0,0.25
2025-05-15,Mumbai,Fulfillment,15,14,60,175.983,12.5702,0,0,0.0,0.0
2025-05-15,Mumbai,Intake,17,16,68,31.131,1.9457,1,0,0.0625,0.0
2025-05-15,Mumbai,Support,4,4,14,10.412,2.603,0,0,0.0,0.0
2025-05-15,Mumbai,Verification,9,9,43,52.669,5.8521,1,1,0.1111,0.1111
2025-05-15,Pune,Fulfillment,5,5,18,62.345,12.469,0,0,0.0,0.0
2025-05-15,Pune,Intake,2,2,10,2.8,1.4,0,0,0.0,0.0
2025-05-15,Pune,Support,3,3,10,5.674,1.8913,0,0,0.0,0.0
2025-05-15,Pune,Verification,10,10,35,45.599,4.5599,0,1,0.0,0.1
2025-05-16,Bengaluru,Fulfillment,10,9,30,90.182,10.0202,1,0,0.1111,0.0
2025-05-16,Bengaluru,Intake,6,5,23,7.039,1.4078,0,0,0.0,0.0
2025-05-16,Bengaluru,Support,3,3,15,9.836,3.2787,0,0,0.0,0.0
2025-05-16,Bengaluru,Verification,5,5,19,31.321,6.2642,0,2,0.0,0.4
2025-05-16,Delhi,Fulfillment,10,10,37,111.247,11.1247,1,0,0.1,0.0
2025-05-16,Delhi,Intake,6,6,25,12.228,2.038,0,0,0.0,0.0
2025-05-16,Delhi,Support,4,4,18,12.313,3.0782,0,0,0.0,0.0
2025-05-16,Delhi,Verification,5,5,19,32.332,6.4664,1,2,0.2,0.4
2025-05-16,Mumbai,Fulfillment,12,12,63,167.803,13.9836,2,2,0.1667,0.1667
2025-05-16,Mumbai,Intake,11,11,45,25.571,2.3246,0,2,0.0,0.1818
2025-05-16,Mumbai,Support,6,6,23,21.876,3.646,0,1,0.0,0.1667
2025-05-16,Mumbai,Verification,10,10,46,39.879,3.9879,0,0,0.0,0.0
2025-05-16,Pune,Fulfillment,7,7,29,71.084,10.1549,0,0,0.0,0.0
2025-05-16,Pune,Intake,9,9,30,14.158,1.5731,0,0,0.0,0.0
2025-05-16,Pune,Support,1,1,2,1.783,1.783,0,0,0.0,0.0
2025-05-16,Pune,Verification,6,6,27,24.91,4.1517,0,0,0.0,0.0
2025-05-17,Bengaluru,Fulfillment,7,7,25,85.298,12.1854,0,0,0.0,0.0
2025-05-17,Bengaluru,Intake,2,2,13,5.333,2.6665,0,0,0.0,0.0
2025-05-17,Bengaluru,Support,1,1,5,2.367,2.367,0,0,0.0,0.0
2025-05-17,Bengaluru,Verification,8,8,32,46.613,5.8266,0,2,0.0,0.25
2025-05-17,Delhi,Fulfillment,5,5,16,83.604,16.7208,0,2,0.0,0.4
2025-05-17,Delhi,Intake,5,4,16,7.234,1.8085,0,0,0.0,0.0
2025-05-17,Delhi,Support,2,2,9,7.52,3.76,0,0,0.0,0.0
2025-05-17,Delhi,Verification,9,9,41,73.254,8.1393,1,3,0.1111,0.3333
2025-05-17,Mumbai,Fulfillment,5,5,24,54.674,10.9348,0,0,0.0,0.0
2025-05-17,Mumbai,Intake,7,7,28,12.351,1.7644,1,0,0.1429,0.0
2025-05-17,Mumbai,Support,1,1,2,2.271,2.271,0,0,0.0,0.0
2025-05-17,Mumbai,Verification,7,7,29,29.975,4.2821,0,0,0.0,0.0
2025-05-17,Pune,Fulfillment,5,5,25,63.009,12.6018,0,0,0.0,0.0
2025-05-17,Pune,Intake,1,1,3,1.549,1.549,0,0,0.0,0.0
2025-05-17,Pune,Support,1,1,6,3.51,3.51,0,0,0.0,0.0
2025-05-17,Pune,Verification,4,4,18,9.808,2.452,0,0,0.0,0.0
2025-05-18,Bengaluru,Fulfillment,5,4,18,62.221,15.5552,0,0,0.0,0.0
2025-05-18,Bengaluru,Intake,7,7,26,13.316,1.9023,0,0,0.0,0.0
2025-05-18,Bengaluru,Support,1,1,1,3.078,3.078,0,0,0.0,0.0
2025-05-18,Bengaluru,Verification,5,4,14,18.069,4.5172,0,0,0.0,0.0
2025-05-18,Delhi,Fulfillment,3,3,13,23.681,7.8937,0,0,0.0,0.0
2025-05-18,Delhi,Intake,4,3,9,4.087,1.3623,1,0,0.3333,0.0
2025-05-18,Delhi,Support,1,1,2,2.667,2.667,0,0,0.0,0.0
2025-05-18,Delhi,Verification,5,4,18,32.867,8.2168,0,1,0.0,0.25
2025-05-18,Mumbai,Fulfillment,9,9,26,128.746,14.3051,0,0,0.0,0.0
2025-05-18,Mumbai,Intake,4,3,9,6.074,2.0247,1,0,0.3333,0.0
2025-05-18,Mumbai,Support,2,2,13,3.427,1.7135,0,0,0.0,0.0
2025-05-18,Mumbai,Verification,6,6,28,35.803,5.9672,0,1,0.0,0.1667
2025-05-18,Pune,Fulfillment,4,4,15,73.243,18.3108,0,2,0.0,0.5
2025-05-18,Pune,Intake,2,2,8,2.75,1.375,0,0,0.0,0.0
2025-05-18,Pune,Support,1,1,4,2.381,2.381,0,0,0.0,0.0
2025-05-18,Pune,Verification,1,1,5,6.153,6.153,0,0,0.0,0.0
2025-05-19,Bengaluru,Fulfillment,13,13,60,254.852,19.604,0,5,0.0,0.3846
2025-05-19,Bengaluru,Intake,12,11,37,26.325,2.3932,0,2,0.0,0.1818
2025-05-19,Bengaluru,Support,1,1,5,4.421,4.421,0,0,0.0,0.0
2025-05-19,Bengaluru,Verification,5,4,13,24.133,6.0332,0,0,0.0,0.0
2025-05-19,Delhi,Fulfillment,7,6,30,103.469,17.2448,1,1,0.1667,0.1667
2025-05-19,Delhi,Intake,16,16,63,36.1,2.2562,1,2,0.0625,0.125
2025-05-19,Delhi,Support,6,6,22,35.249,5.8748,0,1,0.0,0.1667
2025-05-19,Delhi,Verification,20,19,83,193.707,10.1951,3,13,0.1579,0.6842
2025-05-19,Mumbai,Fulfillment,21,19,83,333.615,17.5587,1,4,0.0526,0.2105
2025-05-19,Mumbai,Intake,21,20,84,46.946,2.3473,2,1,0.1,0.05
2025-05-19,Mumbai,Support,9,8,21,26.69,3.3362,0,0,0.0,0.0
2025-05-19,Mumbai,Verification,17,17,57,100.32,5.9012,0,4,0.0,0.2353
2025-05-19,Pune,Fulfillment,6,6,29,94.476,15.746,0,1,0.0,0.1667
2025-05-19,Pune,Intake,10,9,31,19.758,2.1953,0,0,0.0,0.0
2025-05-19,Pune,Support,2,2,5,9.265,4.6325,0,0,0.0,0.0
2025-05-19,Pune,Verification,11,11,39,60.147,5.4679,0,2,0.0,0.1818
2025-05-20,Bengaluru,Fulfillment,9,8,33,133.665,16.7081,0,1,0.0,0.125
2025-05-20,Bengaluru,Intake,8,8,34,12.362,1.5452,1,0,0.125,0.0
2025-05-20,Bengaluru,Support,5,5,13,17.86,3.572,0,1,0.0,0.2
2025-05-20,Bengaluru,Verification,9,8,33,34.066,4.2582,0,0,0.0,0.0
2025-05-20,Delhi,Fulfillment,14,14,58,186.775,13.3411,0,0,0.0,0.0
2025-05-20,Delhi,Intake,7,7,29,12.685,1.8121,0,0,0.0,0.0
2025-05-20,Delhi,Support,2,2,6,6.061,3.0305,0,0,0.0,0.0
2025-05-20,Delhi,Verification,8,7,29,57.638,8.234,0,3,0.0,0.4286
2025-05-20,Mumbai,Fulfillment,13,12,60,146.048,12.1707,0,0,0.0,0.0
2025-05-20,Mumbai,Intake,13,12,53,20.114,1.6762,0,0,0.0,0.0
2025-05-20,Mumbai,Support,6,5,26,14.281,2.8562,0,0,0.0,0.0
2025-05-20,Mumbai,Verification,16,15,61,72.672,4.8448,1,2,0.0667,0.1333
2025-05-20,Pune,Fulfillment,3,3,15,41.598,13.866,0,0,0.0,0.0
2025-05-20,Pune,Intake,9,9,24,15.703,1.7448,0,0,0.0,0.0
2025-05-20,Pune,Support,2,2,10,5.336,2.668,0,0,0.0,0.0
2025-05-20,Pune,Verification,7,7,36,32.051,4.5787,1,1,0.1429,0.1429
2025-05-21,Bengaluru,Fulfillment,15,15,59,212.262,14.1508,0,1,0.0,0.0667
2025-05-21,Bengaluru,Intake,5,5,23,10.273,2.0546,0,0,0.0,0.0
2025-05-21,Bengaluru,Support,4,4,19,14.062,3.5155,1,0,0.25,0.0
2025-05-21,Bengaluru,Verification,9,8,40,38.567,4.8209,0,0,0.0,0.0
2025-05-21,Delhi,Fulfillment,7,7,29,72.449,10.3499,0,0,0.0,0.0
2025-05-21,Delhi,Intake,6,6,20,14.026,2.3377,0,0,0.0,0.0
2025-05-21,Delhi,Support,5,5,17,15.749,3.1498,0,0,0.0,0.0
2025-05-21,Delhi,Verification,8,7,26,50.933,7.2761,0,1,0.0,0.1429
2025-05-21,Mumbai,Fulfillment,17,17,65,214.351,12.6089,0,0,0.0,0.0
2025-05-21,Mumbai,Intake,15,14,48,29.572,2.1123,1,2,0.0714,0.1429
2025-05-21,Mumbai,Support,7,7,24,18.067,2.581,1,0,0.1429,0.0
2025-05-21,Mumbai,Verification,10,10,44,67.318,6.7318,0,3,0.0,0.3
2025-05-21,Pune,Fulfillment,5,5,21,96.812,19.3624,1,2,0.2,0.4
2025-05-21,Pune,Intake,12,10,42,15.161,1.5161,0,0,0.0,0.0
2025-05-21,Pune,Support,2,2,8,5.766,2.883,0,0,0.0,0.0
2025-05-21,Pune,Verification,11,11,44,52.007,4.7279,0,1,0.0,0.0909
2025-05-22,Bengaluru,Fulfillment,12,11,57,144.288,13.1171,0,0,0.0,0.0
2025-05-22,Bengaluru,Intake,10,10,45,22.141,2.2141,1,0,0.1,0.0
2025-05-22,Bengaluru,Support,3,3,15,9.409,3.1363,0,0,0.0,0.0
2025-05-22,Bengaluru,Verification,4,4,14,15.636,3.909,0,0,0.0,0.0
2025-05-22,Delhi,Fulfillment,13,12,53,139.355,11.6129,0,0,0.0,0.0
2025-05-22,Delhi,Intake,9,8,29,15.408,1.926,0,0,0.0,0.0
2025-05-22,Delhi,Support,5,5,18,13.856,2.7712,0,0,0.0,0.0
2025-05-22,Delhi,Verification,6,6,20,51.106,8.5177,1,3,0.1667,0.5
2025-05-22,Mumbai,Fulfillment,12,12,48,150.593,12.5494,1,0,0.0833,0.0
2025-05-22,Mumbai,Intake,16,16,59,30.199,1.8874,0,0,0.0,0.0
2025-05-22,Mumbai,Support,5,4,16,12.833,3.2082,0,0,0.0,0.0
2025-05-22,Mumbai,Verification,13,13,57,64.356,4.9505,0,2,0.0,0.1538
2025-05-22,Pune,Fulfillment,12,12,47,144.176,12.0147,1,0,0.0833,0.0
2025-05-22,Pune,Intake,4,3,9,4.016,1.3387,0,0,0.0,0.0
2025-05-22,Pune,Support,3,3,17,8.155,2.7183,0,0,0.0,0.0
2025-05-22,Pune,Verification,9,9,41,42.958,4.7731,0,1,0.0,0.1111
2025-05-23,Bengaluru,Fulfillment,2,2,11,30.968,15.484,0,0,0.0,0.0
2025-05-23,Bengaluru,Intake,9,9,33,15.671,1.7412,0,0,0.0,0.0
2025-05-23,Bengaluru,Support,1,1,3,3.748,3.748,0,0,0.0,0.0
2025-05-23,Bengaluru,Verification,11,11,57,49.057,4.4597,0,0,0.0,0.0
2025-05-23,Delhi,Fulfillment,5,5,26,50.931,10.1862,0,0,0.0,0.0
2025-05-23,Delhi,Intake,9,9,45,23.413,2.6014,0,0,0.0,0.0
2025-05-23,Delhi,Support,1,1,4,6.264,6.264,0,1,0.0,1.0
2025-05-23,Delhi,Verification,12,11,46,82.004,7.4549,0,5,0.0,0.4545
2025-05-23,Mumbai,Fulfillment,18,17,56,248.409,14.6123,0,1,0.0,0.0588
2025-05-23,Mumbai,Intake,16,16,54,22.943,1.4339,0,0,0.0,0.0
2025-05-23,Mumbai,Support,5,5,26,15.807,3.1614,0,0,0.0,0.0
2025-05-23,Mumbai,Verification,14,13,53,51.152,3.9348,0,0,0.0,0.0
2025-05-23,Pune,Fulfillment,4,4,16,42.162,10.5405,0,0,0.0,0.0
2025-05-23,Pune,Intake,11,9,27,15.85,1.7611,0,0,0.0,0.0
2025-05-23,Pune,Support,1,1,5,3.95,3.95,0,0,0.0,0.0
2025-05-23,Pune,Verification,4,4,16,10.339,2.5848,0,0,0.0,0.0
2025-05-24,Bengaluru,Fulfillment,2,2,10,28.412,14.206,0,0,0.0,0.0
2025-05-24,Bengaluru,Intake,4,4,12,7.463,1.8658,0,0,0.0,0.0
2025-05-24,Bengaluru,Verification,8,8,26,32.047,4.0059,0,0,0.0,0.0
2025-05-24,Delhi,Fulfillment,6,6,25,59.075,9.8458,0,0,0.0,0.0
2025-05-24,Delhi,Intake,9,9,42,19.154,2.1282,0,1,0.0,0.1111
2025-05-24,Delhi,Verification,3,3,15,21.566,7.1887,0,0,0.0,0.0
2025-05-24,Mumbai,Fulfillment,8,8,22,116.364,14.5455,0,1,0.0,0.125
2025-05-24,Mumbai,Intake,7,5,18,8.192,1.6384,0,0,0.0,0.0
2025-05-24,Mumbai,Support,4,4,17,10.917,2.7292,0,0,0.0,0.0
2025-05-24,Mumbai,Verification,3,3,11,11.77,3.9233,0,0,0.0,0.0
2025-05-24,Pune,Fulfillment,10,10,41,127.61,12.761,0,0,0.0,0.0
2025-05-24,Pune,Intake,7,7,26,11.107,1.5867,0,0,0.0,0.0
2025-05-24,Pune,Support,2,1,4,2.311,2.311,0,0,0.0,0.0
2025-05-24,Pune,Verification,10,10,41,37.928,3.7928,0,0,0.0,0.0
2025-05-25,Bengaluru,Fulfillment,7,7,36,99.76,14.2514,0,0,0.0,0.0
2025-05-25,Bengaluru,Intake,3,3,15,5.641,1.8803,0,0,0.0,0.0
2025-05-25,Bengaluru,Support,2,2,8,5.507,2.7535,0,0,0.0,0.0
2025-05-25,Bengaluru,Verification,7,6,20,32.086,5.3477,0,0,0.0,0.0
2025-05-25,Delhi,Fulfillment,5,5,16,58.222,11.6444,0,0,0.0,0.0
2025-05-25,Delhi,Intake,5,5,19,8.852,1.7704,0,0,0.0,0.0
2025-05-25,Delhi,Support,2,2,9,6.325,3.1625,0,0,0.0,0.0
2025-05-25,Delhi,Verification,5,5,14,39.829,7.9658,0,2,0.0,0.4
2025-05-25,Mumbai,Fulfillment,6,5,17,62.152,12.4304,1,0,0.2,0.0
2025-05-25,Mumbai,Intake,5,5,21,7.785,1.557,0,0,0.0,0.0
2025-05-25,Mumbai,Support,5,5,26,20.849,4.1698,0,1,0.0,0.2
2025-05-25,Mumbai,Verification,1,1,2,3.94,3.94,0,0,0.0,0.0
2025-05-25,Pune,Fulfillment,2,2,9,17.154,8.577,0,0,0.0,0.0
2025-05-25,Pune,Intake,7,7,26,10.852,1.5503,0,0,0.0,0.0
2025-05-25,Pune,Support,2,2,10,11.65,5.825,0,1,0.0,0.5
2025-05-25,Pune,Verification,4,4,16,9.897,2.4742,1,0,0.25,0.0
2025-05-26,Bengaluru,Fulfillment,7,7,32,106.862,15.266,0,0,0.0,0.0
2025-05-26,Bengaluru,Intake,9,8,37,20.734,2.5917,0,1,0.0,0.125
2025-05-26,Bengaluru,Support,3,3,16,15.821,5.2737,0,1,0.0,0.3333
2025-05-26,Bengaluru,Verification,7,6,23,39.933,6.6555,0,1,0.0,0.1667
2025-05-26,Delhi,Fulfillment,13,11,46,185.144,16.8313,0,4,0.0,0.3636
2025-05-26,Delhi,Intake,17,17,66,37.212,2.1889,1,0,0.0588,0.0
2025-05-26,Delhi,Support,3,3,9,16.887,5.629,0,1,0.0,0.3333
2025-05-26,Delhi,Verification,7,7,31,68.047,9.721,0,5,0.0,0.7143
2025-05-26,Mumbai,Fulfillment,13,12,50,210.478,17.5398,0,2,0.0,0.1667
2025-05-26,Mumbai,Intake,9,8,38,18.386,2.2982,0,0,0.0,0.0
2025-05-26,Mumbai,Support,7,7,31,27.71,3.9586,0,1,0.0,0.1429
2025-05-26,Mumbai,Verification,16,15,86,84.481,5.6321,1,2,0.0667,0.1333
2025-05-26,Pune,Fulfillment,9,9,35,107.043,11.8937,1,0,0.1111,0.0
2025-05-26,Pune,Intake,8,8,34,18.38,2.2975,0,0,0.0,0.0
2025-05-26,Pune,Support,2,2,12,6.519,3.2595,0,0,0.0,0.0
2025-05-26,Pune,Verification,8,7,35,44.388,6.3411,0,1,0.0,0.1429
2025-05-27,Bengaluru,Fulfillment,7,7,29,81.952,11.7074,0,0,0.0,0.0
2025-05-27,Bengaluru,Intake,10,9,35,19.714,2.1904,0,0,0.0,0.0
2025-05-27,Bengaluru,Support,2,1,2,2.879,2.879,0,0,0.0,0.0
2025-05-27,Bengaluru,Verification,9,8,30,37.632,4.704,0,0,0.0,0.0
2025-05-27,Delhi,Fulfillment,13,13,51,226.988,17.4606,0,3,0.0,0.2308
2025-05-27,Delhi,Intake,9,9,33,14.457,1.6063,1,0,0.1111,0.0
2025-05-27,Delhi,Support,2,2,10,4.683,2.3415,0,0,0.0,0.0
2025-05-27,Delhi,Verification,10,9,28,79.673,8.8526,0,2,0.0,0.2222
2025-05-27,Mumbai,Fulfillment,12,12,62,176.856,14.738,0,1,0.0,0.0833
2025-05-27,Mumbai,Intake,15,15,66,33.921,2.2614,1,2,0.0667,0.1333
2025-05-27,Mumbai,Support,4,4,11,8.288,2.072,0,0,0.0,0.0
2025-05-27,Mumbai,Verification,11,11,41,62.333,5.6666,0,1,0.0,0.0909
2025-05-27,Pune,Fulfillment,7,7,34,87.012,12.4303,0,0,0.0,0.0
2025-05-27,Pune,Intake,2,2,7,5.7,2.85,0,1,0.0,0.5
2025-05-27,Pune,Support,2,2,10,8.079,4.0395,0,0,0.0,0.0
2025-05-27,Pune,Verification,7,7,25,32.714,4.6734,0,0,0.0,0.0
2025-05-28,Bengaluru,Fulfillment,8,8,32,102.612,12.8265,1,1,0.125,0.125
2025-05-28,Bengaluru,Intake,10,8,35,18.234,2.2793,0,1,0.0,0.125
2025-05-28,Bengaluru,Support,1,1,2,4.203,4.203,0,0,0.0,0.0
2025-05-28,Bengaluru,Verification,10,10,34,37.687,3.7687,0,0,0.0,0.0
2025-05-28,Delhi,Fulfillment,5,5,17,62.832,12.5664,0,0,0.0,0.0
2025-05-28,Delhi,Intake,7,6,20,14.208,2.368,1,1,0.1667,0.1667
2025-05-28,Delhi,Support,4,4,18,15.89,3.9725,1,1,0.25,0.25
2025-05-28,Delhi,Verification,2,2,9,20.26,10.13,0,2,0.0,1.0
2025-05-28,Mumbai,Fulfillment,7,6,29,92.95,15.4917,0,0,0.0,0.0
2025-05-28,Mumbai,Intake,17,17,76,31.62,1.86,1,0,0.0588,0.0
2025-05-28,Mumbai,Support,2,2,7,10.743,5.3715,0,1,0.0,0.5
2025-05-28,Mumbai,Verification,12,12,53,60.585,5.0488,0,2,0.0,0.1667
2025-05-28,Pune,Fulfillment,3,3,11,25.328,8.4427,0,0,0.0,0.0
2025-05-28,Pune,Intake,8,6,25,13.182,2.197,0,0,0.0,0.0
2025-05-28,Pune,Support,5,5,24,20.948,4.1896,0,1,0.0,0.2
2025-05-28,Pune,Verification,4,4,20,16.7,4.175,0,0,0.0,0.0
2025-05-29,Bengaluru,Fulfillment,12,11,36,159.947,14.5406,0,0,0.0,0.0
2025-05-29,Bengaluru,Intake,2,2,5,5.15,2.575,1,0,0.5,0.0
2025-05-29,Bengaluru,Support,1,1,5,1.267,1.267,0,0,0.0,0.0
2025-05-29,Bengaluru,Verification,8,8,39,38.181,4.7726,0,0,0.0,0.0
2025-05-29,Delhi,Fulfillment,9,9,47,117.829,13.0921,2,1,0.2222,0.1111
2025-05-29,Delhi,Intake,13,12,43,20.161,1.6801,0,0,0.0,0.0
2025-05-29,Delhi,Support,3,3,11,11.398,3.7993,0,1,0.0,0.3333
2025-05-29,Delhi,Verification,13,13,51,95.716,7.3628,0,5,0.0,0.3846
2025-05-29,Mumbai,Fulfillment,20,20,81,285.257,14.2628,0,2,0.0,0.1
2025-05-29,Mumbai,Intake,15,15,54,25.8,1.72,3,0,0.2,0.0
2025-05-29,Mumbai,Support,4,4,19,10.977,2.7442,0,0,0.0,0.0
2025-05-29,Mumbai,Verification,14,13,47,66.2,5.0923,1,0,0.0769,0.0
2025-05-29,Pune,Fulfillment,6,5,29,57.143,11.4286,0,0,0.0,0.0
2025-05-29,Pune,Intake,6,6,36,10.154,1.6923,1,0,0.1667,0.0
2025-05-29,Pune,Support,3,3,10,18.155,6.0517,0,1,0.0,0.3333
2025-05-29,Pune,Verification,8,8,34,43.482,5.4352,0,1,0.0,0.125
2025-05-30,Bengaluru,Fulfillment,10,10,36,173.101,17.3101,0,2,0.0,0.2
2025-05-30,Bengaluru,Intake,10,10,39,25.015,2.5015,0,2,0.0,0.2
2025-05-30,Bengaluru,Support,2,2,6,4.033,2.0165,1,0,0.5,0.0
2025-05-30,Bengaluru,Verification,8,8,34,42.012,5.2515,0,1,0.0,0.125
2025-05-30,Delhi,Fulfillment,6,6,16,84.03,14.005,0,1,0.0,0.1667
2025-05-30,Delhi,Intake,9,8,33,11.536,1.442,0,0,0.0,0.0
2025-05-30,Delhi,Support,5,5,24,15.88,3.176,0,0,0.0,0.0
2025-05-30,Delhi,Verification,10,10,39,69.091,6.9091,1,2,0.1,0.2
2025-05-30,Mumbai,Fulfillment,13,12,47,158.33,13.1942,0,0,0.0,0.0
2025-05-30,Mumbai,Intake,18,17,66,29.123,1.7131,0,1,0.0,0.0588
2025-05-30,Mumbai,Support,3,2,9,6.083,3.0415,0,0,0.0,0.0
2025-05-30,Mumbai,Verification,11,11,43,48.409,4.4008,0,1,0.0,0.0909
2025-05-30,Pune,Fulfillment,6,6,25,73.292,12.2153,0,0,0.0,0.0
2025-05-30,Pune,Intake,12,12,45,18.839,1.5699,0,0,0.0,0.0
2025-05-30,Pune,Support,1,1,5,1.588,1.588,0,0,0.0,0.0
2025-05-30,Pune,Verification,5,5,23,20.818,4.1636,1,1,0.2,0.2
2025-05-31,Bengaluru,Fulfillment,3,2,8,25.186,12.593,0,0,0.0,0.0
2025-05-31,Bengaluru,Intake,3,3,15,4.734,1.578,0,0,0.0,0.0
2025-05-31,Bengaluru,Support,1,1,5,2.633,2.633,0,0,0.0,0.0
2025-05-31,Bengaluru,Verification,7,6,25,28.835,4.8058,0,0,0.0,0.0
2025-05-31,Delhi,Fulfillment,6,6,22,91.479,15.2465,0,0,0.0,0.0
2025-05-31,Delhi,Intake,10,10,45,21.164,2.1164,0,0,0.0,0.0
2025-05-31,Delhi,Support,5,4,15,12.752,3.188,0,0,0.0,0.0
2025-05-31,Delhi,Verification,9,9,36,71.885,7.9872,0,4,0.0,0.4444
2025-05-31,Mumbai,Fulfillment,12,11,49,147.895,13.445,0,1,0.0,0.0909
2025-05-31,Mumbai,Intake,15,15,64,25.641,1.7094,0,0,0.0,0.0
2025-05-31,Mumbai,Support,2,2,9,3.6,1.8,0,0,0.0,0.0
2025-05-31,Mumbai,Verification,8,8,37,37.446,4.6808,0,1,0.0,0.125
2025-05-31,Pune,Fulfillment,5,3,11,31.54,10.5133,0,0,0.0,0.0
2025-05-31,Pune,Intake,4,4,24,4.492,1.123,0,0,0.0,0.0
2025-05-31,Pune,Support,3,3,14,9.567,3.189,0,0,0.0,0.0
2025-05-31,Pune,Verification,3,3,12,16.484,5.4947,0,0,0.0,0.0
2025-06-01,Bengaluru,Fulfillment,2,2,6,28.728,14.364,0,0,0.0,0.0
2025-06-01,Bengaluru,Intake,3,3,11,6.441,2.147,0,0,0.0,0.0
2025-06-01,Bengaluru,Support,1,1,6,3.41,3.41,0,0,0.0,0.0
2025-06-01,Bengaluru,Verification,5,5,25,24.511,4.9022,0,1,0.0,0.2
2025-06-01,Delhi,Fulfillment,7,7,23,97.98,13.9971,1,0,0.1429,0.0
2025-06-01,Delhi,Intake,7,5,20,8.688,1.7376,1,0,0.2,0.0
2025-06-01,Delhi,Support,1,1,7,2.874,2.874,0,0,0.0,0.0
2025-06-01,Delhi,Verification,2,2,9,18.342,9.171,0,1,0.0,0.5
2025-06-01,Mumbai,Fulfillment,5,5,23,65.094,13.0188,0,0,0.0,0.0
2025-06-01,Mumbai,Intake,8,6,22,16.014,2.669,0,1,0.0,0.1667
2025-06-01,Mumbai,Support,3,2,6,4.964,2.482,0,0,0.0,0.0
2025-06-01,Mumbai,Verification,8,8,39,32.564,4.0705,0,1,0.0,0.125
2025-06-01,Pune,Fulfillment,4,4,18,57.588,14.397,0,0,0.0,0.0
2025-06-01,Pune,Intake,4,4,19,5.04,1.26,0,0,0.0,0.0
2025-06-01,Pune,Support,1,1,4,2.633,2.633,0,0,0.0,0.0
2025-06-01,Pune,Verification,4,3,9,12.748,4.2493,0,0,0.0,0.0
2025-06-02,Bengaluru,Fulfillment,10,9,40,123.331,13.7034,0,0,0.0,0.0
2025-06-02,Bengaluru,Intake,12,10,38,21.945,2.1945,0,0,0.0,0.0
2025-06-02,Bengaluru,Support,5,5,18,21.765,4.353,0,1,0.0,0.2
2025-06-02,Bengaluru,Verification,8,6,23,37.106,6.1843,0,2,0.0,0.3333
2025-06-02,Delhi,Fulfillment,10,10,46,141.753,14.1753,0,1,0.0,0.1
2025-06-02,Delhi,Intake,12,10,36,27.197,2.7197,0,1,0.0,0.1
2025-06-02,Delhi,Support,5,5,20,22.053,4.4106,0,1,0.0,0.2
2025-06-02,Delhi,Verification,11,11,57,123.725,11.2477,0,6,0.0,0.5455
2025-06-02,Mumbai,Fulfillment,22,21,78,306.901,14.6143,1,2,0.0476,0.0952
2025-06-02,Mumbai,Intake,17,17,66,36.089,2.1229,1,1,0.0588,0.0588
2025-06-02,Mumbai,Support,3,3,10,17.404,5.8013,0,1,0.0,0.3333
2025-06-02,Mumbai,Verification,12,11,44,63.678,5.7889,1,3,0.0909,0.2727
2025-06-02,Pune,Fulfillment,9,9,40,125.972,13.9969,0,0,0.0,0.0
2025-06-02,Pune,Intake,11,11,47,20.422,1.8565,1,0,0.0909,0.0
2025-06-02,Pune,Support,1,1,5,2.002,2.002,0,0,0.0,0.0
2025-06-02,Pune,Verification,17,16,63,77.938,4.8711,0,0,0.0,0.0
2025-06-03,Bengaluru,Fulfillment,10,10,45,121.835,12.1835,0,1,0.0,0.1
2025-06-03,Bengaluru,Intake,11,11,41,23.534,2.1395,1,0,0.0909,0.0
2025-06-03,Bengaluru,Support,3,3,8,12.551,4.1837,0,1,0.0,0.3333
2025-06-03,Bengaluru,Verification,5,5,25,24.267,4.8534,0,0,0.0,0.0
2025-06-03,Delhi,Fulfillment,6,5,20,79.867,15.9734,1,0,0.2,0.0
2025-06-03,Delhi,Intake,8,8,38,14.622,1.8278,0,0,0.0,0.0
2025-06-03,Delhi,Support,5,5,12,17.232,3.4464,0,0,0.0,0.0
2025-06-03,Delhi,Verification,10,10,43,108.311,10.8311,0,6,0.0,0.6
2025-06-03,Mumbai,Fulfillment,15,15,63,267.101,17.8067,0,3,0.0,0.2
2025-06-03,Mumbai,Intake,14,14,57,29.397,2.0998,0,1,0.0,0.0714
2025-06-03,Mumbai,Support,8,8,24,26.0,3.25,0,0,0.0,0.0
2025-06-03,Mumbai,Verification,11,11,51,56.92,5.1745,0,0,0.0,0.0
2025-06-03,Pune,Fulfillment,7,6,19,72.017,12.0028,0,1,0.0,0.1667
2025-06-03,Pune,Intake,12,12,48,18.472,1.5393,0,0,0.0,0.0
2025-06-03,Pune,Support,4,4,20,11.123,2.7808,0,0,0.0,0.0
2025-06-03,Pune,Verification,12,12,47,58.657,4.8881,2,1,0.1667,0.0833
2025-06-04,Bengaluru,Fulfillment,8,8,28,104.839,13.1049,0,1,0.0,0.125
2025-06-04,Bengaluru,Intake,6,6,24,14.488,2.4147,0,1,0.0,0.1667
2025-06-04,Bengaluru,Support,5,5,22,13.755,2.751,0,0,0.0,0.0
2025-06-04,Bengaluru,Verification,16,16,56,79.197,4.9498,0,2,0.0,0.125
2025-06-04,Delhi,Fulfillment,9,9,27,136.972,15.2191,0,1,0.0,0.1111
2025-06-04,Delhi,Intake,11,10,47,21.072,2.1072,1,0,0.1,0.0
2025-06-04,Delhi,Support,2,2,7,6.231,3.1155,0,0,0.0,0.0
2025-06-04,Delhi,Verification,11,11,42,97.042,8.822,1,6,0.0909,0.5455
2025-06-04,Mumbai,Fulfillment,7,6,22,83.389,13.8982,0,0,0.0,0.0
2025-06-04,Mumbai,Intake,7,7,19,14.078,2.0111,0,0,0.0,0.0
2025-06-04,Mumbai,Support,5,5,21,26.683,5.3366,0,1,0.0,0.2
2025-06-04,Mumbai,Verification,15,14,56,66.523,4.7516,0,1,0.0,0.0714
2025-06-04,Pune,Fulfillment,11,11,40,120.297,10.9361,0,0,0.0,0.0
2025-06-04,Pune,Intake,7,7,35,8.953,1.279,0,0,0.0,0.0
2025-06-04,Pune,Verification,6,6,13,29.048,4.8413,1,1,0.1667,0.1667
2025-06-05,Bengaluru,Fulfillment,10,10,47,155.846,15.5846,1,1,0.1,0.1
2025-06-05,Bengaluru,Intake,6,6,25,12.471,2.0785,0,0,0.0,0.0
2025-06-05,Bengaluru,Support,6,6,29,15.768,2.628,0,0,0.0,0.0
2025-06-05,Bengaluru,Verification,7,7,34,33.411,4.773,0,0,0.0,0.0
2025-06-05,Delhi,Fulfillment,11,11,38,132.658,12.0598,2,1,0.1818,0.0909
2025-06-05,Delhi,Intake,12,12,38,20.221,1.6851,0,0,0.0,0.0
2025-06-05,Delhi,Support,3,2,5,6.302,3.151,0,0,0.0,0.0
2025-06-05,Delhi,Verification,4,4,16,31.212,7.803,1,2,0.25,0.5
2025-06-05,Mumbai,Fulfillment,13,12,48,167.463,13.9552,2,1,0.1667,0.0833
2025-06-05,Mumbai,Intake,18,18,59,40.916,2.2731,0,0,0.0,0.0
2025-06-05,Mumbai,Support,4,3,15,13.305,4.435,0,0,0.0,0.0
2025-06-05,Mumbai,Verification,11,10,50,45.214,4.5214,0,1,0.0,0.1
2025-06-05,Pune,Fulfillment,6,5,29,76.764,15.3528,0,0,0.0,0.0
2025-06-05,Pune,Intake,13,12,50,23.445,1.9538,0,1,0.0,0.0833
2025-06-05,Pune,Support,4,4,14,11.3,2.825,0,0,0.0,0.0
2025-06-05,Pune,Verification,9,9,34,43.881,4.8757,0,1,0.0,0.1111
2025-06-06,Bengaluru,Fulfillment,5,5,21,78.804,15.7608,0,0,0.0,0.0
2025-06-06,Bengaluru,Intake,8,8,27,16.698,2.0872,1,0,0.125,0.0
2025-06-06,Bengaluru,Support,1,1,6,1.9,1.9,0,0,0.0,0.0
2025-06-06,Bengaluru,Verification,5,4,14,12.661,3.1652,0,0,0.0,0.0
2025-06-06,Delhi,Fulfillment,9,8,29,136.539,17.0674,0,1,0.0,0.125
2025-06-06,Delhi,Intake,10,10,45,18.145,1.8145,0,0,0.0,0.0
2025-06-06,Delhi,Support,3,3,9,9.943,3.3143,0,0,0.0,0.0
2025-06-06,Delhi,Verification,6,6,24,53.167,8.8612,1,3,0.1667,0.5
2025-06-06,Mumbai,Fulfillment,12,12,40,155.452,12.9543,0,2,0.0,0.1667
2025-06-06,Mumbai,Intake,15,15,58,24.667,1.6445,0,1,0.0,0.0667
2025-06-06,Mumbai,Support,7,7,31,35.435,5.0621,1,2,0.1429,0.2857
2025-06-06,Mumbai,Verification,13,12,44,52.256,4.3547,0,0,0.0,0.0
2025-06-06,Pune,Fulfillment,7,7,23,85.359,12.1941,0,1,0.0,0.1429
2025-06-06,Pune,Intake,11,10,39,16.041,1.6041,0,0,0.0,0.0
2025-06-06,Pune,Verification,8,7,22,31.751,4.5359,0,1,0.0,0.1429
2025-06-07,Bengaluru,Fulfillment,8,7,28,100.96,14.4229,0,1,0.0,0.1429
2025-06-07,Bengaluru,Intake,4,4,19,8.392,2.098,0,0,0.0,0.0
2025-06-07,Bengaluru,Support,1,1,8,2.632,2.632,0,0,0.0,0.0
2025-06-07,Bengaluru,Verification,2,2,9,9.352,4.676,0,0,0.0,0.0
2025-06-07,Delhi,Fulfillment,8,8,27,115.231,14.4039,1,1,0.125,0.125
2025-06-07,Delhi,Intake,6,6,22,9.005,1.5008,1,0,0.1667,0.0
2025-06-07,Delhi,Support,2,2,9,5.684,2.842,0,0,0.0,0.0
2025-06-07,Delhi,Verification,7,7,31,44.399,6.3427,0,1,0.0,0.1429
2025-06-07,Mumbai,Fulfillment,10,10,36,119.929,11.9929,0,0,0.0,0.0
2025-06-07,Mumbai,Intake,13,13,65,36.839,2.8338,0,2,0.0,0.1538
2025-06-07,Mumbai,Support,3,3,17,14.181,4.727,0,1,0.0,0.3333
2025-06-07,Mumbai,Verification,12,12,47,60.876,5.073,0,2,0.0,0.1667
2025-06-07,Pune,Fulfillment,8,8,28,109.737,13.7171,1,0,0.125,0.0
2025-06-07,Pune,Intake,5,4,16,7.817,1.9542,0,0,0.0,0.0
2025-06-07,Pune,Support,1,1,3,2.667,2.667,0,0,0.0,0.0
2025-06-07,Pune,Verification,4,4,19,16.307,4.0768,0,0,0.0,0.0
2025-06-08,Bengaluru,Fulfillment,3,2,6,31.363,15.6815,0,0,0.0,0.0
2025-06-08,Bengaluru,Intake,2,2,4,2.679,1.3395,0,0,0.0,0.0
2025-06-08,Bengaluru,Support,3,3,11,17.849,5.9497,0,2,0.0,0.6667
2025-06-08,Bengaluru,Verification,3,3,8,16.428,5.476,0,0,0.0,0.0
2025-06-08,Delhi,Fulfillment,1,1,4,32.817,32.817,0,1,0.0,1.0
2025-06-08,Delhi,Intake,2,2,13,2.249,1.1245,0,0,0.0,0.0
2025-06-08,Delhi,Support,3,3,12,11.203,3.7343,0,0,0.0,0.0
2025-06-08,Delhi,Verification,7,6,27,46.483,7.7472,0,2,0.0,0.3333
2025-06-08,Mumbai,Fulfillment,1,1,3,17.417,17.417,0,0,0.0,0.0
2025-06-08,Mumbai,Intake,9,9,33,17.363,1.9292,1,0,0.1111,0.0
2025-06-08,Mumbai,Support,2,2,9,12.334,6.167,0,1,0.0,0.5
2025-06-08,Mumbai,Verification,5,5,17,32.691,6.5382,0,2,0.0,0.4
2025-06-08,Pune,Fulfillment,3,3,11,27.619,9.2063,0,0,0.0,0.0
2025-06-08,Pune,Intake,3,2,6,2.49,1.245,0,0,0.0,0.0
2025-06-08,Pune,Support,3,3,15,10.894,3.6313,0,0,0.0,0.0
2025-06-08,Pune,Verification,2,2,7,12.829,6.4145,0,1,0.0,0.5
2025-06-09,Bengaluru,Fulfillment,7,6,28,118.627,19.7712,1,2,0.1667,0.3333
2025-06-09,Bengaluru,Intake,7,7,27,21.649,3.0927,0,2,0.0,0.2857
2025-06-09,Bengaluru,Support,4,4,12,21.686,5.4215,1,2,0.25,0.5
2025-06-09,Bengaluru,Verification,13,13,59,100.231,7.7101,0,3,0.0,0.2308
2025-06-09,Delhi,Fulfillment,9,9,37,166.953,18.5503,0,3,0.0,0.3333
2025-06-09,Delhi,Intake,17,16,75,31.737,1.9836,1,0,0.0625,0.0
2025-06-09,Delhi,Support,5,5,13,16.737,3.3474,0,0,0.0,0.0
2025-06-09,Delhi,Verification,15,15,56,148.13,9.8753,0,9,0.0,0.6
2025-06-09,Mumbai,Fulfillment,24,22,91,333.778,15.1717,2,1,0.0909,0.0455
2025-06-09,Mumbai,Intake,15,15,51,28.765,1.9177,1,1,0.0667,0.0667
2025-06-09,Mumbai,Support,5,5,15,39.279,7.8558,1,3,0.2,0.6
2025-06-09,Mumbai,Verification,18,18,73,94.565,5.2536,0,4,0.0,0.2222
2025-06-09,Pune,Fulfillment,10,10,40,139.448,13.9448,0,1,0.0,0.1
2025-06-09,Pune,Intake,8,7,29,16.059,2.2941,0,0,0.0,0.0
2025-06-09,Pune,Support,2,2,11,9.182,4.591,0,0,0.0,0.0
2025-06-09,Pune,Verification,4,4,13,31.668,7.917,0,1,0.0,0.25
2025-06-10,Bengaluru,Fulfillment,9,9,31,173.073,19.2303,0,3,0.0,0.3333
2025-06-10,Bengaluru,Intake,11,10,49,22.254,2.2254,2,1,0.2,0.1
2025-06-10,Bengaluru,Support,2,2,3,12.075,6.0375,0,1,0.0,0.5
2025-06-10,Bengaluru,Verification,12,10,48,49.827,4.9827,0,0,0.0,0.0
2025-06-10,Delhi,Fulfillment,13,11,50,149.485,13.5895,0,0,0.0,0.0
2025-06-10,Delhi,Intake,11,11,41,22.374,2.034,1,0,0.0909,0.0
2025-06-10,Delhi,Support,1,1,5,5.612,5.612,0,0,0.0,0.0
2025-06-10,Delhi,Verification,15,15,53,130.764,8.7176,0,8,0.0,0.5333
2025-06-10,Mumbai,Fulfillment,18,18,76,253.282,14.0712,3,1,0.1667,0.0556
2025-06-10,Mumbai,Intake,19,19,69,38.853,2.0449,1,1,0.0526,0.0526
2025-06-10,Mumbai,Support,3,3,7,19.818,6.606,0,1,0.0,0.3333
2025-06-10,Mumbai,Verification,10,9,30,46.803,5.2003,0,1,0.0,0.1111
2025-06-10,Pune,Fulfillment,6,6,20,79.77,13.295,0,1,0.0,0.1667
2025-06-10,Pune,Intake,8,8,37,14.183,1.7729,0,0,0.0,0.0
2025-06-10,Pune,Support,2,2,9,8.18,4.09,1,0,0.5,0.0
2025-06-10,Pune,Verification,11,11,41,43.408,3.9462,0,0,0.0,0.0
2025-06-11,Bengaluru,Fulfillment,6,5,17,76.597,15.3194,0,1,0.0,0.2
2025-06-11,Bengaluru,Intake,9,6,17,11.732,1.9553,0,0,0.0,0.0
2025-06-11,Bengaluru,Support,1,1,7,1.3,1.3,0,0,0.0,0.0
2025-06-11,Bengaluru,Verification,7,6,27,27.864,4.644,0,0,0.0,0.0
2025-06-11,Delhi,Fulfillment,9,9,27,113.203,12.5781,0,0,0.0,0.0
2025-06-11,Delhi,Intake,8,8,36,16.745,2.0931,0,1,0.0,0.125
2025-06-11,Delhi,Support,2,2,9,5.383,2.6915,0,0,0.0,0.0
2025-06-11,Delhi,Verification,8,8,26,69.042,8.6302,1,2,0.125,0.25
2025-06-11,Mumbai,Fulfillment,11,10,38,131.576,13.1576,0,0,0.0,0.0
2025-06-11,Mumbai,Intake,10,9,45,14.846,1.6496,0,0,0.0,0.0
2025-06-11,Mumbai,Support,6,6,22,18.079,3.0132,0,0,0.0,0.0
2025-06-11,Mumbai,Verification,16,16,65,78.558,4.9099,0,3,0.0,0.1875
2025-06-11,Pune,Fulfillment,12,12,56,139.577,11.6314,2,0,0.1667,0.0
2025-06-11,Pune,Intake,5,5,19,11.117,2.2234,0,0,0.0,0.0
2025-06-11,Pune,Support,3,3,10,10.879,3.6263,0,0,0.0,0.0
2025-06-11,Pune,Verification,9,9,40,48.684,5.4093,0,2,0.0,0.2222
2025-06-12,Bengaluru,Fulfillment,4,4,13,50.905,12.7262,0,0,0.0,0.0
2025-06-12,Bengaluru,Intake,7,7,45,12.702,1.8146,0,0,0.0,0.0
2025-06-12,Bengaluru,Support,4,4,9,11.472,2.868,0,0,0.0,0.0
2025-06-12,Bengaluru,Verification,7,6,22,22.856,3.8093,0,0,0.0,0.0
2025-06-12,Delhi,Fulfillment,11,11,47,138.109,12.5554,0,1,0.0,0.0909
2025-06-12,Delhi,Intake,15,12,58,18.002,1.5002,0,0,0.0,0.0
2025-06-12,Delhi,Support,5,5,21,16.9,3.38,0,0,0.0,0.0
2025-06-12,Delhi,Verification,11,11,48,103.688,9.4262,0,6,0.0,0.5455
2025-06-12,Mumbai,Fulfillment,15,15,49,238.996,15.9331,0,3,0.0,0.2
2025-06-12,Mumbai,Intake,12,12,53,31.791,2.6492,0,0,0.0,0.0
2025-06-12,Mumbai,Support,6,6,16,19.58,3.2633,0,0,0.0,0.0
2025-06-12,Mumbai,Verification,12,10,31,41.916,4.1916,0,0,0.0,0.0
2025-06-12,Pune,Fulfillment,8,8,30,108.837,13.6046,0,0,0.0,0.0
2025-06-12,Pune,Intake,10,10,44,15.054,1.5054,1,0,0.1,0.0
2025-06-12,Pune,Support,3,3,15,8.869,2.9563,0,0,0.0,0.0
2025-06-12,Pune,Verification,5,5,20,27.038,5.4076,0,1,0.0,0.2
2025-06-13,Bengaluru,Fulfillment,4,4,13,40.927,10.2318,0,0,0.0,0.0
2025-06-13,Bengaluru,Intake,4,3,8,6.023,2.0077,0,0,0.0,0.0
2025-06-13,Bengaluru,Support,1,1,4,1.867,1.867,0,0,0.0,0.0
2025-06-13,Bengaluru,Verification,9,9,32,39.16,4.3511,0,0,0.0,0.0
2025-06-13,Delhi,Fulfillment,9,8,26,110.684,13.8355,0,1,0.0,0.125
2025-06-13,Delhi,Intake,9,9,39,22.878,2.542,0,1,0.0,0.1111
2025-06-13,Delhi,Support,3,3,13,8.672,2.8907,0,0,0.0,0.0
2025-06-13,Delhi,Verification,9,9,31,75.455,8.3839,1,4,0.1111,0.4444
2025-06-13,Mumbai,Fulfillment,12,11,40,180.283,16.3894,0,3,0.0,0.2727
2025-06-13,Mumbai,Intake,14,12,42,28.639,2.3866,0,2,0.0,0.1667
2025-06-13,Mumbai,Support,5,5,12,17.129,3.4258,0,0,0.0,0.0
2025-06-13,Mumbai,Verification,14,14,62,58.793,4.1995,0,0,0.0,0.0
2025-06-13,Pune,Fulfillment,9,8,30,97.429,12.1786,0,0,0.0,0.0
2025-06-13,Pune,Intake,9,8,31,18.01,2.2513,0,1,0.0,0.125
2025-06-13,Pune,Support,1,1,5,3.95,3.95,0,0,0.0,0.0
2025-06-13,Pune,Verification,7,7,28,26.808,3.8297,0,0,0.0,0.0
2025-06-14,Bengaluru,Fulfillment,3,2,7,35.49,17.745,0,0,0.0,0.0
2025-06-14,Bengaluru,Intake,5,4,15,5.92,1.48,0,0,0.0,0.0
2025-06-14,Bengaluru,Support,1,0,0,0.0,,0,0,,
2025-06-14,Bengaluru,Verification,7,7,26,23.238,3.3197,0,0,0.0,0.0
2025-06-14,Delhi,Fulfillment,4,4,18,44.063,11.0158,0,0,0.0,0.0
2025-06-14,Delhi,Intake,9,9,35,21.733,2.4148,1,1,0.1111,0.1111
2025-06-14,Delhi,Support,3,3,17,12.381,4.127,0,0,0.0,0.0
2025-06-14,Delhi,Verification,8,8,33,69.772,8.7215,0,4,0.0,0.5
2025-06-14,Mumbai,Fulfillment,3,3,11,20.856,6.952,0,0,0.0,0.0
2025-06-14,Mumbai,Intake,6,6,29,12.99,2.165,0,0,0.0,0.0
2025-06-14,Mumbai,Support,3,3,11,8.231,2.7437,0,0,0.0,0.0
2025-06-14,Mumbai,Verification,3,3,8,12.647,4.2157,0,0,0.0,0.0
2025-06-14,Pune,Fulfillment,5,5,22,55.522,11.1044,0,0,0.0,0.0
2025-06-14,Pune,Intake,1,1,3,4.724,4.724,0,1,0.0,1.0
2025-06-14,Pune,Support,2,2,9,9.901,4.9505,0,0,0.0,0.0
2025-06-14,Pune,Verification,5,5,19,27.51,5.502,0,1,0.0,0.2
2025-06-15,Bengaluru,Fulfillment,3,3,9,56.76,18.92,0,1,0.0,0.3333
2025-06-15,Bengaluru,Intake,3,3,13,4.134,1.378,0,0,0.0,0.0
2025-06-15,Bengaluru,Support,1,1,3,4.78,4.78,0,0,0.0,0.0
2025-06-15,Bengaluru,Verification,5,5,17,26.612,5.3224,0,0,0.0,0.0
2025-06-15,Delhi,Fulfillment,7,7,31,96.771,13.8244,0,0,0.0,0.0
2025-06-15,Delhi,Intake,9,8,29,12.872,1.609,0,0,0.0,0.0
2025-06-15,Delhi,Support,2,2,11,5.98,2.99,0,0,0.0,0.0
2025-06-15,Delhi,Verification,5,5,23,40.972,8.1944,0,3,0.0,0.6
2025-06-15,Mumbai,Fulfillment,8,8,42,109.59,13.6988,0,0,0.0,0.0
2025-06-15,Mumbai,Intake,12,12,44,30.301,2.5251,0,2,0.0,0.1667
2025-06-15,Mumbai,Support,3,3,14,12.128,4.0427,0,0,0.0,0.0
2025-06-15,Mumbai,Verification,7,7,40,50.789,7.2556,0,3,0.0,0.4286
2025-06-15,Pune,Fulfillment,4,4,15,44.606,11.1515,0,0,0.0,0.0
2025-06-15,Pune,Intake,4,4,13,8.508,2.127,0,0,0.0,0.0
2025-06-15,Pune,Support,3,3,6,9.206,3.0687,0,0,0.0,0.0
2025-06-15,Pune,Verification,4,3,11,20.943,6.981,0,1,0.0,0.3333
2025-06-16,Bengaluru,Fulfillment,5,4,14,53.191,13.2978,0,0,0.0,0.0
2025-06-16,Bengaluru,Intake,19,19,80,41.27,2.1721,1,2,0.0526,0.1053
2025-06-16,Bengaluru,Support,3,3,12,17.287,5.7623,0,1,0.0,0.3333
2025-06-16,Bengaluru,Verification,13,12,50,64.762,5.3968,1,3,0.0833,0.25
2025-06-16,Delhi,Fulfillment,11,10,41,165.364,16.5364,0,1,0.0,0.1
2025-06-16,Delhi,Intake,9,9,34,19.404,2.156,0,1,0.0,0.1111
2025-06-16,Delhi,Support,4,4,9,17.781,4.4452,0,0,0.0,0.0
2025-06-16,Delhi,Verification,16,16,74,133.015,8.3134,1,6,0.0625,0.375
2025-06-16,Mumbai,Fulfillment,13,13,65,211.838,16.2952,0,1,0.0,0.0769
2025-06-16,Mumbai,Intake,16,16,64,40.088,2.5055,0,2,0.0,0.125
2025-06-16,Mumbai,Support,9,8,26,35.228,4.4035,0,1,0.0,0.125
2025-06-16,Mumbai,Verification,11,11,38,69.594,6.3267,0,1,0.0,0.0909
2025-06-16,Pune,Fulfillment,10,9,36,119.587,13.2874,0,1,0.0,0.1111
2025-06-16,Pune,Intake,6,6,17,13.023,2.1705,0,0,0.0,0.0
2025-06-16,Pune,Support,2,2,9,13.713,6.8565,0,1,0.0,0.5
2025-06-16,Pune,Verification,9,8,29,30.535,3.8169,0,0,0.0,0.0
2025-06-17,Bengaluru,Fulfillment,12,11,48,122.557,11.1415,1,0,0.0909,0.0
2025-06-17,Bengaluru,Intake,15,15,63,32.4,2.16,0,2,0.0,0.1333
2025-06-17,Bengaluru,Support,2,2,6,5.818,2.909,0,0,0.0,0.0
2025-06-17,Bengaluru,Verification,7,7,23,27.866,3.9809,0,0,0.0,0.0
2025-06-17,Delhi,Fulfillment,4,4,19,75.081,18.7702,0,0,0.0,0.0
2025-06-17,Delhi,Intake,16,15,61,33.747,2.2498,0,0,0.0,0.0
2025-06-17,Delhi,Support,1,1,4,4.775,4.775,0,0,0.0,0.0
2025-06-17,Delhi,Verification,14,14,62,126.462,9.033,1,7,0.0714,0.5
2025-06-17,Mumbai,Fulfillment,14,13,45,196.41,15.1085,0,1,0.0,0.0769
2025-06-17,Mumbai,Intake,18,18,67,33.344,1.8524,0,0,0.0,0.0
2025-06-17,Mumbai,Support,10,10,45,22.582,2.2582,0,0,0.0,0.0
2025-06-17,Mumbai,Verification,14,14,57,72.27,5.1621,0,1,0.0,0.0714
2025-06-17,Pune,Fulfillment,4,4,16,59.007,14.7518,0,1,0.0,0.25
2025-06-17,Pune,Intake,2,2,13,2.431,1.2155,0,0,0.0,0.0
2025-06-17,Pune,Support,1,1,4,3.45,3.45,0,0,0.0,0.0
2025-06-17,Pune,Verification,9,9,32,44.114,4.9016,0,0,0.0,0.0
2025-06-18,Bengaluru,Fulfillment,7,7,20,87.774,12.5391,1,1,0.1429,0.1429
2025-06-18,Bengaluru,Intake,8,8,25,15.614,1.9518,0,0,0.0,0.0
2025-06-18,Bengaluru,Support,3,3,13,15.629,5.2097,1,1,0.3333,0.3333
2025-06-18,Bengaluru,Verification,8,8,29,34.981,4.3726,0,0,0.0,0.0
2025-06-18,Delhi,Fulfillment,9,9,30,151.515,16.835,0,3,0.0,0.3333
2025-06-18,Delhi,Intake,12,12,46,19.683,1.6402,0,0,0.0,0.0
2025-06-18,Delhi,Support,7,7,21,29.89,4.27,0,2,0.0,0.2857
2025-06-18,Delhi,Verification,7,7,37,56.757,8.1081,0,4,0.0,0.5714
2025-06-18,Mumbai,Fulfillment,11,11,49,152.727,13.8843,0,0,0.0,0.0
2025-06-18,Mumbai,Intake,12,12,51,26.564,2.2137,0,0,0.0,0.0
2025-06-18,Mumbai,Support,4,4,15,15.121,3.7802,0,0,0.0,0.0
2025-06-18,Mumbai,Verification,28,27,85,122.79,4.5478,1,1,0.037,0.037
2025-06-18,Pune,Fulfillment,4,4,16,50.417,12.6042,0,1,0.0,0.25
2025-06-18,Pune,Intake,8,6,29,10.027,1.6712,0,0,0.0,0.0
2025-06-18,Pune,Support,3,3,13,8.259,2.753,0,0,0.0,0.0
2025-06-18,Pune,Verification,9,9,45,44.111,4.9012,0,1,0.0,0.1111
2025-06-19,Bengaluru,Fulfillment,7,5,22,81.832,16.3664,0,0,0.0,0.0
2025-06-19,Bengaluru,Intake,2,2,13,3.359,1.6795,0,0,0.0,0.0
2025-06-19,Bengaluru,Support,4,4,10,9.383,2.3457,0,0,0.0,0.0
2025-06-19,Bengaluru,Verification,5,5,19,17.794,3.5588,0,0,0.0,0.0
2025-06-19,Delhi,Fulfillment,12,11,39,124.369,11.3063,0,0,0.0,0.0
2025-06-19,Delhi,Intake,8,8,32,15.382,1.9228,0,0,0.0,0.0
2025-06-19,Delhi,Support,3,3,12,13.07,4.3567,0,1,0.0,0.3333
2025-06-19,Delhi,Verification,11,11,42,97.273,8.843,0,5,0.0,0.4545
2025-06-19,Mumbai,Fulfillment,18,18,61,238.38,13.2433,1,1,0.0556,0.0556
2025-06-19,Mumbai,Intake,12,11,44,24.709,2.2463,0,0,0.0,0.0
2025-06-19,Mumbai,Support,5,5,15,14.537,2.9074,0,0,0.0,0.0
2025-06-19,Mumbai,Verification,11,11,41,57.015,5.1832,0,1,0.0,0.0909
2025-06-19,Pune,Fulfillment,7,6,22,78.795,13.1325,0,0,0.0,0.0
2025-06-19,Pune,Intake,4,4,9,6.674,1.6685,0,0,0.0,0.0
2025-06-19,Pune,Support,1,1,5,1.85,1.85,0,0,0.0,0.0
2025-06-19,Pune,Verification,3,3,15,15.486,5.162,0,0,0.0,0.0
2025-06-20,Bengaluru,Fulfillment,16,16,70,219.753,13.7346,0,2,0.0,0.125
2025-06-20,Bengaluru,Intake,11,10,34,22.164,2.2164,1,0,0.1,0.0
2025-06-20,Bengaluru,Support,2,2,7,3.856,1.928,0,0,0.0,0.0
2025-06-20,Bengaluru,Verification,6,6,24,26.237,4.3728,0,0,0.0,0.0
2025-06-20,Delhi,Fulfillment,7,7,31,112.647,16.0924,0,1,0.0,0.1429
2025-06-20,Delhi,Intake,6,6,26,9.455,1.5758,0,0,0.0,0.0
2025-06-20,Delhi,Support,6,5,24,14.017,2.8034,0,0,0.0,0.0
2025-06-20,Delhi,Verification,13,12,45,105.62,8.8017,0,8,0.0,0.6667
2025-06-20,Mumbai,Fulfillment,12,12,49,159.039,13.2532,0,0,0.0,0.0
2025-06-20,Mumbai,Intake,12,12,58,20.993,1.7494,0,1,0.0,0.0833
2025-06-20,Mumbai,Support,3,3,10,9.171,3.057,0,0,0.0,0.0
2025-06-20,Mumbai,Verification,15,13,51,63.384,4.8757,1,1,0.0769,0.0769
2025-06-20,Pune,Fulfillment,6,5,21,61.491,12.2982,0,0,0.0,0.0
2025-06-20,Pune,Intake,6,6,29,9.062,1.5103,0,0,0.0,0.0
2025-06-20,Pune,Support,1,1,3,2.302,2.302,0,0,0.0,0.0
2025-06-20,Pune,Verification,5,4,21,20.856,5.214,0,1,0.0,0.25
2025-06-21,Bengaluru,Fulfillment,5,5,26,91.77,18.354,1,1,0.2,0.2
2025-06-21,Bengaluru,Intake,4,4,25,6.761,1.6902,0,0,0.0,0.0
2025-06-21,Bengaluru,Support,1,1,3,2.833,2.833,0,0,0.0,0.0
2025-06-21,Bengaluru,Verification,4,3,15,10.93,3.6433,0,0,0.0,0.0
2025-06-21,Delhi,Fulfillment,6,6,21,78.341,13.0568,0,1,0.0,0.1667
2025-06-21,Delhi,Intake,8,8,25,14.599,1.8249,0,0,0.0,0.0
2025-06-21,Delhi,Support,2,2,3,8.631,4.3155,0,0,0.0,0.0
2025-06-21,Delhi,Verification,6,6,25,41.269,6.8782,0,2,0.0,0.3333
2025-06-21,Mumbai,Fulfillment,7,7,20,89.668,12.8097,0,1,0.0,0.1429
2025-06-21,Mumbai,Intake,10,10,34,20.407,2.0407,1,0,0.1,0.0
2025-06-21,Mumbai,Support,3,3,11,10.553,3.5177,0,0,0.0,0.0
2025-06-21,Mumbai,Verification,7,7,23,28.722,4.1031,0,0,0.0,0.0
2025-06-21,Pune,Fulfillment,6,5,16,62.619,12.5238,0,0,0.0,0.0
2025-06-21,Pune,Intake,9,9,35,14.628,1.6253,0,0,0.0,0.0
2025-06-21,Pune,Verification,3,3,12,12.385,4.1283,0,0,0.0,0.0
2025-06-22,Bengaluru,Fulfillment,6,5,23,57.471,11.4942,0,0,0.0,0.0
2025-06-22,Bengaluru,Intake,10,10,49,26.068,2.6068,0,1,0.0,0.1
2025-06-22,Delhi,Fulfillment,4,3,11,31.4,10.4667,0,0,0.0,0.0
2025-06-22,Delhi,Intake,7,6,26,15.167,2.5278,0,1,0.0,0.1667
2025-06-22,Delhi,Support,2,2,11,9.668,4.834,0,1,0.0,0.5
2025-06-22,Delhi,Verification,4,4,16,22.085,5.5212,0,1,0.0,0.25
2025-06-22,Mumbai,Fulfillment,7,7,33,99.995,14.285,0,1,0.0,0.1429
2025-06-22,Mumbai,Intake,7,7,36,16.847,2.4067,0,0,0.0,0.0
2025-06-22,Mumbai,Support,3,2,6,6.015,3.0075,0,0,0.0,0.0
2025-06-22,Mumbai,Verification,11,11,48,60.01,5.4555,0,1,0.0,0.0909
2025-06-22,Pune,Fulfillment,1,1,3,19.898,19.898,0,0,0.0,0.0
2025-06-22,Pune,Intake,6,6,25,10.831,1.8052,0,0,0.0,0.0
2025-06-22,Pune,Verification,6,6,20,19.676,3.2793,0,0,0.0,0.0
2025-06-23,Bengaluru,Fulfillment,8,7,20,162.655,23.2364,1,3,0.1429,0.4286
2025-06-23,Bengaluru,Intake,11,10,42,24.656,2.4656,1,0,0.1,0.0
2025-06-23,Bengaluru,Support,5,5,25,20.478,4.0956,0,0,0.0,0.0
2025-06-23,Bengaluru,Verification,10,10,47,57.284,5.7284,0,1,0.0,0.1
2025-06-23,Delhi,Fulfillment,12,12,55,216.365,18.0304,1,3,0.0833,0.25
2025-06-23,Delhi,Intake,13,12,45,31.503,2.6252,1,1,0.0833,0.0833
2025-06-23,Delhi,Support,8,8,33,37.988,4.7485,0,2,0.0,0.25
2025-06-23,Delhi,Verification,15,15,65,108.429,7.2286,0,5,0.0,0.3333
2025-06-23,Mumbai,Fulfillment,14,14,65,221.131,15.7951,0,2,0.0,0.1429
2025-06-23,Mumbai,Intake,16,14,41,37.539,2.6814,0,2,0.0,0.1429
2025-06-23,Mumbai,Support,9,8,30,32.576,4.072,0,1,0.0,0.125
2025-06-23,Mumbai,Verification,14,14,59,78.384,5.5989,2,4,0.1429,0.2857
2025-06-23,Pune,Fulfillment,10,10,46,227.198,22.7198,0,4,0.0,0.4
2025-06-23,Pune,Intake,7,7,25,16.427,2.3467,0,0,0.0,0.0
2025-06-23,Pune,Support,2,2,9,7.783,3.8915,0,0,0.0,0.0
2025-06-23,Pune,Verification,7,7,28,42.948,6.1354,0,2,0.0,0.2857
2025-06-24,Bengaluru,Fulfillment,10,9,33,155.371,17.2634,0,1,0.0,0.1111
2025-06-24,Bengaluru,Intake,5,5,12,7.941,1.5882,0,0,0.0,0.0
2025-06-24,Bengaluru,Support,5,5,20,14.861,2.9722,0,0,0.0,0.0
2025-06-24,Bengaluru,Verification,15,14,57,69.279,4.9485,1,1,0.0714,0.0714
2025-06-24,Delhi,Fulfillment,8,7,21,71.257,10.1796,0,0,0.0,0.0
2025-06-24,Delhi,Intake,7,6,20,11.345,1.8908,0,0,0.0,0.0
2025-06-24,Delhi,Support,1,1,2,1.619,1.619,0,0,0.0,0.0
2025-06-24,Delhi,Verification,12,12,39,126.537,10.5448,1,9,0.0833,0.75
2025-06-24,Mumbai,Fulfillment,13,13,49,215.854,16.6042,1,1,0.0769,0.0769
2025-06-24,Mumbai,Intake,12,12,44,22.766,1.8972,0,0,0.0,0.0
2025-06-24,Mumbai,Support,9,9,32,31.744,3.5271,0,0,0.0,0.0
2025-06-24,Mumbai,Verification,16,16,65,81.927,5.1204,0,1,0.0,0.0625
2025-06-24,Pune,Fulfillment,7,7,27,82.329,11.7613,1,0,0.1429,0.0
2025-06-24,Pune,Intake,7,7,28,11.814,1.6877,0,0,0.0,0.0
2025-06-24,Pune,Support,1,1,7,5.999,5.999,0,0,0.0,0.0
2025-06-24,Pune,Verification,8,8,28,48.776,6.097,0,0,0.0,0.0
2025-06-25,Bengaluru,Fulfillment,11,9,35,109.752,12.1947,1,1,0.1111,0.1111
2025-06-25,Bengaluru,Intake,7,7,32,11.371,1.6244,0,0,0.0,0.0
2025-06-25,Bengaluru,Support,3,3,12,9.584,3.1947,0,0,0.0,0.0
2025-06-25,Bengaluru,Verification,14,14,61,74.547,5.3248,0,1,0.0,0.0714
2025-06-25,Delhi,Fulfillment,10,10,39,164.788,16.4788,0,2,0.0,0.2
2025-06-25,Delhi,Intake,11,11,36,21.731,1.9755,0,1,0.0,0.0909
2025-06-25,Delhi,Support,6,5,13,19.806,3.9612,0,1,0.0,0.2
2025-06-25,Delhi,Verification,8,8,32,55.46,6.9325,1,3,0.125,0.375
2025-06-25,Mumbai,Fulfillment,14,13,62,190.798,14.6768,1,1,0.0769,0.0769
2025-06-25,Mumbai,Intake,12,12,52,23.225,1.9354,0,0,0.0,0.0
2025-06-25,Mumbai,Support,4,3,11,11.618,3.8727,0,0,0.0,0.0
2025-06-25,Mumbai,Verification,11,9,31,33.007,3.6674,0,0,0.0,0.0
2025-06-25,Pune,Fulfillment,9,9,43,110.712,12.3013,1,1,0.1111,0.1111
2025-06-25,Pune,Intake,8,8,37,15.009,1.8761,0,0,0.0,0.0
2025-06-25,Pune,Support,2,2,9,3.303,1.6515,0,0,0.0,0.0
2025-06-25,Pune,Verification,11,11,38,44.72,4.0655,0,1,0.0,0.0909
2025-06-26,Bengaluru,Fulfillment,8,8,24,75.236,9.4045,1,0,0.125,0.0
2025-06-26,Bengaluru,Intake,7,6,19,10.936,1.8227,0,0,0.0,0.0
2025-06-26,Bengaluru,Support,4,4,13,13.319,3.3298,0,0,0.0,0.0
2025-06-26,Bengaluru,Verification,5,4,14,18.824,4.706,0,0,0.0,0.0
2025-06-26,Delhi,Fulfillment,7,6,24,114.077,19.0128,0,0,0.0,0.0
2025-06-26,Delhi,Intake,10,10,38,14.663,1.4663,0,0,0.0,0.0
2025-06-26,Delhi,Support,3,3,13,7.107,2.369,0,0,0.0,0.0
2025-06-26,Delhi,Verification,10,9,37,64.416,7.1573,0,1,0.0,0.1111
2025-06-26,Mumbai,Fulfillment,11,11,62,160.073,14.5521,1,1,0.0909,0.0909
2025-06-26,Mumbai,Intake,13,12,41,28.032,2.336,1,0,0.0833,0.0
2025-06-26,Mumbai,Support,5,5,12,17.079,3.4158,0,0,0.0,0.0
2025-06-26,Mumbai,Verification,14,13,53,72.233,5.5564,1,2,0.0769,0.1538
2025-06-26,Pune,Fulfillment,9,7,27,73.87,10.5529,0,1,0.0,0.1429
2025-06-26,Pune,Intake,9,9,34,16.651,1.8501,0,0,0.0,0.0
2025-06-26,Pune,Support,1,1,5,2.867,2.867,0,0,0.0,0.0
2025-06-26,Pune,Verification,8,8,29,37.621,4.7026,0,0,0.0,0.0
2025-06-27,Bengaluru,Fulfillment,14,14,54,187.277,13.3769,0,1,0.0,0.0714
2025-06-27,Bengaluru,Intake,6,6,24,15.054,2.509,0,1,0.0,0.1667
2025-06-27,Bengaluru,Support,5,5,20,14.895,2.979,0,0,0.0,0.0
2025-06-27,Bengaluru,Verification,8,8,38,27.289,3.4111,0,0,0.0,0.0
2025-06-27,Delhi,Fulfillment,11,11,52,157.64,14.3309,1,1,0.0909,0.0909
2025-06-27,Delhi,Intake,9,9,30,17.208,1.912,0,0,0.0,0.0
2025-06-27,Delhi,Support,2,2,12,9.5,4.75,0,0,0.0,0.0
2025-06-27,Delhi,Verification,13,13,66,116.467,8.959,2,8,0.1538,0.6154
2025-06-27,Mumbai,Fulfillment,10,10,32,158.081,15.8081,0,1,0.0,0.1
2025-06-27,Mumbai,Intake,16,16,67,29.658,1.8536,2,0,0.125,0.0
2025-06-27,Mumbai,Support,4,3,12,10.205,3.4017,0,0,0.0,0.0
2025-06-27,Mumbai,Verification,9,9,37,38.689,4.2988,0,0,0.0,0.0
2025-06-27,Pune,Fulfillment,7,6,22,86.488,14.4147,0,1,0.0,0.1667
2025-06-27,Pune,Intake,6,6,22,10.558,1.7597,0,0,0.0,0.0
2025-06-27,Pune,Verification,8,8,36,27.444,3.4305,0,0,0.0,0.0
2025-06-28,Bengaluru,Fulfillment,2,2,6,35.967,17.9835,0,1,0.0,0.5
2025-06-28,Bengaluru,Intake,3,3,8,5.286,1.762,0,0,0.0,0.0
2025-06-28,Bengaluru,Verification,4,4,19,14.529,3.6322,0,0,0.0,0.0
2025-06-28,Delhi,Fulfillment,4,4,14,66.829,16.7073,0,2,0.0,0.5
2025-06-28,Delhi,Intake,5,5,23,10.338,2.0676,1,0,0.2,0.0
2025-06-28,Delhi,Support,3,3,15,11.319,3.773,0,1,0.0,0.3333
2025-06-28,Delhi,Verification,6,6,22,40.93,6.8217,0,2,0.0,0.3333
2025-06-28,Mumbai,Fulfillment,11,11,40,196.531,17.8665,1,2,0.0909,0.1818
2025-06-28,Mumbai,Intake,9,9,36,17.964,1.996,0,0,0.0,0.0
2025-06-28,Mumbai,Support,3,3,10,15.997,5.3323,0,1,0.0,0.3333
2025-06-28,Mumbai,Verification,5,5,21,27.1,5.42,0,1,0.0,0.2
2025-06-28,Pune,Fulfillment,3,3,15,26.118,8.706,0,0,0.0,0.0
2025-06-28,Pune,Intake,5,3,11,5.824,1.9413,0,0,0.0,0.0
2025-06-28,Pune,Support,4,4,16,9.22,2.305,0,0,0.0,0.0
2025-06-28,Pune,Verification,1,1,3,3.683,3.683,0,0,0.0,0.0
2025-06-29,Bengaluru,Fulfillment,4,4,19,47.215,11.8037,0,0,0.0,0.0
2025-06-29,Bengaluru,Intake,4,4,14,5.003,1.2508,0,0,0.0,0.0
2025-06-29,Bengaluru,Verification,3,3,16,21.071,7.0237,0,1,0.0,0.3333
2025-06-29,Delhi,Fulfillment,5,5,19,97.439,19.4878,0,1,0.0,0.2
2025-06-29,Delhi,Intake,6,6,24,11.572,1.9287,0,0,0.0,0.0
2025-06-29,Delhi,Support,1,1,5,3.683,3.683,0,0,0.0,0.0
2025-06-29,Delhi,Verification,6,5,26,30.492,6.0984,0,2,0.0,0.4
2025-06-29,Mumbai,Fulfillment,6,6,22,57.262,9.5437,0,0,0.0,0.0
2025-06-29,Mumbai,Intake,6,6,18,11.216,1.8693,0,0,0.0,0.0
2025-06-29,Mumbai,Verification,3,3,7,23.938,7.9793,0,2,0.0,0.6667
2025-06-29,Pune,Fulfillment,4,4,25,45.003,11.2508,0,0,0.0,0.0
2025-06-29,Pune,Intake,5,5,24,7.818,1.5636,0,0,0.0,0.0
2025-06-29,Pune,Verification,5,5,21,30.506,6.1012,0,1,0.0,0.2
2025-06-30,Bengaluru,Fulfillment,12,12,43,215.246,17.9372,1,2,0.0833,0.1667
2025-06-30,Bengaluru,Intake,9,8,38,24.996,3.1245,0,3,0.0,0.375
2025-06-30,Bengaluru,Support,3,3,9,15.826,5.2753,0,1,0.0,0.3333
2025-06-30,Bengaluru,Verification,12,11,53,48.818,4.438,0,0,0.0,0.0
2025-06-30,Delhi,Fulfillment,12,12,51,214.929,17.9108,0,2,0.0,0.1667
2025-06-30,Delhi,Intake,13,13,55,36.801,2.8308,2,5,0.1538,0.3846
2025-06-30,Delhi,Support,6,6,26,28.566,4.761,1,2,0.1667,0.3333
2025-06-30,Delhi,Verification,14,12,40,120.058,10.0048,1,8,0.0833,0.6667
2025-06-30,Mumbai,Fulfillment,12,11,45,171.308,15.5735,1,1,0.0909,0.0909
2025-06-30,Mumbai,Intake,19,19,79,47.369,2.4931,0,1,0.0,0.0526
2025-06-30,Mumbai,Support,6,5,21,21.482,4.2964,0,1,0.0,0.2
2025-06-30,Mumbai,Verification,12,12,46,66.217,5.5181,0,2,0.0,0.1667
2025-06-30,Pune,Fulfillment,8,8,29,122.988,15.3735,0,0,0.0,0.0
2025-06-30,Pune,Intake,11,10,41,18.731,1.8731,2,0,0.2,0.0
2025-06-30,Pune,Support,3,3,8,8.748,2.916,0,0,0.0,0.0
2025-06-30,Pune,Verification,16,16,71,95.433,5.9646,0,3,0.0,0.1875
2025-07-01,Bengaluru,Fulfillment,6,6,27,94.405,15.7342,0,0,0.0,0.0
2025-07-01,Bengaluru,Intake,8,8,31,16.155,2.0194,0,1,0.0,0.125
2025-07-01,Bengaluru,Support,5,5,18,19.574,3.9148,0,0,0.0,0.0
2025-07-01,Bengaluru,Verification,9,9,37,51.769,5.7521,0,2,0.0,0.2222
2025-07-01,Delhi,Fulfillment,5,5,13,71.262,14.2524,0,0,0.0,0.0
2025-07-01,Delhi,Intake,8,8,31,13.522,1.6902,1,0,0.125,0.0
2025-07-01,Delhi,Support,3,3,11,9.941,3.3137,0,0,0.0,0.0
2025-07-01,Delhi,Verification,10,9,23,74.102,8.2336,0,3,0.0,0.3333
2025-07-01,Mumbai,Fulfillment,19,19,72,287.591,15.1364,1,1,0.0526,0.0526
2025-07-01,Mumbai,Intake,21,21,82,39.904,1.9002,0,0,0.0,0.0
2025-07-01,Mumbai,Support,2,2,11,5.781,2.8905,0,0,0.0,0.0
2025-07-01,Mumbai,Verification,14,14,53,66.996,4.7854,0,2,0.0,0.1429
2025-07-01,Pune,Fulfillment,9,9,35,124.732,13.8591,0,1,0.0,0.1111
2025-07-01,Pune,Intake,13,12,60,18.513,1.5428,1,0,0.0833,0.0
2025-07-01,Pune,Support,5,5,11,15.711,3.1422,0,0,0.0,0.0
2025-07-01,Pune,Verification,11,11,38,43.809,3.9826,1,0,0.0909,0.0
2025-07-02,Bengaluru,Fulfillment,8,8,27,120.794,15.0992,0,1,0.0,0.125
2025-07-02,Bengaluru,Intake,11,10,37,21.944,2.1944,1,0,0.1,0.0
2025-07-02,Bengaluru,Support,1,1,7,2.617,2.617,0,0,0.0,0.0
2025-07-02,Bengaluru,Verification,11,11,40,49.3,4.4818,0,0,0.0,0.0
2025-07-02,Delhi,Fulfillment,7,7,29,95.729,13.6756,1,0,0.1429,0.0
2025-07-02,Delhi,Intake,11,11,44,19.816,1.8015,0,0,0.0,0.0
2025-07-02,Delhi,Support,4,4,11,16.585,4.1462,0,0,0.0,0.0
2025-07-02,Delhi,Verification,6,6,26,50.794,8.4657,0,2,0.0,0.3333
2025-07-02,Mumbai,Fulfillment,6,6,26,79.519,13.2532,0,1,0.0,0.1667
2025-07-02,Mumbai,Intake,11,10,33,24.053,2.4053,1,1,0.1,0.1
2025-07-02,Mumbai,Support,8,8,36,24.187,3.0234,1,0,0.125,0.0
2025-07-02,Mumbai,Verification,12,12,44,48.472,4.0393,0,0,0.0,0.0
2025-07-02,Pune,Fulfillment,8,8,31,108.581,13.5726,0,1,0.0,0.125
2025-07-02,Pune,Intake,6,6,23,13.035,2.1725,0,0,0.0,0.0
2025-07-02,Pune,Support,5,4,11,15.317,3.8292,0,0,0.0,0.0
2025-07-02,Pune,Verification,7,7,27,33.442,4.7774,0,2,0.0,0.2857
2025-07-03,Bengaluru,Fulfillment,11,10,31,142.113,14.2113,1,1,0.1,0.1
2025-07-03,Bengaluru,Intake,7,7,22,15.705,2.2436,0,0,0.0,0.0
2025-07-03,Bengaluru,Verification,15,15,55,77.714,5.1809,1,1,0.0667,0.0667
2025-07-03,Delhi,Fulfillment,14,13,56,197.403,15.1848,0,2,0.0,0.1538
2025-07-03,Delhi,Intake,13,12,53,22.611,1.8842,1,0,0.0833,0.0
2025-07-03,Delhi,Support,7,6,26,23.465,3.9108,0,2,0.0,0.3333
2025-07-03,Delhi,Verification,12,11,48,87.28,7.9345,1,4,0.0909,0.3636
2025-07-03,Mumbai,Fulfillment,18,17,67,252.418,14.8481,0,2,0.0,0.1176
2025-07-03,Mumbai,Intake,14,14,66,30.769,2.1978,1,0,0.0714,0.0
2025-07-03,Mumbai,Support,4,4,13,17.629,4.4072,0,1,0.0,0.25
2025-07-03,Mumbai,Verification,12,11,48,72.415,6.5832,0,4,0.0,0.3636
2025-07-03,Pune,Fulfillment,11,11,41,165.83,15.0755,0,2,0.0,0.1818
2025-07-03,Pune,Intake,3,3,14,6.387,2.129,0,1,0.0,0.3333
2025-07-03,Pune,Support,2,2,7,6.213,3.1065,0,0,0.0,0.0
2025-07-03,Pune,Verification,9,8,34,30.287,3.7859,1,0,0.125,0.0
2025-07-04,Bengaluru,Fulfillment,7,7,32,79.839,11.4056,0,0,0.0,0.0
2025-07-04,Bengaluru,Intake,5,4,16,6.63,1.6575,0,0,0.0,0.0
2025-07-04,Bengaluru,Support,1,1,3,3.267,3.267,0,0,0.0,0.0
2025-07-04,Bengaluru,Verification,6,6,25,20.841,3.4735,0,0,0.0,0.0
2025-07-04,Delhi,Fulfillment,9,8,34,116.475,14.5594,0,1,0.0,0.125
2025-07-04,Delhi,Intake,9,9,53,15.848,1.7609,0,0,0.0,0.0
2025-07-04,Delhi,Support,3,3,13,13.154,4.3847,0,0,0.0,0.0
2025-07-04,Delhi,Verification,11,11,42,98.236,8.9305,1,5,0.0909,0.4545
2025-07-04,Mumbai,Fulfillment,12,11,39,152.112,13.8284,0,1,0.0,0.0909
2025-07-04,Mumbai,Intake,12,12,51,20.136,1.678,1,0,0.0833,0.0
2025-07-04,Mumbai,Support,6,5,19,18.549,3.7098,0,1,0.0,0.2
2025-07-04,Mumbai,Verification,16,16,56,74.551,4.6594,1,0,0.0625,0.0
2025-07-04,Pune,Fulfillment,11,10,46,123.706,12.3706,0,0,0.0,0.0
2025-07-04,Pune,Intake,13,13,46,32.283,2.4833,0,1,0.0,0.0769
2025-07-04,Pune,Support,2,2,4,7.966,3.983,0,0,0.0,0.0
2025-07-04,Pune,Verification,8,7,36,30.13,4.3043,0,1,0.0,0.1429
2025-07-05,Bengaluru,Fulfillment,3,3,13,37.602,12.534,1,0,0.3333,0.0
2025-07-05,Bengaluru,Intake,6,5,25,9.121,1.8242,0,0,0.0,0.0
2025-07-05,Bengaluru,Support,2,2,6,14.316,7.158,1,1,0.5,0.5
2025-07-05,Bengaluru,Verification,2,2,10,6.807,3.4035,0,0,0.0,0.0
2025-07-05,Delhi,Fulfillment,3,2,7,27.097,13.5485,0,0,0.0,0.0
2025-07-05,Delhi,Intake,3,3,11,4.57,1.5233,0,0,0.0,0.0
2025-07-05,Delhi,Support,2,2,7,4.302,2.151,0,0,0.0,0.0
2025-07-05,Delhi,Verification,1,1,1,5.237,5.237,0,0,0.0,0.0
2025-07-05,Mumbai,Fulfillment,7,6,16,82.467,13.7445,0,1,0.0,0.1667
2025-07-05,Mumbai,Intake,8,8,39,14.588,1.8235,0,0,0.0,0.0
2025-07-05,Mumbai,Verification,3,3,11,13.697,4.5657,1,0,0.3333,0.0
2025-07-05,Pune,Fulfillment,5,5,18,77.734,15.5468,0,1,0.0,0.2
2025-07-05,Pune,Intake,6,6,27,9.112,1.5187,0,0,0.0,0.0
2025-07-05,Pune,Support,1,1,8,2.549,2.549,0,0,0.0,0.0
2025-07-05,Pune,Verification,4,4,19,21.288,5.322,0,0,0.0,0.0
2025-07-06,Bengaluru,Fulfillment,2,2,7,26.026,13.013,0,0,0.0,0.0
2025-07-06,Bengaluru,Intake,8,8,32,14.219,1.7774,0,0,0.0,0.0
2025-07-06,Bengaluru,Verification,5,4,13,21.132,5.283,0,0,0.0,0.0
2025-07-06,Delhi,Fulfillment,5,5,19,61.244,12.2488,0,0,0.0,0.0
2025-07-06,Delhi,Intake,3,3,17,6.008,2.0027,0,0,0.0,0.0
2025-07-06,Delhi,Support,2,2,11,4.669,2.3345,0,0,0.0,0.0
2025-07-06,Mumbai,Fulfillment,6,6,24,92.865,15.4775,0,2,0.0,0.3333
2025-07-06,Mumbai,Intake,4,4,12,7.555,1.8888,0,0,0.0,0.0
2025-07-06,Mumbai,Support,1,1,3,2.1,2.1,0,0,0.0,0.0
2025-07-06,Mumbai,Verification,3,3,14,15.15,5.05,0,0,0.0,0.0
2025-07-06,Pune,Fulfillment,6,6,24,67.746,11.291,0,0,0.0,0.0
2025-07-06,Pune,Intake,1,1,2,1.866,1.866,0,0,0.0,0.0
2025-07-06,Pune,Support,5,5,17,13.484,2.6968,0,0,0.0,0.0
2025-07-06,Pune,Verification,4,4,14,15.86,3.965,0,0,0.0,0.0
2025-07-07,Bengaluru,Fulfillment,12,12,46,242.303,20.1919,1,4,0.0833,0.3333
2025-07-07,Bengaluru,Intake,13,13,57,31.982,2.4602,1,2,0.0769,0.1538
2025-07-07,Bengaluru,Support,4,4,12,18.927,4.7318,0,0,0.0,0.0
2025-07-07,Bengaluru,Verification,9,9,30,66.433,7.3814,0,3,0.0,0.3333
2025-07-07,Delhi,Fulfillment,10,10,40,153.244,15.3244,3,0,0.3,0.0
2025-07-07,Delhi,Intake,15,15,72,36.623,2.4415,1,3,0.0667,0.2
2025-07-07,Delhi,Support,1,1,4,5.547,5.547,0,0,0.0,0.0
2025-07-07,Delhi,Verification,16,14,52,136.555,9.7539,2,7,0.1429,0.5
2025-07-07,Mumbai,Fulfillment,22,22,83,369.014,16.7734,0,6,0.0,0.2727
2025-07-07,Mumbai,Intake,15,14,49,43.383,3.0988,0,5,0.0,0.3571
2025-07-07,Mumbai,Support,1,1,5,1.283,1.283,0,0,0.0,0.0
2025-07-07,Mumbai,Verification,20,20,92,112.299,5.615,3,3,0.15,0.15
2025-07-07,Pune,Fulfillment,8,8,31,114.136,14.267,1,1,0.125,0.125
2025-07-07,Pune,Intake,8,8,29,14.803,1.8504,2,0,0.25,0.0
2025-07-07,Pune,Support,3,3,10,12.048,4.016,0,0,0.0,0.0
2025-07-07,Pune,Verification,15,14,63,70.46,5.0329,0,1,0.0,0.0714
2025-07-08,Bengaluru,Fulfillment,6,6,28,87.012,14.502,0,1,0.0,0.1667
2025-07-08,Bengaluru,Intake,8,6,26,12.27,2.045,0,0,0.0,0.0
2025-07-08,Bengaluru,Support,2,2,8,4.607,2.3035,0,0,0.0,0.0
2025-07-08,Bengaluru,Verification,14,14,62,89.413,6.3866,1,2,0.0714,0.1429
2025-07-08,Delhi,Fulfillment,7,7,32,92.562,13.2231,0,0,0.0,0.0
2025-07-08,Delhi,Intake,9,9,31,23.85,2.65,0,1,0.0,0.1111
2025-07-08,Delhi,Support,1,1,3,2.217,2.217,0,0,0.0,0.0
2025-07-08,Delhi,Verification,17,17,68,165.688,9.7464,0,11,0.0,0.6471
2025-07-08,Mumbai,Fulfillment,20,20,83,296.68,14.834,2,1,0.1,0.05
2025-07-08,Mumbai,Intake,17,17,64,40.964,2.4096,1,2,0.0588,0.1176
2025-07-08,Mumbai,Support,6,5,23,16.173,3.2346,0,1,0.0,0.2
2025-07-08,Mumbai,Verification,19,18,74,80.324,4.4624,0,1,0.0,0.0556
2025-07-08,Pune,Fulfillment,10,10,44,165.621,16.5621,1,1,0.1,0.1
2025-07-08,Pune,Intake,9,8,36,16.261,2.0326,0,0,0.0,0.0
2025-07-08,Pune,Support,2,2,11,8.993,4.4965,0,1,0.0,0.5
2025-07-08,Pune,Verification,11,11,35,66.537,6.0488,1,2,0.0909,0.1818
2025-07-09,Bengaluru,Fulfillment,12,10,45,144.117,14.4117,0,1,0.0,0.1
2025-07-09,Bengaluru,Intake,9,8,27,17.518,2.1898,0,0,0.0,0.0
2025-07-09,Bengaluru,Support,1,1,5,1.158,1.158,0,0,0.0,0.0
2025-07-09,Bengaluru,Verification,8,8,33,28.527,3.5659,0,0,0.0,0.0
2025-07-09,Delhi,Fulfillment,9,9,33,115.525,12.8361,0,0,0.0,0.0
2025-07-09,Delhi,Intake,10,10,32,18.786,1.8786,1,0,0.1,0.0
2025-07-09,Delhi,Support,3,3,8,6.944,2.3147,0,0,0.0,0.0
2025-07-09,Delhi,Verification,13,12,51,90.109,7.5091,1,5,0.0833,0.4167
2025-07-09,Mumbai,Fulfillment,17,16,65,217.878,13.6174,2,1,0.125,0.0625
2025-07-09,Mumbai,Intake,20,20,69,36.285,1.8142,0,1,0.0,0.05
2025-07-09,Mumbai,Support,5,4,19,10.5,2.625,0,0,0.0,0.0
2025-07-09,Mumbai,Verification,16,16,64,72.931,4.5582,0,2,0.0,0.125
2025-07-09,Pune,Fulfillment,4,4,12,47.589,11.8972,0,0,0.0,0.0
2025-07-09,Pune,Intake,5,5,24,9.373,1.8746,1,0,0.2,0.0
2025-07-09,Pune,Verification,5,5,15,28.275,5.655,1,1,0.2,0.2
2025-07-10,Bengaluru,Fulfillment,8,8,27,127.894,15.9868,1,1,0.125,0.125
2025-07-10,Bengaluru,Intake,6,6,22,12.959,2.1598,0,1,0.0,0.1667
2025-07-10,Bengaluru,Support,4,4,16,9.899,2.4748,0,0,0.0,0.0
2025-07-10,Bengaluru,Verification,9,9,31,45.793,5.0881,0,1,0.0,0.1111
2025-07-10,Delhi,Fulfillment,7,6,31,90.809,15.1348,0,0,0.0,0.0
2025-07-10,Delhi,Intake,9,9,36,16.399,1.8221,0,0,0.0,0.0
2025-07-10,Delhi,Support,4,4,14,14.964,3.741,0,1,0.0,0.25
2025-07-10,Delhi,Verification,10,10,38,70.268,7.0268,1,4,0.1,0.4
2025-07-10,Mumbai,Fulfillment,12,12,47,183.42,15.285,0,1,0.0,0.0833
2025-07-10,Mumbai,Intake,11,11,36,23.405,2.1277,0,0,0.0,0.0
2025-07-10,Mumbai,Support,8,8,31,32.619,4.0774,1,2,0.125,0.25
2025-07-10,Mumbai,Verification,13,12,44,64.131,5.3442,0,1,0.0,0.0833
2025-07-10,Pune,Fulfillment,8,8,28,91.107,11.3884,0,0,0.0,0.0
2025-07-10,Pune,Intake,3,3,15,7.049,2.3497,1,0,0.3333,0.0
2025-07-10,Pune,Support,3,3,10,9.02,3.0067,0,0,0.0,0.0
2025-07-10,Pune,Verification,9,9,28,31.987,3.5541,0,0,0.0,0.0
2025-07-11,Bengaluru,Fulfillment,7,7,27,90.221,12.8887,0,0,0.0,0.0
2025-07-11,Bengaluru,Intake,8,7,22,11.659,1.6656,1,0,0.1429,0.0
2025-07-11,Bengaluru,Support,2,2,4,8.621,4.3105,0,1,0.0,0.5
2025-07-11,Bengaluru,Verification,5,4,20,14.655,3.6638,0,0,0.0,0.0
2025-07-11,Delhi,Fulfillment,4,3,11,34.258,11.4193,0,0,0.0,0.0
2025-07-11,Delhi,Intake,11,10,38,20.448,2.0448,1,1,0.1,0.1
2025-07-11,Delhi,Support,2,2,8,6.35,3.175,1,0,0.5,0.0
2025-07-11,Delhi,Verification,8,7,30,56.657,8.0939,0,2,0.0,0.2857
2025-07-11,Mumbai,Fulfillment,10,10,51,133.636,13.3636,0,0,0.0,0.0
2025-07-11,Mumbai,Intake,7,7,42,13.364,1.9091,0,0,0.0,0.0
2025-07-11,Mumbai,Support,6,6,30,24.907,4.1512,0,1,0.0,0.1667
2025-07-11,Mumbai,Verification,8,8,24,42.103,5.2629,0,1,0.0,0.125
2025-07-11,Pune,Fulfillment,8,8,33,107.048,13.381,0,0,0.0,0.0
2025-07-11,Pune,Intake,5,5,29,6.535,1.307,0,0,0.0,0.0
2025-07-11,Pune,Support,4,4,13,13.485,3.3712,0,0,0.0,0.0
2025-07-11,Pune,Verification,6,6,20,26.706,4.451,0,0,0.0,0.0
2025-07-12,Bengaluru,Fulfillment,6,6,21,65.067,10.8445,0,0,0.0,0.0
2025-07-12,Bengaluru,Intake,1,1,3,2.833,2.833,0,0,0.0,0.0
2025-07-12,Bengaluru,Support,2,1,5,3.005,3.005,0,0,0.0,0.0
2025-07-12,Bengaluru,Verification,1,1,3,8.168,8.168,0,1,0.0,1.0
2025-07-12,Delhi,Fulfillment,12,12,43,198.937,16.5781,0,1,0.0,0.0833
2025-07-12,Delhi,Intake,10,10,43,20.814,2.0814,0,0,0.0,0.0
2025-07-12,Delhi,Support,5,5,23,19.381,3.8762,1,1,0.2,0.2
2025-07-12,Delhi,Verification,9,9,32,68.163,7.5737,0,5,0.0,0.5556
2025-07-12,Mumbai,Fulfillment,7,7,26,96.486,13.7837,0,1,0.0,0.1429
2025-07-12,Mumbai,Intake,11,11,45,19.457,1.7688,0,0,0.0,0.0
2025-07-12,Mumbai,Support,1,1,6,2.722,2.722,0,0,0.0,0.0
2025-07-12,Mumbai,Verification,5,5,21,20.539,4.1078,0,0,0.0,0.0
2025-07-12,Pune,Fulfillment,6,6,21,77.82,12.97,0,0,0.0,0.0
2025-07-12,Pune,Intake,5,5,19,10.682,2.1364,0,0,0.0,0.0
2025-07-12,Pune,Support,1,1,3,5.452,5.452,0,0,0.0,0.0
2025-07-12,Pune,Verification,2,2,6,7.987,3.9935,0,0,0.0,0.0
2025-07-13,Bengaluru,Fulfillment,5,5,21,72.279,14.4558,0,1,0.0,0.2
2025-07-13,Bengaluru,Intake,4,4,21,6.448,1.612,0,0,0.0,0.0
2025-07-13,Delhi,Fulfillment,3,3,19,45.442,15.1473,0,1,0.0,0.3333
2025-07-13,Delhi,Intake,6,6,21,8.956,1.4927,0,0,0.0,0.0
2025-07-13,Delhi,Support,1,1,4,2.665,2.665,0,0,0.0,0.0
2025-07-13,Delhi,Verification,4,4,19,27.0,6.75,0,1,0.0,0.25
2025-07-13,Mumbai,Fulfillment,1,1,6,26.931,26.931,0,1,0.0,1.0
2025-07-13,Mumbai,Intake,4,4,19,6.205,1.5512,0,0,0.0,0.0
2025-07-13,Mumbai,Verification,9,9,35,51.416,5.7129,0,1,0.0,0.1111
2025-07-13,Pune,Fulfillment,4,4,16,52.778,13.1945,0,0,0.0,0.0
2025-07-13,Pune,Intake,7,7,25,10.328,1.4754,2,0,0.2857,0.0
2025-07-13,Pune,Support,2,2,5,5.733,2.8665,0,0,0.0,0.0
2025-07-13,Pune,Verification,3,3,15,21.139,7.0463,1,1,0.3333,0.3333
2025-07-14,Bengaluru,Fulfillment,15,14,60,252.753,18.0538,1,4,0.0714,0.2857
2025-07-14,Bengaluru,Intake,7,6,27,16.448,2.7413,0,1,0.0,0.1667
2025-07-14,Bengaluru,Support,1,1,6,6.717,6.717,0,1,0.0,1.0
2025-07-14,Bengaluru,Verification,8,8,32,42.59,5.3237,0,1,0.0,0.125
2025-07-14,Delhi,Fulfillment,12,12,42,204.911,17.0759,1,3,0.0833,0.25
2025-07-14,Delhi,Intake,9,9,39,23.956,2.6618,0,1,0.0,0.1111
2025-07-14,Delhi,Support,3,2,6,9.492,4.746,0,1,0.0,0.5
2025-07-14,Delhi,Verification,14,13,56,135.69,10.4377,0,10,0.0,0.7692
2025-07-14,Mumbai,Fulfillment,22,21,67,361.418,17.2104,0,3,0.0,0.1429
2025-07-14,Mumbai,Intake,14,13,57,33.969,2.613,0,2,0.0,0.1538
2025-07-14,Mumbai,Support,6,6,28,33.203,5.5338,0,3,0.0,0.5
2025-07-14,Mumbai,Verification,14,13,56,75.897,5.8382,0,2,0.0,0.1538
2025-07-14,Pune,Fulfillment,10,9,37,150.328,16.7031,1,1,0.1111,0.1111
2025-07-14,Pune,Intake,16,16,60,44.641,2.7901,2,2,0.125,0.125
2025-07-14,Pune,Support,4,4,19,16.428,4.107,0,0,0.0,0.0
2025-07-14,Pune,Verification,21,21,77,108.558,5.1694,0,2,0.0,0.0952
2025-07-15,Bengaluru,Fulfillment,7,7,28,95.454,13.6363,0,1,0.0,0.1429
2025-07-15,Bengaluru,Intake,8,7,22,9.988,1.4269,0,0,0.0,0.0
2025-07-15,Bengaluru,Support,3,3,12,11.1,3.7,0,1,0.0,0.3333
2025-07-15,Bengaluru,Verification,7,7,29,36.116,5.1594,1,0,0.1429,0.0
2025-07-15,Delhi,Fulfillment,9,9,40,116.535,12.9483,0,1,0.0,0.1111
2025-07-15,Delhi,Intake,9,9,39,18.183,2.0203,0,0,0.0,0.0
2025-07-15,Delhi,Support,9,9,30,37.218,4.1353,0,2,0.0,0.2222
2025-07-15,Delhi,Verification,11,11,34,102.048,9.2771,0,7,0.0,0.6364
2025-07-15,Mumbai,Fulfillment,15,15,69,210.623,14.0415,1,1,0.0667,0.0667
2025-07-15,Mumbai,Intake,13,12,56,29.03,2.4192,0,2,0.0,0.1667
2025-07-15,Mumbai,Support,5,5,23,18.615,3.723,1,1,0.2,0.2
2025-07-15,Mumbai,Verification,16,15,59,73.352,4.8901,0,1,0.0,0.0667
2025-07-15,Pune,Fulfillment,15,14,52,192.433,13.7452,0,1,0.0,0.0714
2025-07-15,Pune,Intake,10,9,36,18.29,2.0322,0,0,0.0,0.0
2025-07-15,Pune,Support,2,2,6,3.017,1.5085,0,0,0.0,0.0
2025-07-15,Pune,Verification,10,9,33,37.469,4.1632,1,0,0.1111,0.0
2025-07-16,Bengaluru,Fulfillment,8,7,28,114.331,16.333,0,1,0.0,0.1429
2025-07-16,Bengaluru,Intake,10,10,42,20.824,2.0824,1,1,0.1,0.1
2025-07-16,Bengaluru,Support,2,2,10,8.753,4.3765,0,0,0.0,0.0
2025-07-16,Bengaluru,Verification,12,11,46,80.609,7.3281,0,4,0.0,0.3636
2025-07-16,Delhi,Fulfillment,7,6,23,94.461,15.7435,0,0,0.0,0.0
2025-07-16,Delhi,Intake,14,13,50,24.907,1.9159,0,0,0.0,0.0
2025-07-16,Delhi,Support,1,1,4,4.114,4.114,0,0,0.0,0.0
2025-07-16,Delhi,Verification,15,15,59,161.788,10.7859,1,9,0.0667,0.6
2025-07-16,Mumbai,Fulfillment,16,15,51,244.52,16.3013,1,0,0.0667,0.0
2025-07-16,Mumbai,Intake,12,11,49,24.73,2.2482,0,1,0.0,0.0909
2025-07-16,Mumbai,Support,4,4,17,19.447,4.8618,0,0,0.0,0.0
2025-07-16,Mumbai,Verification,17,15,55,64.894,4.3263,0,1,0.0,0.0667
2025-07-16,Pune,Fulfillment,13,11,55,144.079,13.0981,0,0,0.0,0.0
2025-07-16,Pune,Intake,7,7,26,16.72,2.3886,0,0,0.0,0.0
2025-07-16,Pune,Support,7,7,25,21.65,3.0929,0,0,0.0,0.0
2025-07-16,Pune,Verification,11,11,33,43.94,3.9945,0,0,0.0,0.0
2025-07-17,Bengaluru,Fulfillment,9,8,26,105.362,13.1702,0,0,0.0,0.0
2025-07-17,Bengaluru,Intake,7,7,26,12.523,1.789,0,0,0.0,0.0
2025-07-17,Bengaluru,Support,2,2,10,8.16,4.08,1,1,0.5,0.5
2025-07-17,Bengaluru,Verification,9,8,25,41.427,5.1784,0,1,0.0,0.125
2025-07-17,Delhi,Fulfillment,7,7,29,87.338,12.4769,0,0,0.0,0.0
2025-07-17,Delhi,Intake,13,13,51,23.209,1.7853,0,0,0.0,0.0
2025-07-17,Delhi,Support,1,1,2,2.033,2.033,0,0,0.0,0.0
2025-07-17,Delhi,Verification,10,10,45,102.055,10.2055,0,6,0.0,0.6
2025-07-17,Mumbai,Fulfillment,23,21,93,362.845,17.2783,1,4,0.0476,0.1905
2025-07-17,Mumbai,Intake,10,10,38,22.978,2.2978,0,2,0.0,0.2
2025-07-17,Mumbai,Support,9,9,27,33.159,3.6843,0,0,0.0,0.0
2025-07-17,Mumbai,Verification,9,8,36,47.412,5.9265,0,2,0.0,0.25
2025-07-17,Pune,Fulfillment,10,10,39,98.661,9.8661,0,0,0.0,0.0
2025-07-17,Pune,Intake,5,4,19,7.063,1.7658,0,0,0.0,0.0
2025-07-17,Pune,Support,3,3,18,8.551,2.8503,0,0,0.0,0.0
2025-07-17,Pune,Verification,8,7,33,27.109,3.8727,1,0,0.1429,0.0
2025-07-18,Bengaluru,Fulfillment,12,11,48,166.197,15.1088,0,2,0.0,0.1818
2025-07-18,Bengaluru,Intake,8,8,27,15.871,1.9839,0,0,0.0,0.0
2025-07-18,Bengaluru,Support,4,4,21,12.851,3.2127,0,0,0.0,0.0
2025-07-18,Bengaluru,Verification,4,4,10,22.0,5.5,0,0,0.0,0.0
2025-07-18,Delhi,Fulfillment,7,7,31,112.848,16.1211,0,0,0.0,0.0
2025-07-18,Delhi,Intake,9,9,38,21.252,2.3613,0,1,0.0,0.1111
2025-07-18,Delhi,Support,2,2,9,6.423,3.2115,0,0,0.0,0.0
2025-07-18,Delhi,Verification,11,11,49,85.272,7.752,1,5,0.0909,0.4545
2025-07-18,Mumbai,Fulfillment,9,9,34,111.925,12.4361,0,0,0.0,0.0
2025-07-18,Mumbai,Intake,17,17,65,32.857,1.9328,0,0,0.0,0.0
2025-07-18,Mumbai,Support,5,5,21,15.476,3.0952,0,0,0.0,0.0
2025-07-18,Mumbai,Verification,14,14,64,94.669,6.7621,1,6,0.0714,0.4286
2025-07-18,Pune,Fulfillment,9,9,33,141.654,15.7393,0,2,0.0,0.2222
2025-07-18,Pune,Intake,10,9,36,20.835,2.315,1,1,0.1111,0.1111
2025-07-18,Pune,Verification,9,9,43,46.056,5.1173,0,0,0.0,0.0
2025-07-19,Bengaluru,Fulfillment,2,2,8,24.8,12.4,0,0,0.0,0.0
2025-07-19,Bengaluru,Intake,5,5,12,9.017,1.8034,0,0,0.0,0.0
2025-07-19,Bengaluru,Support,1,1,6,3.333,3.333,0,0,0.0,0.0
2025-07-19,Bengaluru,Verification,3,3,16,16.219,5.4063,0,0,0.0,0.0
2025-07-19,Delhi,Fulfillment,4,4,10,40.527,10.1318,0,0,0.0,0.0
2025-07-19,Delhi,Intake,5,5,20,6.245,1.249,1,0,0.2,0.0
2025-07-19,Delhi,Support,1,1,2,4.367,4.367,0,0,0.0,0.0
2025-07-19,Delhi,Verification,4,4,18,32.011,8.0028,0,1,0.0,0.25
2025-07-19,Mumbai,Fulfillment,8,8,35,95.89,11.9862,1,0,0.125,0.0
2025-07-19,Mumbai,Intake,9,9,32,20.207,2.2452,0,1,0.0,0.1111
2025-07-19,Mumbai,Support,2,2,8,6.301,3.1505,0,0,0.0,0.0
2025-07-19,Mumbai,Verification,7,7,34,38.295,5.4707,0,1,0.0,0.1429
2025-07-19,Pune,Fulfillment,6,5,22,71.252,14.2504,0,1,0.0,0.2
2025-07-19,Pune,Intake,6,5,15,6.421,1.2842,0,0,0.0,0.0
2025-07-19,Pune,Support,2,2,12,10.086,5.043,0,1,0.0,0.5
2025-07-19,Pune,Verification,4,3,16,6.537,2.179,0,0,0.0,0.0
2025-07-20,Bengaluru,Fulfillment,1,1,8,9.093,9.093,0,0,0.0,0.0
2025-07-20,Bengaluru,Intake,4,4,14,9.047,2.2618,0,0,0.0,0.0
2025-07-20,Bengaluru,Support,2,2,7,6.587,3.2935,0,0,0.0,0.0
2025-07-20,Bengaluru,Verification,5,5,16,19.447,3.8894,0,0,0.0,0.0
2025-07-20,Delhi,Fulfillment,3,3,10,37.964,12.6547,0,0,0.0,0.0
2025-07-20,Delhi,Intake,6,6,24,11.492,1.9153,0,0,0.0,0.0
2025-07-20,Delhi,Support,1,1,1,3.567,3.567,0,0,0.0,0.0
2025-07-20,Delhi,Verification,4,4,13,27.576,6.894,1,0,0.25,0.0
2025-07-20,Mumbai,Fulfillment,5,5,20,76.429,15.2858,0,1,0.0,0.2
2025-07-20,Mumbai,Intake,7,6,19,9.338,1.5563,0,0,0.0,0.0
2025-07-20,Mumbai,Support,1,0,0,0.0,,0,0,,
2025-07-20,Mumbai,Verification,14,14,58,83.428,5.9591,0,3,0.0,0.2143
2025-07-20,Pune,Fulfillment,2,2,7,16.093,8.0465,0,0,0.0,0.0
2025-07-20,Pune,Intake,6,6,19,8.144,1.3573,1,0,0.1667,0.0
2025-07-20,Pune,Verification,2,2,6,7.063,3.5315,0,0,0.0,0.0
2025-07-21,Bengaluru,Fulfillment,7,7,28,98.802,14.1146,0,0,0.0,0.0
2025-07-21,Bengaluru,Intake,8,8,30,18.394,2.2992,0,0,0.0,0.0
2025-07-21,Bengaluru,Support,4,4,14,16.399,4.0998,1,1,0.25,0.25
2025-07-21,Bengaluru,Verification,12,12,56,71.569,5.9641,0,3,0.0,0.25
2025-07-21,Delhi,Fulfillment,12,12,71,209.108,17.4257,1,3,0.0833,0.25
2025-07-21,Delhi,Intake,6,6,22,17.208,2.868,0,0,0.0,0.0
2025-07-21,Delhi,Support,5,5,24,16.432,3.2864,0,0,0.0,0.0
2025-07-21,Delhi,Verification,14,14,56,126.898,9.0641,1,5,0.0714,0.3571
2025-07-21,Mumbai,Fulfillment,16,16,62,263.229,16.4518,0,2,0.0,0.125
2025-07-21,Mumbai,Intake,20,20,85,45.821,2.291,1,1,0.05,0.05
2025-07-21,Mumbai,Support,4,4,14,13.525,3.3812,1,0,0.25,0.0
2025-07-21,Mumbai,Verification,14,14,45,76.611,5.4722,0,2,0.0,0.1429
2025-07-21,Pune,Fulfillment,10,10,35,134.744,13.4744,1,0,0.1,0.0
2025-07-21,Pune,Intake,6,6,24,11.129,1.8548,0,0,0.0,0.0
2025-07-21,Pune,Support,5,5,22,16.674,3.3348,0,0,0.0,0.0
2025-07-21,Pune,Verification,6,6,28,31.42,5.2367,0,0,0.0,0.0
2025-07-22,Bengaluru,Fulfillment,6,6,30,63.996,10.666,0,0,0.0,0.0
2025-07-22,Bengaluru,Intake,5,5,18,11.981,2.3962,0,1,0.0,0.2
2025-07-22,Bengaluru,Support,2,2,9,5.9,2.95,0,0,0.0,0.0
2025-07-22,Bengaluru,Verification,9,9,30,47.169,5.241,0,1,0.0,0.1111
2025-07-22,Delhi,Fulfillment,13,12,39,181.567,15.1306,1,1,0.0833,0.0833
2025-07-22,Delhi,Intake,11,11,47,18.573,1.6885,2,0,0.1818,0.0
2025-07-22,Delhi,Support,4,4,16,12.944,3.236,0,0,0.0,0.0
2025-07-22,Delhi,Verification,11,11,47,85.817,7.8015,0,4,0.0,0.3636
2025-07-22,Mumbai,Fulfillment,20,19,87,280.9,14.7842,1,3,0.0526,0.1579
2025-07-22,Mumbai,Intake,14,14,65,36.315,2.5939,2,2,0.1429,0.1429
2025-07-22,Mumbai,Support,3,3,15,11.643,3.881,0,1,0.0,0.3333
2025-07-22,Mumbai,Verification,18,18,82,83.929,4.6627,0,2,0.0,0.1111
2025-07-22,Pune,Fulfillment,12,12,44,141.279,11.7732,2,0,0.1667,0.0
2025-07-22,Pune,Intake,5,5,25,13.551,2.7102,0,1,0.0,0.2
2025-07-22,Pune,Support,1,1,3,1.344,1.344,0,0,0.0,0.0
2025-07-22,Pune,Verification,3,3,12,14.533,4.8443,0,0,0.0,0.0
2025-07-23,Bengaluru,Fulfillment,12,12,45,204.286,17.0238,0,3,0.0,0.25
2025-07-23,Bengaluru,Intake,6,5,22,7.717,1.5434,0,0,0.0,0.0
2025-07-23,Bengaluru,Support,3,3,11,11.894,3.9647,0,1,0.0,0.3333
2025-07-23,Bengaluru,Verification,3,3,11,10.663,3.5543,0,0,0.0,0.0
2025-07-23,Delhi,Fulfillment,8,8,32,113.384,14.173,1,0,0.125,0.0
2025-07-23,Delhi,Intake,8,8,27,15.506,1.9382,0,1,0.0,0.125
2025-07-23,Delhi,Support,7,7,31,21.747,3.1067,0,1,0.0,0.1429
2025-07-23,Delhi,Verification,4,4,11,42.544,10.636,0,2,0.0,0.5
2025-07-23,Mumbai,Fulfillment,9,8,30,111.321,13.9151,0,0,0.0,0.0
2025-07-23,Mumbai,Intake,15,13,65,26.09,2.0069,2,1,0.1538,0.0769
2025-07-23,Mumbai,Support,7,7,26,19.476,2.7823,0,0,0.0,0.0
2025-07-23,Mumbai,Verification,10,9,37,43.103,4.7892,0,0,0.0,0.0
2025-07-23,Pune,Fulfillment,16,16,66,172.188,10.7617,0,0,0.0,0.0
2025-07-23,Pune,Intake,12,12,53,17.325,1.4437,1,0,0.0833,0.0
2025-07-23,Pune,Support,5,5,24,14.203,2.8406,1,0,0.2,0.0
2025-07-23,Pune,Verification,5,5,28,26.113,5.2226,0,0,0.0,0.0
2025-07-24,Bengaluru,Fulfillment,5,5,23,57.459,11.4918,0,0,0.0,0.0
2025-07-24,Bengaluru,Intake,8,8,26,13.309,1.6636,0,0,0.0,0.0
2025-07-24,Bengaluru,Support,3,3,10,5.949,1.983,0,0,0.0,0.0
2025-07-24,Bengaluru,Verification,10,9,34,37.062,4.118,0,0,0.0,0.0
2025-07-24,Delhi,Fulfillment,9,9,45,109.021,12.1134,0,0,0.0,0.0
2025-07-24,Delhi,Intake,9,9,29,20.415,2.2683,0,1,0.0,0.1111
2025-07-24,Delhi,Support,2,2,7,10.379,5.1895,0,1,0.0,0.5
2025-07-24,Delhi,Verification,14,13,52,88.541,6.8108,2,2,0.1538,0.1538
2025-07-24,Mumbai,Fulfillment,8,7,30,112.93,16.1329,0,1,0.0,0.1429
2025-07-24,Mumbai,Intake,20,19,82,29.986,1.5782,0,0,0.0,0.0
2025-07-24,Mumbai,Support,4,4,15,16.697,4.1742,1,1,0.25,0.25
2025-07-24,Mumbai,Verification,21,21,85,107.402,5.1144,1,3,0.0476,0.1429
2025-07-24,Pune,Fulfillment,6,6,21,83.469,13.9115,0,0,0.0,0.0
2025-07-24,Pune,Intake,9,9,36,15.081,1.6757,2,0,0.2222,0.0
2025-07-24,Pune,Support,3,3,17,10.752,3.584,0,0,0.0,0.0
2025-07-24,Pune,Verification,8,8,34,34.028,4.2535,0,0,0.0,0.0
2025-07-25,Bengaluru,Fulfillment,9,8,33,116.538,14.5672,1,0,0.125,0.0
2025-07-25,Bengaluru,Intake,3,3,11,3.084,1.028,0,0,0.0,0.0
2025-07-25,Bengaluru,Support,6,6,18,29.921,4.9868,0,2,0.0,0.3333
2025-07-25,Bengaluru,Verification,6,6,21,29.009,4.8348,0,0,0.0,0.0
2025-07-25,Delhi,Fulfillment,4,4,15,51.896,12.974,0,0,0.0,0.0
2025-07-25,Delhi,Intake,12,12,49,22.412,1.8677,0,0,0.0,0.0
2025-07-25,Delhi,Verification,13,13,63,121.944,9.3803,1,7,0.0769,0.5385
2025-07-25,Mumbai,Fulfillment,22,22,96,295.826,13.4466,0,0,0.0,0.0
2025-07-25,Mumbai,Intake,13,13,50,26.012,2.0009,0,0,0.0,0.0
2025-07-25,Mumbai,Support,9,9,35,34.191,3.799,0,1,0.0,0.1111
2025-07-25,Mumbai,Verification,11,10,38,41.927,4.1927,0,2,0.0,0.2
2025-07-25,Pune,Fulfillment,7,7,34,121.101,17.3001,0,2,0.0,0.2857
2025-07-25,Pune,Intake,3,3,9,3.273,1.091,0,0,0.0,0.0
2025-07-25,Pune,Support,1,1,8,3.818,3.818,0,0,0.0,0.0
2025-07-25,Pune,Verification,6,6,30,21.474,3.579,0,1,0.0,0.1667
2025-07-26,Bengaluru,Fulfillment,4,4,13,47.717,11.9292,0,0,0.0,0.0
2025-07-26,Bengaluru,Intake,7,6,24,11.089,1.8482,0,0,0.0,0.0
2025-07-26,Bengaluru,Verification,4,4,22,20.915,5.2288,0,1,0.0,0.25
2025-07-26,Delhi,Fulfillment,8,8,23,100.498,12.5622,0,1,0.0,0.125
2025-07-26,Delhi,Intake,8,8,37,18.521,2.3151,0,0,0.0,0.0
2025-07-26,Delhi,Support,3,3,14,15.656,5.2187,0,1,0.0,0.3333
2025-07-26,Delhi,Verification,3,3,7,20.391,6.797,0,1,0.0,0.3333
2025-07-26,Mumbai,Fulfillment,6,6,28,100.539,16.7565,0,0,0.0,0.0
2025-07-26,Mumbai,Intake,9,8,39,16.338,2.0422,0,0,0.0,0.0
2025-07-26,Mumbai,Support,3,3,11,11.502,3.834,0,0,0.0,0.0
2025-07-26,Mumbai,Verification,7,7,36,38.608,5.5154,0,1,0.0,0.1429
2025-07-26,Pune,Fulfillment,7,7,24,68.736,9.8194,0,0,0.0,0.0
2025-07-26,Pune,Intake,5,3,16,2.439,0.813,1,0,0.3333,0.0
2025-07-26,Pune,Support,3,3,9,9.581,3.1937,0,0,0.0,0.0
2025-07-26,Pune,Verification,6,3,16,12.195,4.065,0,0,0.0,0.0
2025-07-27,Bengaluru,Fulfillment,6,5,21,67.105,13.421,0,1,0.0,0.2
2025-07-27,Bengaluru,Intake,3,3,10,4.435,1.4783,0,0,0.0,0.0
2025-07-27,Bengaluru,Verification,4,4,19,18.59,4.6475,0,1,0.0,0.25
2025-07-27,Delhi,Fulfillment,5,5,17,72.352,14.4704,0,0,0.0,0.0
2025-07-27,Delhi,Intake,9,9,39,13.366,1.4851,0,0,0.0,0.0
2025-07-27,Delhi,Support,1,1,9,1.567,1.567,0,0,0.0,0.0
2025-07-27,Delhi,Verification,4,4,20,28.152,7.038,0,2,0.0,0.5
2025-07-27,Mumbai,Fulfillment,7,7,33,114.855,16.4079,0,2,0.0,0.2857
2025-07-27,Mumbai,Intake,9,9,34,17.838,1.982,0,0,0.0,0.0
2025-07-27,Mumbai,Support,1,1,5,2.728,2.728,0,0,0.0,0.0
2025-07-27,Mumbai,Verification,9,9,36,32.013,3.557,2,0,0.2222,0.0
2025-07-27,Pune,Fulfillment,2,2,7,16.369,8.1845,0,0,0.0,0.0
2025-07-27,Pune,Intake,5,5,17,10.968,2.1936,0,0,0.0,0.0
2025-07-28,Bengaluru,Fulfillment,13,13,56,210.159,16.1661,1,1,0.0769,0.0769
2025-07-28,Bengaluru,Intake,11,11,37,26.635,2.4214,0,0,0.0,0.0
2025-07-28,Bengaluru,Support,3,3,12,15.342,5.114,0,1,0.0,0.3333
2025-07-28,Bengaluru,Verification,12,12,54,69.333,5.7778,1,2,0.0833,0.1667
2025-07-28,Delhi,Fulfillment,16,15,69,318.893,21.2595,0,6,0.0,0.4
2025-07-28,Delhi,Intake,13,13,59,25.885,1.9912,0,0,0.0,0.0
2025-07-28,Delhi,Support,1,1,5,6.584,6.584,0,1,0.0,1.0
2025-07-28,Delhi,Verification,13,13,50,183.991,14.1532,1,8,0.0769,0.6154
2025-07-28,Mumbai,Fulfillment,10,9,39,192.668,21.4076,0,3,0.0,0.3333
2025-07-28,Mumbai,Intake,15,15,52,42.514,2.8343,1,2,0.0667,0.1333
2025-07-28,Mumbai,Support,7,7,21,26.222,3.746,1,1,0.1429,0.1429
2025-07-28,Mumbai,Verification,23,23,90,131.587,5.7212,2,4,0.087,0.1739
2025-07-28,Pune,Fulfillment,12,12,44,208.956,17.413,0,3,0.0,0.25
2025-07-28,Pune,Intake,5,5,18,9.95,1.99,0,0,0.0,0.0
2025-07-28,Pune,Support,5,5,21,20.41,4.082,0,1,0.0,0.2
2025-07-28,Pune,Verification,11,11,53,61.851,5.6228,0,1,0.0,0.0909
2025-07-29,Bengaluru,Fulfillment,6,6,27,91.736,15.2893,0,0,0.0,0.0
2025-07-29,Bengaluru,Intake,7,7,36,16.474,2.3534,1,1,0.1429,0.1429
2025-07-29,Bengaluru,Support,4,4,20,20.712,5.178,0,0,0.0,0.0
2025-07-29,Bengaluru,Verification,7,7,28,33.25,4.75,2,0,0.2857,0.0
2025-07-29,Delhi,Fulfillment,11,11,41,165.868,15.0789,0,1,0.0,0.0909
2025-07-29,Delhi,Intake,15,14,53,30.904,2.2074,3,0,0.2143,0.0
2025-07-29,Delhi,Support,5,5,19,25.095,5.019,0,3,0.0,0.6
2025-07-29,Delhi,Verification,11,11,42,101.979,9.2708,1,5,0.0909,0.4545
2025-07-29,Mumbai,Fulfillment,17,16,70,248.611,15.5382,3,1,0.1875,0.0625
2025-07-29,Mumbai,Intake,20,19,72,40.179,2.1147,1,1,0.0526,0.0526
2025-07-29,Mumbai,Support,3,3,9,15.726,5.242,0,1,0.0,0.3333
2025-07-29,Mumbai,Verification,15,14,55,60.928,4.352,0,1,0.0,0.0714
2025-07-29,Pune,Fulfillment,7,7,26,113.13,16.1614,1,1,0.1429,0.1429
2025-07-29,Pune,Intake,11,10,44,16.281,1.6281,0,0,0.0,0.0
2025-07-29,Pune,Support,4,4,14,20.191,5.0478,0,2,0.0,0.5
2025-07-29,Pune,Verification,8,8,27,29.321,3.6651,0,0,0.0,0.0
2025-07-30,Bengaluru,Fulfillment,12,12,72,177.082,14.7568,1,1,0.0833,0.0833
2025-07-30,Bengaluru,Intake,10,10,29,20.661,2.0661,1,0,0.1,0.0
2025-07-30,Bengaluru,Support,1,1,2,2.093,2.093,0,0,0.0,0.0
2025-07-30,Bengaluru,Verification,6,6,21,21.142,3.5237,0,0,0.0,0.0
2025-07-30,Delhi,Fulfillment,12,12,39,161.832,13.486,1,2,0.0833,0.1667
2025-07-30,Delhi,Intake,6,6,21,10.336,1.7227,0,0,0.0,0.0
2025-07-30,Delhi,Support,3,3,13,10.143,3.381,0,0,0.0,0.0
2025-07-30,Delhi,Verification,9,9,40,84.527,9.3919,0,5,0.0,0.5556
2025-07-30,Mumbai,Fulfillment,14,13,57,211.737,16.2875,1,3,0.0769,0.2308
2025-07-30,Mumbai,Intake,14,14,46,30.121,2.1515,1,1,0.0714,0.0714
2025-07-30,Mumbai,Support,5,4,13,18.043,4.5108,0,1,0.0,0.25
2025-07-30,Mumbai,Verification,24,23,80,123.954,5.3893,0,3,0.0,0.1304
2025-07-30,Pune,Fulfillment,6,5,19,62.568,12.5136,0,0,0.0,0.0
2025-07-30,Pune,Intake,8,8,29,12.136,1.517,1,0,0.125,0.0
2025-07-30,Pune,Support,2,2,7,7.401,3.7005,0,0,0.0,0.0
2025-07-30,Pune,Verification,7,7,27,38.558,5.5083,0,1,0.0,0.1429
2025-07-31,Bengaluru,Fulfillment,14,14,49,225.951,16.1394,1,2,0.0714,0.1429
2025-07-31,Bengaluru,Intake,9,9,36,17.432,1.9369,0,0,0.0,0.0
2025-07-31,Bengaluru,Support,1,1,7,2.2,2.2,0,0,0.0,0.0
2025-07-31,Bengaluru,Verification,5,5,27,22.09,4.418,1,0,0.2,0.0
2025-07-31,Delhi,Fulfillment,11,10,38,190.628,19.0628,0,2,0.0,0.2
2025-07-31,Delhi,Intake,11,11,45,18.436,1.676,2,0,0.1818,0.0
2025-07-31,Delhi,Support,5,5,26,20.485,4.097,0,1,0.0,0.2
2025-07-31,Delhi,Verification,6,6,24,48.448,8.0747,0,2,0.0,0.3333
2025-07-31,Mumbai,Fulfillment,17,17,78,195.885,11.5226,1,0,0.0588,0.0
2025-07-31,Mumbai,Intake,23,22,88,59.26,2.6936,1,3,0.0455,0.1364
2025-07-31,Mumbai,Support,3,3,11,9.435,3.145,0,0,0.0,0.0
2025-07-31,Mumbai,Verification,12,12,50,42.307,3.5256,1,0,0.0833,0.0
2025-07-31,Pune,Fulfillment,7,7,29,78.793,11.2561,0,0,0.0,0.0
2025-07-31,Pune,Intake,11,11,41,17.24,1.5673,0,0,0.0,0.0
2025-07-31,Pune,Verification,8,7,26,36.533,5.219,1,2,0.1429,0.2857
2025-08-01,Bengaluru,Fulfillment,7,7,29,113.048,16.1497,0,0,0.0,0.0
2025-08-01,Bengaluru,Intake,6,6,21,10.768,1.7947,1,0,0.1667,0.0
2025-08-01,Bengaluru,Support,4,4,15,11.579,2.8947,0,0,0.0,0.0
2025-08-01,Bengaluru,Verification,7,7,25,32.055,4.5793,0,0,0.0,0.0
2025-08-01,Delhi,Fulfillment,8,7,28,83.869,11.9813,0,0,0.0,0.0
2025-08-01,Delhi,Intake,5,5,14,9.957,1.9914,0,0,0.0,0.0
2025-08-01,Delhi,Support,4,4,11,15.438,3.8595,0,1,0.0,0.25
2025-08-01,Delhi,Verification,11,11,37,86.998,7.9089,0,5,0.0,0.4545
2025-08-01,Mumbai,Fulfillment,12,12,47,164.746,13.7288,0,0,0.0,0.0
2025-08-01,Mumbai,Intake,10,10,47,16.055,1.6055,0,0,0.0,0.0
2025-08-01,Mumbai,Support,6,5,25,23.674,4.7348,0,1,0.0,0.2
2025-08-01,Mumbai,Verification,20,17,60,98.152,5.7736,0,3,0.0,0.1765
2025-08-01,Pune,Fulfillment,8,8,40,137.476,17.1845,0,0,0.0,0.0
2025-08-01,Pune,Intake,9,9,32,17.319,1.9243,1,1,0.1111,0.1111
2025-08-01,Pune,Support,2,2,11,7.839,3.9195,0,0,0.0,0.0
2025-08-01,Pune,Verification,5,4,17,9.467,2.3668,0,0,0.0,0.0
2025-08-02,Bengaluru,Fulfillment,3,3,12,50.512,16.8373,0,1,0.0,0.3333
2025-08-02,Bengaluru,Intake,7,7,21,10.983,1.569,0,0,0.0,0.0
2025-08-02,Bengaluru,Support,1,1,4,4.817,4.817,0,0,0.0,0.0
2025-08-02,Bengaluru,Verification,4,4,19,14.48,3.62,0,0,0.0,0.0
2025-08-02,Delhi,Fulfillment,4,3,10,32.173,10.7243,0,0,0.0,0.0
2025-08-02,Delhi,Intake,5,5,15,11.428,2.2856,0,1,0.0,0.2
2025-08-02,Delhi,Support,3,3,14,7.687,2.5623,0,0,0.0,0.0
2025-08-02,Delhi,Verification,5,5,18,43.586,8.7172,0,2,0.0,0.4
2025-08-02,Mumbai,Fulfillment,4,4,18,50.324,12.581,0,0,0.0,0.0
2025-08-02,Mumbai,Intake,9,8,33,18.515,2.3144,0,1,0.0,0.125
2025-08-02,Mumbai,Support,2,2,12,8.808,4.404,0,0,0.0,0.0
2025-08-02,Mumbai,Verification,12,10,37,45.249,4.5249,1,0,0.1,0.0
2025-08-02,Pune,Fulfillment,7,6,26,64.994,10.8323,0,0,0.0,0.0
2025-08-02,Pune,Intake,4,4,20,9.645,2.4112,0,1,0.0,0.25
2025-08-02,Pune,Verification,7,6,26,31.253,5.2088,0,1,0.0,0.1667
2025-08-03,Bengaluru,Fulfillment,4,4,17,48.307,12.0767,1,0,0.25,0.0
2025-08-03,Bengaluru,Intake,9,9,32,17.7,1.9667,0,0,0.0,0.0
2025-08-03,Bengaluru,Support,1,1,2,7.589,7.589,0,1,0.0,1.0
2025-08-03,Bengaluru,Verification,5,4,17,29.337,7.3342,0,2,0.0,0.5
2025-08-03,Delhi,Fulfillment,3,3,10,43.08,14.36,0,0,0.0,0.0
2025-08-03,Delhi,Intake,6,6,25,11.188,1.8647,0,0,0.0,0.0
2025-08-03,Delhi,Support,1,1,2,4.781,4.781,0,0,0.0,0.0
2025-08-03,Delhi,Verification,5,5,18,36.952,7.3904,1,0,0.2,0.0
2025-08-03,Mumbai,Fulfillment,15,14,56,203.334,14.5239,1,2,0.0714,0.1429
2025-08-03,Mumbai,Intake,4,4,13,9.505,2.3762,0,0,0.0,0.0
2025-08-03,Mumbai,Support,5,5,22,18.585,3.717,0,0,0.0,0.0
2025-08-03,Mumbai,Verification,7,7,24,27.108,3.8726,0,1,0.0,0.1429
2025-08-03,Pune,Fulfillment,4,3,11,37.911,12.637,0,0,0.0,0.0
2025-08-03,Pune,Intake,5,4,16,7.883,1.9708,0,1,0.0,0.25
2025-08-03,Pune,Support,4,4,18,10.907,2.7268,0,0,0.0,0.0
2025-08-03,Pune,Verification,2,2,13,6.685,3.3425,0,0,0.0,0.0
2025-08-04,Bengaluru,Fulfillment,17,17,56,277.794,16.3408,0,1,0.0,0.0588
2025-08-04,Bengaluru,Intake,6,6,24,16.627,2.7712,0,1,0.0,0.1667
2025-08-04,Bengaluru,Support,5,5,17,21.916,4.3832,0,1,0.0,0.2
2025-08-04,Bengaluru,Verification,11,11,42,52.667,4.7879,0,2,0.0,0.1818
2025-08-04,Delhi,Fulfillment,18,18,77,319.707,17.7615,1,3,0.0556,0.1667
2025-08-04,Delhi,Intake,16,15,46,27.603,1.8402,2,0,0.1333,0.0
2025-08-04,Delhi,Support,4,3,7,15.136,5.0453,0,1,0.0,0.3333
2025-08-04,Delhi,Verification,10,10,41,109.81,10.981,1,6,0.1,0.6
2025-08-04,Mumbai,Fulfillment,16,16,72,255.389,15.9618,1,1,0.0625,0.0625
2025-08-04,Mumbai,Intake,13,13,60,29.953,2.3041,0,0,0.0,0.0
2025-08-04,Mumbai,Support,5,5,17,12.318,2.4636,1,0,0.2,0.0
2025-08-04,Mumbai,Verification,16,16,52,97.776,6.111,1,3,0.0625,0.1875
2025-08-04,Pune,Fulfillment,9,9,43,118.768,13.1964,0,0,0.0,0.0
2025-08-04,Pune,Intake,12,12,43,23.19,1.9325,0,0,0.0,0.0
2025-08-04,Pune,Support,3,3,14,11.834,3.9447,0,0,0.0,0.0
2025-08-04,Pune,Verification,8,7,28,43.226,6.1751,0,2,0.0,0.2857
2025-08-05,Bengaluru,Fulfillment,4,4,11,53.557,13.3892,0,0,0.0,0.0
2025-08-05,Bengaluru,Intake,8,8,25,15.423,1.9279,1,0,0.125,0.0
2025-08-05,Bengaluru,Support,1,1,1,4.883,4.883,0,0,0.0,0.0
2025-08-05,Bengaluru,Verification,6,6,22,33.928,5.6547,2,0,0.3333,0.0
2025-08-05,Delhi,Fulfillment,10,10,29,176.801,17.6801,0,3,0.0,0.3
2025-08-05,Delhi,Intake,11,11,54,21.485,1.9532,0,0,0.0,0.0
2025-08-05,Delhi,Support,3,3,12,12.835,4.2783,0,1,0.0,0.3333
2025-08-05,Delhi,Verification,9,9,29,87.378,9.7087,0,5,0.0,0.5556
2025-08-05,Mumbai,Fulfillment,20,19,71,298.491,15.7101,0,3,0.0,0.1579
2025-08-05,Mumbai,Intake,19,19,71,35.926,1.8908,0,0,0.0,0.0
2025-08-05,Mumbai,Support,6,6,23,20.012,3.3353,0,0,0.0,0.0
2025-08-05,Mumbai,Verification,18,18,81,71.565,3.9758,1,0,0.0556,0.0
2025-08-05,Pune,Fulfillment,6,6,24,71.81,11.9683,0,0,0.0,0.0
2025-08-05,Pune,Intake,8,8,38,14.112,1.764,0,0,0.0,0.0
2025-08-05,Pune,Support,3,3,16,8.96,2.9867,0,0,0.0,0.0
2025-08-05,Pune,Verification,8,8,31,37.748,4.7185,0,1,0.0,0.125
2025-08-06,Bengaluru,Fulfillment,7,7,32,114.276,16.3251,0,0,0.0,0.0
2025-08-06,Bengaluru,Intake,10,10,41,20.062,2.0062,1,0,0.1,0.0
2025-08-06,Bengaluru,Support,1,1,3,5.317,5.317,0,0,0.0,0.0
2025-08-06,Bengaluru,Verification,9,9,41,50.904,5.656,1,2,0.1111,0.2222
2025-08-06,Delhi,Fulfillment,11,11,43,171.878,15.6253,0,1,0.0,0.0909
2025-08-06,Delhi,Intake,8,8,31,17.822,2.2278,1,1,0.125,0.125
2025-08-06,Delhi,Support,6,6,23,25.104,4.184,0,0,0.0,0.0
2025-08-06,Delhi,Verification,9,8,33,50.518,6.3148,0,1,0.0,0.125
2025-08-06,Mumbai,Fulfillment,16,14,61,206.917,14.7798,0,1,0.0,0.0714
2025-08-06,Mumbai,Intake,11,11,50,22.671,2.061,0,0,0.0,0.0
2025-08-06,Mumbai,Support,3,3,10,9.648,3.216,0,0,0.0,0.0
2025-08-06,Mumbai,Verification,11,9,27,36.914,4.1016,0,0,0.0,0.0
2025-08-06,Pune,Fulfillment,11,11,44,173.281,15.7528,1,2,0.0909,0.1818
2025-08-06,Pune,Intake,12,12,43,23.199,1.9332,0,1,0.0,0.0833
2025-08-06,Pune,Support,2,1,5,1.383,1.383,0,0,0.0,0.0
2025-08-06,Pune,Verification,7,6,27,24.315,4.0525,0,0,0.0,0.0
2025-08-07,Bengaluru,Fulfillment,5,5,20,46.986,9.3972,0,0,0.0,0.0
2025-08-07,Bengaluru,Intake,8,8,25,17.384,2.173,0,0,0.0,0.0
2025-08-07,Bengaluru,Support,2,2,9,5.708,2.854,0,0,0.0,0.0
2025-08-07,Bengaluru,Verification,13,13,43,65.097,5.0075,0,1,0.0,0.0769
2025-08-07,Delhi,Fulfillment,11,11,48,154.764,14.0695,0,1,0.0,0.0909
2025-08-07,Delhi,Intake,8,8,40,15.228,1.9035,0,0,0.0,0.0
2025-08-07,Delhi,Support,3,3,15,13.466,4.4887,0,1,0.0,0.3333
2025-08-07,Delhi,Verification,9,9,32,51.41,5.7122,0,1,0.0,0.1111
2025-08-07,Mumbai,Fulfillment,10,10,43,118.342,11.8342,0,0,0.0,0.0
2025-08-07,Mumbai,Intake,12,12,42,24.551,2.0459,0,0,0.0,0.0
2025-08-07,Mumbai,Support,3,2,8,9.667,4.8335,0,1,0.0,0.5
2025-08-07,Mumbai,Verification,17,17,75,83.021,4.8836,0,3,0.0,0.1765
2025-08-07,Pune,Fulfillment,6,5,14,76.86,15.372,0,1,0.0,0.2
2025-08-07,Pune,Intake,3,3,13,6.317,2.1057,0,0,0.0,0.0
2025-08-07,Pune,Support,1,1,2,1.449,1.449,0,0,0.0,0.0
2025-08-07,Pune,Verification,4,4,19,10.777,2.6942,1,0,0.25,0.0
2025-08-08,Bengaluru,Fulfillment,4,4,13,58.705,14.6762,0,0,0.0,0.0
2025-08-08,Bengaluru,Intake,7,7,28,12.382,1.7689,0,0,0.0,0.0
2025-08-08,Bengaluru,Support,2,2,11,4.598,2.299,0,0,0.0,0.0
2025-08-08,Bengaluru,Verification,10,10,35,53.157,5.3157,1,1,0.1,0.1
2025-08-08,Delhi,Fulfillment,8,8,37,119.45,14.9312,1,1,0.125,0.125
2025-08-08,Delhi,Intake,13,12,52,19.944,1.662,1,1,0.0833,0.0833
2025-08-08,Delhi,Support,1,1,6,2.85,2.85,0,0,0.0,0.0
2025-08-08,Delhi,Verification,6,6,19,46.944,7.824,0,2,0.0,0.3333
2025-08-08,Mumbai,Fulfillment,7,7,29,103.467,14.781,0,1,0.0,0.1429
2025-08-08,Mumbai,Intake,13,12,54,27.444,2.287,1,1,0.0833,0.0833
2025-08-08,Mumbai,Support,4,4,11,20.887,5.2218,0,1,0.0,0.25
2025-08-08,Mumbai,Verification,9,9,35,53.283,5.9203,0,3,0.0,0.3333
2025-08-08,Pune,Fulfillment,9,9,41,90.353,10.0392,0,1,0.0,0.1111
2025-08-08,Pune,Intake,6,6,21,14.201,2.3668,0,1,0.0,0.1667
2025-08-08,Pune,Verification,5,4,14,16.567,4.1418,0,0,0.0,0.0
2025-08-09,Bengaluru,Fulfillment,4,4,12,51.448,12.862,1,0,0.25,0.0
2025-08-09,Bengaluru,Intake,6,6,31,11.508,1.918,0,0,0.0,0.0
2025-08-09,Bengaluru,Support,2,2,9,8.247,4.1235,0,0,0.0,0.0
2025-08-09,Bengaluru,Verification,5,5,21,18.387,3.6774,0,0,0.0,0.0
2025-08-09,Delhi,Fulfillment,9,9,34,126.205,14.0228,0,1,0.0,0.1111
2025-08-09,Delhi,Intake,3,3,11,4.354,1.4513,0,0,0.0,0.0
2025-08-09,Delhi,Support,1,1,6,2.591,2.591,0,0,0.0,0.0
2025-08-09,Delhi,Verification,7,7,38,51.5,7.3571,0,3,0.0,0.4286
2025-08-09,Mumbai,Fulfillment,13,12,45,180.701,15.0584,0,2,0.0,0.1667
2025-08-09,Mumbai,Intake,4,4,19,4.73,1.1825,0,0,0.0,0.0
2025-08-09,Mumbai,Support,2,2,3,12.692,6.346,0,1,0.0,0.5
2025-08-09,Mumbai,Verification,10,10,39,41.823,4.1823,0,0,0.0,0.0
2025-08-09,Pune,Fulfillment,1,1,2,43.095,43.095,0,1,0.0,1.0
2025-08-09,Pune,Intake,6,6,24,10.741,1.7902,0,0,0.0,0.0
2025-08-09,Pune,Support,2,2,7,8.689,4.3445,0,0,0.0,0.0
2025-08-09,Pune,Verification,2,2,5,6.515,3.2575,0,0,0.0,0.0
2025-08-10,Bengaluru,Fulfillment,2,2,7,24.783,12.3915,0,0,0.0,0.0
2025-08-10,Bengaluru,Intake,5,5,16,9.653,1.9306,1,0,0.2,0.0
2025-08-10,Bengaluru,Verification,2,2,5,13.633,6.8165,0,0,0.0,0.0
2025-08-10,Delhi,Fulfillment,3,3,13,28.586,9.5287,0,0,0.0,0.0
2025-08-10,Delhi,Intake,6,6,21,12.102,2.017,1,0,0.1667,0.0
2025-08-10,Delhi,Support,2,2,14,8.433,4.2165,0,0,0.0,0.0
2025-08-10,Delhi,Verification,4,3,11,19.717,6.5723,0,0,0.0,0.0
2025-08-10,Mumbai,Fulfillment,11,9,35,138.267,15.363,1,2,0.1111,0.2222
2025-08-10,Mumbai,Intake,6,6,20,11.608,1.9347,0,0,0.0,0.0
2025-08-10,Mumbai,Support,1,1,4,1.491,1.491,0,0,0.0,0.0
2025-08-10,Mumbai,Verification,6,6,32,28.38,4.73,0,0,0.0,0.0
2025-08-10,Pune,Fulfillment,7,7,23,101.811,14.5444,0,0,0.0,0.0
2025-08-10,Pune,Intake,2,1,5,1.502,1.502,0,0,0.0,0.0
2025-08-10,Pune,Support,3,3,16,8.418,2.806,0,0,0.0,0.0
2025-08-10,Pune,Verification,3,3,14,10.491,3.497,0,0,0.0,0.0
2025-08-11,Bengaluru,Fulfillment,8,7,18,110.432,15.776,0,1,0.0,0.1429
2025-08-11,Bengaluru,Intake,14,14,46,29.615,2.1154,0,0,0.0,0.0
2025-08-11,Bengaluru,Support,5,4,27,15.356,3.839,0,1,0.0,0.25
2025-08-11,Bengaluru,Verification,10,10,43,60.98,6.098,0,3,0.0,0.3
2025-08-11,Delhi,Fulfillment,9,9,39,127.39,14.1544,0,0,0.0,0.0
2025-08-11,Delhi,Intake,12,12,46,34.608,2.884,0,1,0.0,0.0833
2025-08-11,Delhi,Support,4,3,11,9.39,3.13,0,0,0.0,0.0
2025-08-11,Delhi,Verification,11,11,53,106.785,9.7077,0,5,0.0,0.4545
2025-08-11,Mumbai,Fulfillment,17,16,64,278.954,17.4346,2,4,0.125,0.25
2025-08-11,Mumbai,Intake,19,19,65,50.386,2.6519,2,3,0.1053,0.1579
2025-08-11,Mumbai,Support,11,11,51,48.171,4.3792,0,2,0.0,0.1818
2025-08-11,Mumbai,Verification,25,22,89,175.638,7.9835,2,8,0.0909,0.3636
2025-08-11,Pune,Fulfillment,9,9,42,158.432,17.6036,2,2,0.2222,0.2222
2025-08-11,Pune,Intake,11,11,38,32.112,2.9193,1,3,0.0909,0.2727
2025-08-11,Pune,Support,2,2,9,8.923,4.4615,0,0,0.0,0.0
2025-08-11,Pune,Verification,17,16,58,89.505,5.5941,2,3,0.125,0.1875
2025-08-12,Bengaluru,Fulfillment,7,7,30,90.814,12.9734,0,0,0.0,0.0
2025-08-12,Bengaluru,Intake,7,6,30,11.162,1.8603,0,0,0.0,0.0
2025-08-12,Bengaluru,Support,1,1,3,2.517,2.517,0,0,0.0,0.0
2025-08-12,Bengaluru,Verification,9,9,36,41.49,4.61,0,0,0.0,0.0
2025-08-12,Delhi,Fulfillment,8,8,28,92.502,11.5628,0,0,0.0,0.0
2025-08-12,Delhi,Intake,5,5,19,9.046,1.8092,0,0,0.0,0.0
2025-08-12,Delhi,Support,5,4,18,8.594,2.1485,0,0,0.0,0.0
2025-08-12,Delhi,Verification,8,8,35,51.144,6.393,0,2,0.0,0.25
2025-08-12,Mumbai,Fulfillment,20,17,69,284.916,16.7598,2,3,0.1176,0.1765
2025-08-12,Mumbai,Intake,12,12,53,24.33,2.0275,1,0,0.0833,0.0
2025-08-12,Mumbai,Support,3,3,12,10.662,3.554,0,0,0.0,0.0
2025-08-12,Mumbai,Verification,10,10,36,40.443,4.0443,0,0,0.0,0.0
2025-08-12,Pune,Fulfillment,13,13,47,154.32,11.8708,0,0,0.0,0.0
2025-08-12,Pune,Intake,9,8,37,18.91,2.3638,0,0,0.0,0.0
2025-08-12,Pune,Support,3,2,8,5.148,2.574,0,0,0.0,0.0
2025-08-12,Pune,Verification,14,12,45,52.629,4.3858,0,0,0.0,0.0
2025-08-13,Bengaluru,Fulfillment,10,10,32,137.759,13.7759,0,0,0.0,0.0
2025-08-13,Bengaluru,Intake,8,8,31,15.997,1.9996,0,0,0.0,0.0
2025-08-13,Bengaluru,Verification,11,10,46,49.187,4.9187,0,0,0.0,0.0
2025-08-13,Delhi,Fulfillment,11,11,42,157.184,14.2895,0,1,0.0,0.0909
2025-08-13,Delhi,Intake,13,12,46,21.359,1.7799,0,0,0.0,0.0
2025-08-13,Delhi,Support,3,3,10,9.857,3.2857,0,0,0.0,0.0
2025-08-13,Delhi,Verification,6,5,16,41.659,8.3318,0,2,0.0,0.4
2025-08-13,Mumbai,Fulfillment,12,12,63,149.506,12.4588,1,1,0.0833,0.0833
2025-08-13,Mumbai,Intake,5,5,22,8.037,1.6074,1,0,0.2,0.0
2025-08-13,Mumbai,Support,1,1,5,4.233,4.233,0,0,0.0,0.0
2025-08-13,Mumbai,Verification,11,11,43,43.753,3.9775,0,0,0.0,0.0
2025-08-13,Pune,Fulfillment,8,8,33,105.842,13.2302,0,0,0.0,0.0
2025-08-13,Pune,Intake,10,9,32,14.786,1.6429,0,0,0.0,0.0
2025-08-13,Pune,Support,6,6,24,12.919,2.1532,0,0,0.0,0.0
2025-08-13,Pune,Verification,4,3,7,12.394,4.1313,0,0,0.0,0.0
2025-08-14,Bengaluru,Fulfillment,8,7,25,112.124,16.0177,0,1,0.0,0.1429
2025-08-14,Bengaluru,Intake,8,8,30,16.313,2.0391,0,1,0.0,0.125
2025-08-14,Bengaluru,Support,3,3,9,14.257,4.7523,0,1,0.0,0.3333
2025-08-14,Bengaluru,Verification,11,11,41,44.123,4.0112,0,0,0.0,0.0
2025-08-14,Delhi,Fulfillment,9,8,36,163.325,20.4156,0,1,0.0,0.125
2025-08-14,Delhi,Intake,6,5,21,11.366,2.2732,0,0,0.0,0.0
2025-08-14,Delhi,Support,5,5,17,23.872,4.7744,0,1,0.0,0.2
2025-08-14,Delhi,Verification,21,21,86,167.363,7.9697,2,7,0.0952,0.3333
2025-08-14,Mumbai,Fulfillment,13,12,41,161.266,13.4388,1,0,0.0833,0.0
2025-08-14,Mumbai,Intake,21,20,63,45.813,2.2907,0,2,0.0,0.1
2025-08-14,Mumbai,Support,3,3,7,10.339,3.4463,1,0,0.3333,0.0
2025-08-14,Mumbai,Verification,13,12,47,59.303,4.9419,1,1,0.0833,0.0833
2025-08-14,Pune,Fulfillment,6,6,25,80.442,13.407,0,1,0.0,0.1667
2025-08-14,Pune,Intake,7,4,19,8.662,2.1655,0,0,0.0,0.0
2025-08-14,Pune,Support,4,4,13,14.027,3.5068,0,0,0.0,0.0
2025-08-14,Pune,Verification,8,8,36,32.297,4.0371,0,0,0.0,0.0
2025-08-15,Bengaluru,Fulfillment,12,10,37,179.539,17.9539,0,2,0.0,0.2
2025-08-15,Bengaluru,Intake,9,8,34,16.746,2.0932,0,1,0.0,0.125
2025-08-15,Bengaluru,Support,2,2,9,7.989,3.9945,0,0,0.0,0.0
2025-08-15,Bengaluru,Verification,8,8,34,40.367,5.0459,0,0,0.0,0.0
2025-08-15,Delhi,Fulfillment,9,9,42,158.902,17.6558,0,2,0.0,0.2222
2025-08-15,Delhi,Intake,10,9,34,16.801,1.8668,1,0,0.1111,0.0
2025-08-15,Delhi,Support,4,4,17,19.279,4.8198,0,1,0.0,0.25
2025-08-15,Delhi,Verification,12,11,40,101.102,9.1911,0,6,0.0,0.5455
2025-08-15,Mumbai,Fulfillment,15,14,58,188.997,13.4998,1,0,0.0714,0.0
2025-08-15,Mumbai,Intake,11,11,39,24.739,2.249,0,0,0.0,0.0
2025-08-15,Mumbai,Support,3,3,10,9.944,3.3147,0,0,0.0,0.0
2025-08-15,Mumbai,Verification,18,17,67,84.796,4.988,0,1,0.0,0.0588
2025-08-15,Pune,Fulfillment,8,7,25,91.652,13.0931,0,0,0.0,0.0
2025-08-15,Pune,Intake,11,10,37,16.004,1.6004,0,0,0.0,0.0
2025-08-15,Pune,Support,1,1,6,6.135,6.135,0,1,0.0,1.0
2025-08-15,Pune,Verification,4,3,10,13.998,4.666,0,0,0.0,0.0
2025-08-16,Bengaluru,Fulfillment,1,1,2,27.133,27.133,0,1,0.0,1.0
2025-08-16,Bengaluru,Intake,7,7,37,15.48,2.2114,2,0,0.2857,0.0
2025-08-16,Bengaluru,Verification,3,3,10,11.137,3.7123,0,0,0.0,0.0
2025-08-16,Delhi,Fulfillment,6,6,24,83.921,13.9868,1,1,0.1667,0.1667
2025-08-16,Delhi,Intake,7,7,30,16.04,2.2914,1,0,0.1429,0.0
2025-08-16,Delhi,Support,1,1,4,4.752,4.752,0,0,0.0,0.0
2025-08-16,Delhi,Verification,2,2,13,15.006,7.503,0,1,0.0,0.5
2025-08-16,Mumbai,Fulfillment,9,8,28,104.91,13.1138,1,0,0.125,0.0
2025-08-16,Mumbai,Intake,8,8,38,13.578,1.6972,0,0,0.0,0.0
2025-08-16,Mumbai,Support,4,4,16,14.617,3.6542,1,0,0.25,0.0
2025-08-16,Mumbai,Verification,10,10,34,39.19,3.919,0,1,0.0,0.1
2025-08-16,Pune,Fulfillment,7,7,30,136.53,19.5043,0,2,0.0,0.2857
2025-08-16,Pune,Intake,3,3,8,3.83,1.2767,0,0,0.0,0.0
2025-08-16,Pune,Support,2,2,8,5.964,2.982,0,0,0.0,0.0
2025-08-16,Pune,Verification,7,6,26,28.621,4.7702,0,1,0.0,0.1667
2025-08-17,Bengaluru,Fulfillment,3,3,12,26.58,8.86,0,0,0.0,0.0
2025-08-17,Bengaluru,Intake,6,6,23,10.348,1.7247,0,0,0.0,0.0
2025-08-17,Bengaluru,Support,1,1,4,6.699,6.699,0,1,0.0,1.0
2025-08-17,Bengaluru,Verification,3,3,13,17.327,5.7757,0,0,0.0,0.0
2025-08-17,Delhi,Fulfillment,5,5,20,65.268,13.0536,0,0,0.0,0.0
2025-08-17,Delhi,Intake,6,6,30,12.61,2.1017,0,0,0.0,0.0
2025-08-17,Delhi,Support,7,7,28,19.436,2.7766,0,0,0.0,0.0
2025-08-17,Delhi,Verification,6,6,23,69.739,11.6232,0,4,0.0,0.6667
2025-08-17,Mumbai,Fulfillment,5,5,21,99.197,19.8394,0,2,0.0,0.4
2025-08-17,Mumbai,Intake,8,8,28,17.096,2.137,1,0,0.125,0.0
2025-08-17,Mumbai,Support,3,3,11,8.949,2.983,0,0,0.0,0.0
2025-08-17,Mumbai,Verification,3,3,14,7.477,2.4923,0,0,0.0,0.0
2025-08-17,Pune,Fulfillment,4,4,20,39.35,9.8375,0,0,0.0,0.0
2025-08-17,Pune,Intake,3,3,14,4.067,1.3557,0,0,0.0,0.0
2025-08-17,Pune,Support,3,3,12,5.464,1.8213,0,0,0.0,0.0
2025-08-17,Pune,Verification,3,3,11,16.992,5.664,0,0,0.0,0.0
2025-08-18,Bengaluru,Fulfillment,10,10,32,156.818,15.6818,0,1,0.0,0.1
2025-08-18,Bengaluru,Intake,11,11,38,38.423,3.493,1,2,0.0909,0.1818
2025-08-18,Bengaluru,Support,2,2,8,6.751,3.3755,0,0,0.0,0.0
2025-08-18,Bengaluru,Verification,7,6,24,34.061,5.6768,0,1,0.0,0.1667
2025-08-18,Delhi,Fulfillment,12,11,39,169.012,15.3647,0,0,0.0,0.0
2025-08-18,Delhi,Intake,18,17,69,38.204,2.2473,1,0,0.0588,0.0
2025-08-18,Delhi,Support,4,4,16,22.392,5.598,0,2,0.0,0.5
2025-08-18,Delhi,Verification,14,13,45,116.448,8.9575,1,7,0.0769,0.5385
2025-08-18,Mumbai,Fulfillment,14,14,54,234.59,16.7564,0,4,0.0,0.2857
2025-08-18,Mumbai,Intake,10,10,43,25.42,2.542,0,1,0.0,0.1
2025-08-18,Mumbai,Support,5,5,22,19.375,3.875,0,1,0.0,0.2
2025-08-18,Mumbai,Verification,14,13,53,76.911,5.9162,0,2,0.0,0.1538
2025-08-18,Pune,Fulfillment,9,6,22,102.627,17.1045,0,2,0.0,0.3333
2025-08-18,Pune,Intake,9,9,42,18.159,2.0177,0,0,0.0,0.0
2025-08-18,Pune,Support,2,2,10,4.435,2.2175,1,0,0.5,0.0
2025-08-18,Pune,Verification,13,13,60,61.441,4.7262,0,1,0.0,0.0769
2025-08-19,Bengaluru,Fulfillment,4,4,12,43.942,10.9855,0,0,0.0,0.0
2025-08-19,Bengaluru,Intake,8,7,29,14.387,2.0553,0,0,0.0,0.0
2025-08-19,Bengaluru,Support,3,3,9,7.559,2.5197,0,0,0.0,0.0
2025-08-19,Bengaluru,Verification,12,12,45,58.952,4.9127,0,1,0.0,0.0833
2025-08-19,Delhi,Fulfillment,15,14,53,175.861,12.5615,0,0,0.0,0.0
2025-08-19,Delhi,Intake,7,6,25,11.257,1.8762,0,0,0.0,0.0
2025-08-19,Delhi,Support,2,2,7,5.673,2.8365,0,0,0.0,0.0
2025-08-19,Delhi,Verification,17,17,66,153.655,9.0385,2,9,0.1176,0.5294
2025-08-19,Mumbai,Fulfillment,19,16,61,305.434,19.0896,0,5,0.0,0.3125
2025-08-19,Mumbai,Intake,12,12,40,23.149,1.9291,0,1,0.0,0.0833
2025-08-19,Mumbai,Support,2,2,10,4.139,2.0695,0,0,0.0,0.0
2025-08-19,Mumbai,Verification,15,15,59,87.294,5.8196,1,2,0.0667,0.1333
2025-08-19,Pune,Fulfillment,7,7,26,90.258,12.894,0,0,0.0,0.0
2025-08-19,Pune,Intake,6,6,25,12.646,2.1077,0,0,0.0,0.0
2025-08-19,Pune,Support,1,1,2,1.979,1.979,0,0,0.0,0.0
2025-08-19,Pune,Verification,5,5,22,17.85,3.57,0,0,0.0,0.0
2025-08-20,Bengaluru,Fulfillment,6,6,26,75.421,12.5702,0,1,0.0,0.1667
2025-08-20,Bengaluru,Intake,7,7,24,17.118,2.4454,0,0,0.0,0.0
2025-08-20,Bengaluru,Support,2,2,5,5.55,2.775,0,0,0.0,0.0
2025-08-20,Bengaluru,Verification,6,6,30,24.682,4.1137,1,1,0.1667,0.1667
2025-08-20,Delhi,Fulfillment,11,11,53,173.231,15.7483,0,1,0.0,0.0909
2025-08-20,Delhi,Intake,8,7,28,13.068,1.8669,0,0,0.0,0.0
2025-08-20,Delhi,Support,1,1,5,6.083,6.083,0,1,0.0,1.0
2025-08-20,Delhi,Verification,14,14,52,106.88,7.6343,0,5,0.0,0.3571
2025-08-20,Mumbai,Fulfillment,11,11,37,170.84,15.5309,1,1,0.0909,0.0909
2025-08-20,Mumbai,Intake,14,13,53,28.198,2.1691,0,1,0.0,0.0769
2025-08-20,Mumbai,Support,8,8,31,34.576,4.322,0,2,0.0,0.25
2025-08-20,Mumbai,Verification,13,12,56,47.996,3.9997,1,0,0.0833,0.0
2025-08-20,Pune,Fulfillment,5,5,23,61.148,12.2296,0,0,0.0,0.0
2025-08-20,Pune,Intake,12,11,48,22.895,2.0814,0,1,0.0,0.0909
2025-08-20,Pune,Support,3,3,11,8.966,2.9887,0,0,0.0,0.0
2025-08-20,Pune,Verification,12,12,43,65.732,5.4777,0,3,0.0,0.25
2025-08-21,Bengaluru,Fulfillment,13,12,52,126.931,10.5776,0,0,0.0,0.0
2025-08-21,Bengaluru,Intake,6,6,23,13.623,2.2705,1,1,0.1667,0.1667
2025-08-21,Bengaluru,Support,3,2,5,13.915,6.9575,1,1,0.5,0.5
2025-08-21,Bengaluru,Verification,8,8,31,38.533,4.8166,0,0,0.0,0.0
2025-08-21,Delhi,Fulfillment,7,7,23,111.884,15.9834,0,1,0.0,0.1429
2025-08-21,Delhi,Intake,12,12,51,23.091,1.9242,0,0,0.0,0.0
2025-08-21,Delhi,Support,6,6,18,24.13,4.0217,0,1,0.0,0.1667
2025-08-21,Delhi,Verification,9,8,40,59.982,7.4978,0,4,0.0,0.5
2025-08-21,Mumbai,Fulfillment,11,11,51,199.807,18.1643,0,2,0.0,0.1818
2025-08-21,Mumbai,Intake,19,17,59,39.032,2.296,1,2,0.0588,0.1176
2025-08-21,Mumbai,Support,11,10,40,29.732,2.9732,0,0,0.0,0.0
2025-08-21,Mumbai,Verification,7,7,23,37.76,5.3943,0,1,0.0,0.1429
2025-08-21,Pune,Fulfillment,9,9,34,121.295,13.4772,0,1,0.0,0.1111
2025-08-21,Pune,Intake,9,9,28,17.926,1.9918,1,0,0.1111,0.0
2025-08-21,Pune,Support,6,6,23,16.684,2.7807,1,0,0.1667,0.0
2025-08-21,Pune,Verification,8,8,34,51.711,6.4639,0,2,0.0,0.25
2025-08-22,Bengaluru,Fulfillment,9,9,41,91.516,10.1684,0,0,0.0,0.0
2025-08-22,Bengaluru,Intake,8,7,33,13.521,1.9316,0,0,0.0,0.0
2025-08-22,Bengaluru,Support,3,3,11,11.51,3.8367,0,0,0.0,0.0
2025-08-22,Bengaluru,Verification,1,1,4,3.383,3.383,0,0,0.0,0.0
2025-08-22,Delhi,Fulfillment,9,9,37,73.033,8.1148,0,0,0.0,0.0
2025-08-22,Delhi,Intake,9,9,32,16.423,1.8248,0,0,0.0,0.0
2025-08-22,Delhi,Support,2,2,7,8.901,4.4505,0,1,0.0,0.5
2025-08-22,Delhi,Verification,13,13,54,92.528,7.1175,0,5,0.0,0.3846
2025-08-22,Mumbai,Fulfillment,18,17,68,217.896,12.8174,0,0,0.0,0.0
2025-08-22,Mumbai,Intake,12,12,56,25.963,2.1636,1,1,0.0833,0.0833
2025-08-22,Mumbai,Support,2,2,7,6.597,3.2985,0,0,0.0,0.0
2025-08-22,Mumbai,Verification,16,16,61,79.536,4.971,0,1,0.0,0.0625
2025-08-22,Pune,Fulfillment,4,4,12,46.592,11.648,0,0,0.0,0.0
2025-08-22,Pune,Intake,10,9,30,12.613,1.4014,0,0,0.0,0.0
2025-08-22,Pune,Support,3,3,11,10.798,3.5993,0,0,0.0,0.0
2025-08-22,Pune,Verification,8,8,29,32.229,4.0286,0,0,0.0,0.0
2025-08-23,Bengaluru,Fulfillment,3,2,12,20.516,10.258,0,0,0.0,0.0
2025-08-23,Bengaluru,Intake,8,8,37,16.113,2.0141,1,0,0.125,0.0
2025-08-23,Bengaluru,Support,3,3,8,14.861,4.9537,0,1,0.0,0.3333
2025-08-23,Bengaluru,Verification,5,5,12,23.659,4.7318,0,0,0.0,0.0
2025-08-23,Delhi,Fulfillment,3,3,10,30.893,10.2977,0,0,0.0,0.0
2025-08-23,Delhi,Intake,3,3,12,10.445,3.4817,0,1,0.0,0.3333
2025-08-23,Delhi,Support,1,1,7,2.638,2.638,0,0,0.0,0.0
2025-08-23,Delhi,Verification,6,5,16,32.873,6.5746,0,2,0.0,0.4
2025-08-23,Mumbai,Fulfillment,3,3,6,33.071,11.0237,0,0,0.0,0.0
2025-08-23,Mumbai,Intake,7,6,23,10.309,1.7182,0,0,0.0,0.0
2025-08-23,Mumbai,Support,3,3,10,12.69,4.23,0,1,0.0,0.3333
2025-08-23,Mumbai,Verification,3,3,17,21.848,7.2827,0,1,0.0,0.3333
2025-08-23,Pune,Fulfillment,6,6,18,75.021,12.5035,0,0,0.0,0.0
2025-08-23,Pune,Intake,2,2,7,3.6,1.8,0,0,0.0,0.0
2025-08-23,Pune,Support,1,1,5,1.494,1.494,0,0,0.0,0.0
2025-08-23,Pune,Verification,4,4,12,18.443,4.6108,0,0,0.0,0.0
2025-08-24,Bengaluru,Fulfillment,5,5,25,63.631,12.7262,0,0,0.0,0.0
2025-08-24,Bengaluru,Intake,7,6,31,12.233,2.0388,0,0,0.0,0.0
2025-08-24,Bengaluru,Support,2,2,7,7.554,3.777,0,0,0.0,0.0
2025-08-24,Bengaluru,Verification,5,5,16,16.585,3.317,0,0,0.0,0.0
2025-08-24,Delhi,Fulfillment,4,4,17,38.129,9.5322,1,0,0.25,0.0
2025-08-24,Delhi,Intake,4,4,17,7.457,1.8642,0,0,0.0,0.0
2025-08-24,Delhi,Support,1,1,5,2.0,2.0,0,0,0.0,0.0
2025-08-24,Delhi,Verification,4,4,11,33.236,8.309,0,2,0.0,0.5
2025-08-24,Mumbai,Fulfillment,3,3,15,20.937,6.979,0,0,0.0,0.0
2025-08-24,Mumbai,Intake,6,6,22,19.042,3.1737,0,3,0.0,0.5
2025-08-24,Mumbai,Support,1,1,4,2.3,2.3,0,0,0.0,0.0
2025-08-24,Mumbai,Verification,7,7,29,43.639,6.2341,0,2,0.0,0.2857
2025-08-24,Pune,Fulfillment,2,2,8,19.667,9.8335,0,0,0.0,0.0
2025-08-24,Pune,Intake,4,4,18,7.694,1.9235,0,0,0.0,0.0
2025-08-24,Pune,Verification,6,6,26,18.631,3.1052,0,0,0.0,0.0
2025-08-25,Bengaluru,Fulfillment,12,12,54,224.832,18.736,0,3,0.0,0.25
2025-08-25,Bengaluru,Intake,11,11,38,26.212,2.3829,3,0,0.2727,0.0
2025-08-25,Bengaluru,Support,2,2,8,5.75,2.875,0,0,0.0,0.0
2025-08-25,Bengaluru,Verification,7,6,23,36.914,6.1523,0,1,0.0,0.1667
2025-08-25,Delhi,Fulfillment,13,13,48,311.73,23.9792,2,6,0.1538,0.4615
2025-08-25,Delhi,Intake,13,13,59,34.755,2.6735,0,1,0.0,0.0769
2025-08-25,Delhi,Support,4,4,16,14.863,3.7158,0,0,0.0,0.0
2025-08-25,Delhi,Verification,12,11,33,111.595,10.145,0,7,0.0,0.6364
2025-08-25,Mumbai,Fulfillment,12,12,51,183.818,15.3182,0,2,0.0,0.1667
2025-08-25,Mumbai,Intake,23,22,77,59.159,2.689,1,2,0.0455,0.0909
2025-08-25,Mumbai,Support,6,6,28,27.564,4.594,0,1,0.0,0.1667
2025-08-25,Mumbai,Verification,15,15,61,102.819,6.8546,0,6,0.0,0.4
2025-08-25,Pune,Fulfillment,10,10,41,220.738,22.0738,0,1,0.0,0.1
2025-08-25,Pune,Intake,20,18,81,40.072,2.2262,2,1,0.1111,0.0556
2025-08-25,Pune,Support,2,2,10,5.733,2.8665,0,0,0.0,0.0
2025-08-25,Pune,Verification,13,13,56,64.372,4.9517,0,1,0.0,0.0769
2025-08-26,Bengaluru,Fulfillment,6,6,20,73.422,12.237,0,0,0.0,0.0
2025-08-26,Bengaluru,Intake,12,12,50,19.908,1.659,0,0,0.0,0.0
2025-08-26,Bengaluru,Support,2,2,3,7.259,3.6295,0,0,0.0,0.0
2025-08-26,Bengaluru,Verification,5,5,9,24.135,4.827,0,1,0.0,0.2
2025-08-26,Delhi,Fulfillment,11,9,31,115.454,12.8282,0,0,0.0,0.0
2025-08-26,Delhi,Intake,9,9,35,18.512,2.0569,0,1,0.0,0.1111
2025-08-26,Delhi,Support,1,1,4,2.417,2.417,0,0,0.0,0.0
2025-08-26,Delhi,Verification,13,13,65,84.148,6.4729,0,4,0.0,0.3077
2025-08-26,Mumbai,Fulfillment,20,19,62,284.662,14.9822,1,3,0.0526,0.1579
2025-08-26,Mumbai,Intake,15,15,50,35.9,2.3933,0,2,0.0,0.1333
2025-08-26,Mumbai,Support,4,4,16,9.898,2.4745,0,0,0.0,0.0
2025-08-26,Mumbai,Verification,11,11,41,55.031,5.0028,0,2,0.0,0.1818
2025-08-26,Pune,Fulfillment,4,4,16,39.31,9.8275,1,0,0.25,0.0
2025-08-26,Pune,Intake,4,4,16,6.836,1.709,0,0,0.0,0.0
2025-08-26,Pune,Support,3,3,11,8.84,2.9467,0,0,0.0,0.0
2025-08-26,Pune,Verification,8,8,32,42.317,5.2896,0,2,0.0,0.25
2025-08-27,Bengaluru,Fulfillment,7,7,33,88.315,12.6164,1,0,0.1429,0.0
2025-08-27,Bengaluru,Intake,8,8,28,17.096,2.137,0,0,0.0,0.0
2025-08-27,Bengaluru,Support,3,2,7,6.976,3.488,1,0,0.5,0.0
2025-08-27,Bengaluru,Verification,12,10,42,47.199,4.7199,0,0,0.0,0.0
2025-08-27,Delhi,Fulfillment,10,10,39,166.849,16.6849,0,1,0.0,0.1
2025-08-27,Delhi,Intake,11,11,42,24.646,2.2405,2,1,0.1818,0.0909
2025-08-27,Delhi,Support,3,3,13,7.811,2.6037,0,0,0.0,0.0
2025-08-27,Delhi,Verification,7,7,28,50.407,7.201,0,3,0.0,0.4286
2025-08-27,Mumbai,Fulfillment,17,17,73,265.98,15.6459,0,4,0.0,0.2353
2025-08-27,Mumbai,Intake,16,15,55,27.98,1.8653,0,0,0.0,0.0
2025-08-27,Mumbai,Support,7,7,24,24.973,3.5676,0,0,0.0,0.0
2025-08-27,Mumbai,Verification,13,12,48,71.29,5.9408,0,1,0.0,0.0833
2025-08-27,Pune,Fulfillment,7,7,36,85.391,12.1987,0,0,0.0,0.0
2025-08-27,Pune,Intake,15,12,42,22.562,1.8802,0,0,0.0,0.0
2025-08-27,Pune,Support,3,3,11,9.961,3.3203,0,0,0.0,0.0
2025-08-27,Pune,Verification,13,13,49,77.218,5.9398,0,3,0.0,0.2308
2025-08-28,Bengaluru,Fulfillment,11,11,52,139.213,12.6557,0,0,0.0,0.0
2025-08-28,Bengaluru,Intake,7,7,20,12.351,1.7644,0,1,0.0,0.1429
2025-08-28,Bengaluru,Support,3,3,11,11.731,3.9103,0,1,0.0,0.3333
2025-08-28,Bengaluru,Verification,7,7,33,31.844,4.5491,2,1,0.2857,0.1429
2025-08-28,Delhi,Fulfillment,11,9,37,137.13,15.2367,0,2,0.0,0.2222
2025-08-28,Delhi,Intake,5,5,20,8.301,1.6602,1,0,0.2,0.0
2025-08-28,Delhi,Support,4,4,16,17.525,4.3812,0,0,0.0,0.0
2025-08-28,Delhi,Verification,15,14,63,134.328,9.5949,0,8,0.0,0.5714
2025-08-28,Mumbai,Fulfillment,17,17,71,285.991,16.823,0,4,0.0,0.2353
2025-08-28,Mumbai,Intake,13,13,57,23.96,1.8431,0,0,0.0,0.0
2025-08-28,Mumbai,Support,8,7,35,22.177,3.1681,0,0,0.0,0.0
2025-08-28,Mumbai,Verification,17,15,58,63.975,4.265,1,1,0.0667,0.0667
2025-08-28,Pune,Fulfillment,9,9,35,159.0,17.6667,0,3,0.0,0.3333
2025-08-28,Pune,Intake,10,10,40,19.717,1.9717,1,1,0.1,0.1
2025-08-28,Pune,Support,1,1,3,1.982,1.982,0,0,0.0,0.0
2025-08-28,Pune,Verification,6,6,34,28.357,4.7262,0,0,0.0,0.0
2025-08-29,Bengaluru,Fulfillment,3,3,9,35.396,11.7987,0,0,0.0,0.0
2025-08-29,Bengaluru,Intake,6,6,34,14.624,2.4373,0,0,0.0,0.0
2025-08-29,Bengaluru,Support,2,2,11,15.629,7.8145,0,1,0.0,0.5
2025-08-29,Bengaluru,Verification,9,9,29,51.519,5.7243,1,1,0.1111,0.1111
2025-08-29,Delhi,Fulfillment,14,14,53,248.918,17.7799,0,3,0.0,0.2143
2025-08-29,Delhi,Intake,16,15,49,28.092,1.8728,1,0,0.0667,0.0
2025-08-29,Delhi,Support,3,3,19,11.875,3.9583,0,0,0.0,0.0
2025-08-29,Delhi,Verification,16,15,60,125.587,8.3725,1,6,0.0667,0.4
2025-08-29,Mumbai,Fulfillment,18,17,68,248.686,14.6286,0,0,0.0,0.0
2025-08-29,Mumbai,Intake,14,13,59,22.931,1.7639,0,0,0.0,0.0
2025-08-29,Mumbai,Support,4,4,20,12.857,3.2142,0,0,0.0,0.0
2025-08-29,Mumbai,Verification,14,13,52,65.846,5.0651,0,1,0.0,0.0769
2025-08-29,Pune,Fulfillment,4,4,13,93.343,23.3358,0,2,0.0,0.5
2025-08-29,Pune,Intake,6,6,15,8.738,1.4563,0,0,0.0,0.0
2025-08-29,Pune,Support,3,3,11,8.954,2.9847,0,0,0.0,0.0
2025-08-29,Pune,Verification,7,6,17,29.056,4.8427,0,1,0.0,0.1667
2025-08-30,Bengaluru,Fulfillment,6,6,27,84.313,14.0522,0,0,0.0,0.0
2025-08-30,Bengaluru,Intake,6,6,21,13.584,2.264,0,1,0.0,0.1667
2025-08-30,Bengaluru,Support,3,3,7,8.212,2.7373,0,0,0.0,0.0
2025-08-30,Bengaluru,Verification,4,3,10,19.32,6.44,0,1,0.0,0.3333
2025-08-30,Delhi,Fulfillment,5,5,26,51.384,10.2768,0,0,0.0,0.0
2025-08-30,Delhi,Intake,8,8,34,15.027,1.8784,0,0,0.0,0.0
2025-08-30,Delhi,Support,3,2,6,4.746,2.373,0,0,0.0,0.0
2025-08-30,Delhi,Verification,2,2,9,13.167,6.5835,0,1,0.0,0.5
2025-08-30,Mumbai,Fulfillment,7,6,34,93.896,15.6493,0,1,0.0,0.1667
2025-08-30,Mumbai,Intake,8,7,24,14.702,2.1003,0,0,0.0,0.0
2025-08-30,Mumbai,Support,3,3,11,8.279,2.7597,0,0,0.0,0.0
2025-08-30,Mumbai,Verification,6,6,32,45.224,7.5373,0,2,0.0,0.3333
2025-08-30,Pune,Fulfillment,8,8,32,91.866,11.4832,0,0,0.0,0.0
2025-08-30,Pune,Intake,6,5,18,8.095,1.619,0,0,0.0,0.0
2025-08-30,Pune,Support,1,1,5,2.5,2.5,0,0,0.0,0.0
2025-08-30,Pune,Verification,4,4,16,19.697,4.9242,0,0,0.0,0.0
2025-08-31,Bengaluru,Fulfillment,3,3,16,39.132,13.044,0,1,0.0,0.3333
2025-08-31,Bengaluru,Intake,4,3,13,4.067,1.3557,0,0,0.0,0.0
2025-08-31,Bengaluru,Verification,2,2,9,5.741,2.8705,0,0,0.0,0.0
2025-08-31,Delhi,Fulfillment,7,7,27,90.273,12.8961,0,0,0.0,0.0
2025-08-31,Delhi,Intake,5,5,19,6.084,1.2168,0,0,0.0,0.0
2025-08-31,Delhi,Support,1,1,4,5.483,5.483,0,0,0.0,0.0
2025-08-31,Delhi,Verification,4,4,13,34.182,8.5455,0,1,0.0,0.25
2025-08-31,Mumbai,Fulfillment,7,7,25,82.383,11.769,0,0,0.0,0.0
2025-08-31,Mumbai,Intake,9,9,32,19.954,2.2171,0,0,0.0,0.0
2025-08-31,Mumbai,Verification,5,4,13,27.041,6.7602,0,1,0.0,0.25
2025-08-31,Pune,Fulfillment,4,3,11,33.588,11.196,0,0,0.0,0.0
2025-08-31,Pune,Intake,5,3,7,7.319,2.4397,0,0,0.0,0.0
2025-08-31,Pune,Support,2,2,15,6.108,3.054,0,0,0.0,0.0
2025-08-31,Pune,Verification,5,5,18,16.525,3.305,0,0,0.0,0.0
2025-09-01,Bengaluru,Fulfillment,9,9,34,167.854,18.6504,0,1,0.0,0.1111
2025-09-01,Bengaluru,Intake,4,4,17,12.115,3.0288,1,1,0.25,0.25
2025-09-01,Bengaluru,Support,4,3,7,12.949,4.3163,0,0,0.0,0.0
2025-09-01,Bengaluru,Verification,11,10,43,74.516,7.4516,0,3,0.0,0.3
2025-09-01,Delhi,Fulfillment,14,14,53,321.813,22.9866,2,5,0.1429,0.3571
2025-09-01,Delhi,Intake,16,16,69,36.643,2.2902,0,1,0.0,0.0625
2025-09-01,Delhi,Support,3,3,12,7.944,2.648,0,0,0.0,0.0
2025-09-01,Delhi,Verification,9,8,27,84.77,10.5962,2,3,0.25,0.375
2025-09-01,Mumbai,Fulfillment,14,14,57,261.72,18.6943,0,3,0.0,0.2143
2025-09-01,Mumbai,Intake,22,20,87,57.378,2.8689,2,4,0.1,0.2
2025-09-01,Mumbai,Support,7,7,30,32.446,4.6351,0,2,0.0,0.2857
2025-09-01,Mumbai,Verification,20,18,57,114.79,6.3772,0,6,0.0,0.3333
2025-09-01,Pune,Fulfillment,12,11,46,192.531,17.5028,1,3,0.0909,0.2727
2025-09-01,Pune,Intake,15,13,51,31.599,2.4307,1,1,0.0769,0.0769
2025-09-01,Pune,Support,2,2,11,4.236,2.118,0,0,0.0,0.0
2025-09-01,Pune,Verification,8,7,29,35.508,5.0726,0,1,0.0,0.1429
2025-09-02,Bengaluru,Fulfillment,15,15,60,211.445,14.0963,0,3,0.0,0.2
2025-09-02,Bengaluru,Intake,7,7,31,15.353,2.1933,0,1,0.0,0.1429
2025-09-02,Bengaluru,Support,4,4,17,13.601,3.4002,0,0,0.0,0.0
2025-09-02,Bengaluru,Verification,5,4,13,24.479,6.1198,0,1,0.0,0.25
2025-09-02,Delhi,Fulfillment,13,11,39,166.731,15.1574,1,1,0.0909,0.0909
2025-09-02,Delhi,Intake,3,3,14,13.483,4.4943,0,1,0.0,0.3333
2025-09-02,Delhi,Support,6,6,21,24.451,4.0752,1,1,0.1667,0.1667
2025-09-02,Delhi,Verification,14,14,56,132.359,9.4542,1,4,0.0714,0.2857
2025-09-02,Mumbai,Fulfillment,21,21,78,313.607,14.9337,0,3,0.0,0.1429
2025-09-02,Mumbai,Intake,17,17,64,31.328,1.8428,2,0,0.1176,0.0
2025-09-02,Mumbai,Support,7,7,24,35.137,5.0196,0,1,0.0,0.1429
2025-09-02,Mumbai,Verification,13,12,47,81.395,6.7829,0,3,0.0,0.25
2025-09-02,Pune,Fulfillment,10,9,30,130.821,14.5357,0,1,0.0,0.1111
2025-09-02,Pune,Intake,12,10,31,20.387,2.0387,0,0,0.0,0.0
2025-09-02,Pune,Support,6,6,20,20.437,3.4062,1,1,0.1667,0.1667
2025-09-02,Pune,Verification,13,12,43,61.783,5.1486,1,1,0.0833,0.0833
2025-09-03,Bengaluru,Fulfillment,13,12,59,197.461,16.4551,0,2,0.0,0.1667
2025-09-03,Bengaluru,Intake,8,8,29,15.254,1.9068,0,0,0.0,0.0
2025-09-03,Bengaluru,Support,4,4,16,14.849,3.7122,0,0,0.0,0.0
2025-09-03,Bengaluru,Verification,19,17,68,76.209,4.4829,1,0,0.0588,0.0
2025-09-03,Delhi,Fulfillment,19,18,71,243.66,13.5367,1,1,0.0556,0.0556
2025-09-03,Delhi,Intake,6,6,25,16.639,2.7732,0,1,0.0,0.1667
2025-09-03,Delhi,Support,3,3,15,15.168,5.056,0,1,0.0,0.3333
2025-09-03,Delhi,Verification,6,6,30,69.81,11.635,0,3,0.0,0.5
2025-09-03,Mumbai,Fulfillment,15,13,56,188.29,14.4838,1,1,0.0769,0.0769
2025-09-03,Mumbai,Intake,15,14,58,30.648,2.1891,0,0,0.0,0.0
2025-09-03,Mumbai,Support,8,7,34,30.989,4.427,0,1,0.0,0.1429
2025-09-03,Mumbai,Verification,11,11,40,52.353,4.7594,2,0,0.1818,0.0
2025-09-03,Pune,Fulfillment,8,8,21,143.109,17.8886,1,2,0.125,0.25
2025-09-03,Pune,Intake,7,7,26,13.362,1.9089,0,0,0.0,0.0
2025-09-03,Pune,Support,3,3,10,7.126,2.3753,0,0,0.0,0.0
2025-09-03,Pune,Verification,11,11,45,52.723,4.793,2,0,0.1818,0.0
2025-09-04,Bengaluru,Fulfillment,10,10,39,134.608,13.4608,0,1,0.0,0.1
2025-09-04,Bengaluru,Intake,9,8,38,14.865,1.8581,0,1,0.0,0.125
2025-09-04,Bengaluru,Support,2,2,6,5.749,2.8745,0,0,0.0,0.0
2025-09-04,Bengaluru,Verification,15,15,52,78.095,5.2063,0,2,0.0,0.1333
2025-09-04,Delhi,Fulfillment,9,7,29,65.793,9.399,0,0,0.0,0.0
2025-09-04,Delhi,Intake,12,12,50,25.096,2.0913,0,0,0.0,0.0
2025-09-04,Delhi,Support,3,3,12,11.877,3.959,0,0,0.0,0.0
2025-09-04,Delhi,Verification,12,12,46,110.261,9.1884,1,6,0.0833,0.5
2025-09-04,Mumbai,Fulfillment,11,11,52,163.723,14.8839,0,1,0.0,0.0909
2025-09-04,Mumbai,Intake,16,16,52,35.497,2.2186,1,1,0.0625,0.0625
2025-09-04,Mumbai,Support,6,6,22,21.743,3.6238,0,0,0.0,0.0
2025-09-04,Mumbai,Verification,20,19,81,102.499,5.3947,3,1,0.1579,0.0526
2025-09-04,Pune,Fulfillment,5,5,17,67.171,13.4342,1,1,0.2,0.2
2025-09-04,Pune,Intake,9,9,34,18.94,2.1044,0,0,0.0,0.0
2025-09-04,Pune,Support,3,3,13,5.881,1.9603,0,0,0.0,0.0
2025-09-04,Pune,Verification,10,10,37,54.675,5.4675,0,1,0.0,0.1
2025-09-05,Bengaluru,Fulfillment,8,8,31,126.222,15.7778,0,1,0.0,0.125
2025-09-05,Bengaluru,Intake,9,9,37,20.237,2.2486,0,0,0.0,0.0
2025-09-05,Bengaluru,Support,8,8,26,26.931,3.3664,0,1,0.0,0.125
2025-09-05,Bengaluru,Verification,11,11,37,53.351,4.8501,0,0,0.0,0.0
2025-09-05,Delhi,Fulfillment,11,11,43,142.616,12.9651,0,0,0.0,0.0
2025-09-05,Delhi,Intake,5,5,19,9.417,1.8834,0,0,0.0,0.0
2025-09-05,Delhi,Support,4,4,18,9.881,2.4702,0,0,0.0,0.0
2025-09-05,Delhi,Verification,10,10,43,74.368,7.4368,1,3,0.1,0.3
2025-09-05,Mumbai,Fulfillment,10,9,30,145.568,16.1742,0,1,0.0,0.1111
2025-09-05,Mumbai,Intake,12,12,51,23.493,1.9578,0,0,0.0,0.0
2025-09-05,Mumbai,Support,8,8,45,35.791,4.4739,1,1,0.125,0.125
2025-09-05,Mumbai,Verification,12,12,54,42.257,3.5214,2,0,0.1667,0.0
2025-09-05,Pune,Fulfillment,8,8,39,115.23,14.4038,0,1,0.0,0.125
2025-09-05,Pune,Intake,7,7,24,9.35,1.3357,0,0,0.0,0.0
2025-09-05,Pune,Support,3,3,13,11.539,3.8463,0,0,0.0,0.0
2025-09-05,Pune,Verification,6,6,19,17.726,2.9543,0,0,0.0,0.0
2025-09-06,Bengaluru,Fulfillment,4,4,19,47.529,11.8823,0,0,0.0,0.0
2025-09-06,Bengaluru,Intake,8,7,33,12.049,1.7213,0,0,0.0,0.0
2025-09-06,Bengaluru,Verification,3,3,10,17.102,5.7007,0,0,0.0,0.0
2025-09-06,Delhi,Fulfillment,5,5,16,62.203,12.4406,0,0,0.0,0.0
2025-09-06,Delhi,Intake,8,8,28,13.532,1.6915,1,0,0.125,0.0
2025-09-06,Delhi,Support,3,3,16,16.094,5.3647,0,1,0.0,0.3333
2025-09-06,Delhi,Verification,3,3,10,21.333,7.111,0,2,0.0,0.6667
2025-09-06,Mumbai,Fulfillment,7,7,25,117.136,16.7337,0,1,0.0,0.1429
2025-09-06,Mumbai,Intake,4,4,12,11.322,2.8305,0,1,0.0,0.25
2025-09-06,Mumbai,Support,1,1,5,1.667,1.667,0,0,0.0,0.0
2025-09-06,Mumbai,Verification,10,10,42,51.067,5.1067,1,0,0.1,0.0
2025-09-06,Pune,Fulfillment,7,7,25,119.75,17.1071,0,1,0.0,0.1429
2025-09-06,Pune,Intake,2,2,10,2.943,1.4715,0,0,0.0,0.0
2025-09-06,Pune,Support,2,2,9,4.65,2.325,0,0,0.0,0.0
2025-09-06,Pune,Verification,3,3,11,9.164,3.0547,0,0,0.0,0.0
2025-09-07,Bengaluru,Fulfillment,9,9,29,112.087,12.4541,0,0,0.0,0.0
2025-09-07,Bengaluru,Intake,6,6,20,12.695,2.1158,0,0,0.0,0.0
2025-09-07,Bengaluru,Support,3,3,9,14.781,4.927,0,0,0.0,0.0
2025-09-07,Bengaluru,Verification,6,6,20,34.731,5.7885,0,2,0.0,0.3333
2025-09-07,Delhi,Fulfillment,2,2,4,47.895,23.9475,0,1,0.0,0.5
2025-09-07,Delhi,Intake,5,5,17,11.33,2.266,0,0,0.0,0.0
2025-09-07,Delhi,Support,3,2,9,9.289,4.6445,0,1,0.0,0.5
2025-09-07,Delhi,Verification,7,7,31,63.687,9.0981,1,3,0.1429,0.4286
2025-09-07,Mumbai,Fulfillment,10,10,29,179.478,17.9478,0,1,0.0,0.1
2025-09-07,Mumbai,Intake,4,4,16,6.73,1.6825,1,0,0.25,0.0
2025-09-07,Mumbai,Support,5,5,20,14.703,2.9406,0,0,0.0,0.0
2025-09-07,Mumbai,Verification,7,4,14,28.877,7.2192,0,2,0.0,0.5
2025-09-07,Pune,Fulfillment,7,7,26,72.98,10.4257,0,0,0.0,0.0
2025-09-07,Pune,Intake,3,3,10,7.267,2.4223,0,0,0.0,0.0
2025-09-07,Pune,Support,2,2,9,6.035,3.0175,0,0,0.0,0.0
2025-09-07,Pune,Verification,5,4,18,17.471,4.3678,0,0,0.0,0.0
2025-09-08,Bengaluru,Fulfillment,9,9,32,149.559,16.6177,0,2,0.0,0.2222
2025-09-08,Bengaluru,Intake,6,6,20,10.088,1.6813,0,0,0.0,0.0
2025-09-08,Bengaluru,Support,2,2,10,7.662,3.831,0,0,0.0,0.0
2025-09-08,Bengaluru,Verification,9,8,34,37.425,4.6781,0,0,0.0,0.0
2025-09-08,Delhi,Fulfillment,9,9,29,139.622,15.5136,0,1,0.0,0.1111
2025-09-08,Delhi,Intake,12,12,45,37.399,3.1166,0,2,0.0,0.1667
2025-09-08,Delhi,Support,11,11,42,67.422,6.1293,0,4,0.0,0.3636
2025-09-08,Delhi,Verification,11,11,48,114.841,10.4401,1,7,0.0909,0.6364
2025-09-08,Mumbai,Fulfillment,9,9,30,140.711,15.6346,0,1,0.0,0.1111
2025-09-08,Mumbai,Intake,13,13,52,34.355,2.6427,1,3,0.0769,0.2308
2025-09-08,Mumbai,Support,9,9,35,45.687,5.0763,1,2,0.1111,0.2222
2025-09-08,Mumbai,Verification,20,20,72,126.921,6.346,0,4,0.0,0.2
2025-09-08,Pune,Fulfillment,14,14,59,211.945,15.1389,1,1,0.0714,0.0714
2025-09-08,Pune,Intake,9,9,33,25.179,2.7977,0,2,0.0,0.2222
2025-09-08,Pune,Support,4,4,12,20.896,5.224,0,1,0.0,0.25
2025-09-08,Pune,Verification,13,13,53,73.561,5.6585,1,1,0.0769,0.0769
2025-09-09,Bengaluru,Fulfillment,5,5,27,78.219,15.6438,0,0,0.0,0.0
2025-09-09,Bengaluru,Intake,12,10,45,22.179,2.2179,0,0,0.0,0.0
2025-09-09,Bengaluru,Support,2,2,9,8.944,4.472,0,0,0.0,0.0
2025-09-09,Bengaluru,Verification,12,12,52,61.036,5.0863,0,1,0.0,0.0833
2025-09-09,Delhi,Fulfillment,16,16,64,187.279,11.7049,2,0,0.125,0.0
2025-09-09,Delhi,Intake,6,6,25,12.21,2.035,1,0,0.1667,0.0
2025-09-09,Delhi,Support,9,7,24,18.836,2.6909,1,0,0.1429,0.0
2025-09-09,Delhi,Verification,5,4,7,28.628,7.157,0,1,0.0,0.25
2025-09-09,Mumbai,Fulfillment,11,10,38,120.354,12.0354,1,0,0.1,0.0
2025-09-09,Mumbai,Intake,19,16,63,24.819,1.5512,1,0,0.0625,0.0
2025-09-09,Mumbai,Support,7,7,41,19.809,2.8299,0,1,0.0,0.1429
2025-09-09,Mumbai,Verification,12,11,43,62.981,5.7255,0,2,0.0,0.1818
2025-09-09,Pune,Fulfillment,10,10,42,127.502,12.7502,1,1,0.1,0.1
2025-09-09,Pune,Intake,6,6,23,10.326,1.721,0,0,0.0,0.0
2025-09-09,Pune,Support,3,3,15,10.857,3.619,0,0,0.0,0.0
2025-09-09,Pune,Verification,7,7,24,34.548,4.9354,0,1,0.0,0.1429
2025-09-10,Bengaluru,Fulfillment,12,11,46,130.045,11.8223,0,1,0.0,0.0909
2025-09-10,Bengaluru,Intake,9,9,42,20.581,2.2868,0,0,0.0,0.0
2025-09-10,Bengaluru,Support,3,3,7,10.008,3.336,0,0,0.0,0.0
2025-09-10,Bengaluru,Verification,6,6,23,35.377,5.8962,0,1,0.0,0.1667
2025-09-10,Delhi,Fulfillment,11,11,49,161.33,14.6664,2,1,0.1818,0.0909
2025-09-10,Delhi,Intake,14,13,54,28.948,2.2268,1,1,0.0769,0.0769
2025-09-10,Delhi,Support,3,3,11,14.471,4.8237,0,1,0.0,0.3333
2025-09-10,Delhi,Verification,18,18,80,177.244,9.8469,4,9,0.2222,0.5
2025-09-10,Mumbai,Fulfillment,21,20,88,301.19,15.0595,0,1,0.0,0.05
2025-09-10,Mumbai,Intake,13,13,47,21.716,1.6705,0,0,0.0,0.0
2025-09-10,Mumbai,Support,8,8,27,30.758,3.8448,1,1,0.125,0.125
2025-09-10,Mumbai,Verification,16,16,68,91.234,5.7021,0,3,0.0,0.1875
2025-09-10,Pune,Fulfillment,7,7,21,91.134,13.0191,1,1,0.1429,0.1429
2025-09-10,Pune,Intake,9,7,27,16.736,2.3909,0,1,0.0,0.1429
2025-09-10,Pune,Support,2,2,11,7.663,3.8315,0,1,0.0,0.5
2025-09-10,Pune,Verification,8,8,38,43.889,5.4861,1,2,0.125,0.25
2025-09-11,Bengaluru,Fulfillment,8,8,34,122.254,15.2818,0,1,0.0,0.125
2025-09-11,Bengaluru,Intake,7,7,39,8.939,1.277,0,0,0.0,0.0
2025-09-11,Bengaluru,Support,2,2,10,7.37,3.685,0,0,0.0,0.0
2025-09-11,Bengaluru,Verification,10,9,36,62.841,6.9823,1,3,0.1111,0.3333
2025-09-11,Delhi,Fulfillment,11,9,35,119.789,13.3099,1,0,0.1111,0.0
2025-09-11,Delhi,Intake,9,9,39,13.354,1.4838,0,0,0.0,0.0
2025-09-11,Delhi,Support,3,3,8,7.409,2.4697,0,0,0.0,0.0
2025-09-11,Delhi,Verification,6,6,28,44.84,7.4733,0,3,0.0,0.5
2025-09-11,Mumbai,Fulfillment,16,14,69,246.712,17.6223,1,3,0.0714,0.2143
2025-09-11,Mumbai,Intake,15,14,48,28.308,2.022,1,0,0.0714,0.0
2025-09-11,Mumbai,Support,5,5,20,12.953,2.5906,0,0,0.0,0.0
2025-09-11,Mumbai,Verification,15,15,62,71.313,4.7542,0,1,0.0,0.0667
2025-09-11,Pune,Fulfillment,10,10,56,109.565,10.9565,0,0,0.0,0.0
2025-09-11,Pune,Intake,4,4,15,5.835,1.4588,0,0,0.0,0.0
2025-09-11,Pune,Support,1,1,5,4.567,4.567,0,0,0.0,0.0
2025-09-11,Pune,Verification,9,9,41,34.523,3.8359,0,1,0.0,0.1111
2025-09-12,Bengaluru,Fulfillment,8,6,31,65.789,10.9648,0,0,0.0,0.0
2025-09-12,Bengaluru,Intake,9,9,41,19.399,2.1554,1,1,0.1111,0.1111
2025-09-12,Bengaluru,Support,1,1,2,2.483,2.483,0,0,0.0,0.0
2025-09-12,Bengaluru,Verification,6,6,28,37.986,6.331,0,1,0.0,0.1667
2025-09-12,Delhi,Fulfillment,15,15,57,229.155,15.277,1,2,0.0667,0.1333
2025-09-12,Delhi,Intake,8,8,30,12.14,1.5175,0,0,0.0,0.0
2025-09-12,Delhi,Support,2,1,2,5.195,5.195,0,0,0.0,0.0
2025-09-12,Delhi,Verification,11,11,33,120.499,10.9545,0,7,0.0,0.6364
2025-09-12,Mumbai,Fulfillment,15,15,62,251.815,16.7877,1,3,0.0667,0.2
2025-09-12,Mumbai,Intake,8,8,31,15.718,1.9648,2,0,0.25,0.0
2025-09-12,Mumbai,Support,5,4,15,11.672,2.918,0,0,0.0,0.0
2025-09-12,Mumbai,Verification,18,18,75,89.338,4.9632,0,2,0.0,0.1111
2025-09-12,Pune,Fulfillment,10,9,29,124.875,13.875,0,0,0.0,0.0
2025-09-12,Pune,Intake,8,8,40,13.457,1.6821,0,0,0.0,0.0
2025-09-12,Pune,Support,2,2,12,4.2,2.1,0,0,0.0,0.0
2025-09-12,Pune,Verification,13,12,53,54.864,4.572,0,1,0.0,0.0833
2025-09-13,Bengaluru,Fulfillment,7,7,31,141.08,20.1543,0,1,0.0,0.1429
2025-09-13,Bengaluru,Intake,2,1,2,4.222,4.222,0,1,0.0,1.0
2025-09-13,Bengaluru,Support,4,3,10,6.95,2.3167,0,0,0.0,0.0
2025-09-13,Bengaluru,Verification,5,5,20,26.235,5.247,0,0,0.0,0.0
2025-09-13,Delhi,Fulfillment,7,7,19,87.588,12.5126,1,0,0.1429,0.0
2025-09-13,Delhi,Intake,8,8,33,11.177,1.3971,1,0,0.125,0.0
2025-09-13,Delhi,Support,3,3,14,9.484,3.1613,0,0,0.0,0.0
2025-09-13,Delhi,Verification,4,4,12,38.404,9.601,0,2,0.0,0.5
2025-09-13,Mumbai,Fulfillment,10,10,43,131.287,13.1287,0,1,0.0,0.1
2025-09-13,Mumbai,Intake,6,4,9,6.851,1.7128,0,0,0.0,0.0
2025-09-13,Mumbai,Support,3,3,13,11.035,3.6783,0,0,0.0,0.0
2025-09-13,Mumbai,Verification,9,9,45,37.7,4.1889,0,0,0.0,0.0
2025-09-13,Pune,Fulfillment,7,7,32,117.284,16.7549,0,1,0.0,0.1429
2025-09-13,Pune,Intake,4,4,15,4.16,1.04,0,0,0.0,0.0
2025-09-13,Pune,Verification,5,5,21,28.177,5.6354,0,1,0.0,0.2
2025-09-14,Bengaluru,Fulfillment,2,2,4,21.084,10.542,0,0,0.0,0.0
2025-09-14,Bengaluru,Intake,5,4,16,7.223,1.8058,0,0,0.0,0.0
2025-09-14,Bengaluru,Support,4,4,20,8.01,2.0025,0,0,0.0,0.0
2025-09-14,Bengaluru,Verification,4,4,19,21.254,5.3135,0,1,0.0,0.25
2025-09-14,Delhi,Fulfillment,6,6,28,86.369,14.3948,0,1,0.0,0.1667
2025-09-14,Delhi,Intake,5,4,14,10.173,2.5432,0,0,0.0,0.0
2025-09-14,Delhi,Support,3,3,17,7.864,2.6213,0,0,0.0,0.0
2025-09-14,Delhi,Verification,5,5,19,40.548,8.1096,2,2,0.4,0.4
2025-09-14,Mumbai,Fulfillment,6,5,13,69.648,13.9296,0,0,0.0,0.0
2025-09-14,Mumbai,Intake,16,16,67,31.595,1.9747,1,1,0.0625,0.0625
2025-09-14,Mumbai,Support,2,2,10,5.784,2.892,0,0,0.0,0.0
2025-09-14,Mumbai,Verification,5,4,13,23.388,5.847,0,1,0.0,0.25
2025-09-14,Pune,Fulfillment,4,4,14,52.283,13.0708,0,0,0.0,0.0
2025-09-14,Pune,Intake,5,5,26,9.35,1.87,0,0,0.0,0.0
2025-09-14,Pune,Support,5,5,18,17.454,3.4908,0,0,0.0,0.0
2025-09-14,Pune,Verification,4,4,16,31.904,7.976,0,1,0.0,0.25
2025-09-15,Bengaluru,Fulfillment,12,11,52,205.921,18.7201,0,1,0.0,0.0909
2025-09-15,Bengaluru,Intake,14,14,55,45.516,3.2511,2,3,0.1429,0.2143
2025-09-15,Bengaluru,Support,4,4,12,18.47,4.6175,0,1,0.0,0.25
2025-09-15,Bengaluru,Verification,8,7,26,57.278,8.1826,1,1,0.1429,0.1429
2025-09-15,Delhi,Fulfillment,13,11,49,196.187,17.8352,0,2,0.0,0.1818
2025-09-15,Delhi,Intake,16,14,57,41.317,2.9512,0,3,0.0,0.2143
2025-09-15,Delhi,Support,3,3,13,14.178,4.726,0,0,0.0,0.0
2025-09-15,Delhi,Verification,18,16,63,160.953,10.0596,1,10,0.0625,0.625
2025-09-15,Mumbai,Fulfillment,19,18,78,328.068,18.226,0,5,0.0,0.2778
2025-09-15,Mumbai,Intake,16,14,59,32.037,2.2884,0,1,0.0,0.0714
2025-09-15,Mumbai,Support,8,8,37,27.027,3.3784,0,1,0.0,0.125
2025-09-15,Mumbai,Verification,18,18,70,125.745,6.9858,1,5,0.0556,0.2778
2025-09-15,Pune,Fulfillment,10,10,35,151.433,15.1433,0,1,0.0,0.1
2025-09-15,Pune,Intake,13,12,41,26.548,2.2123,2,1,0.1667,0.0833
2025-09-15,Pune,Support,7,7,32,28.098,4.014,1,1,0.1429,0.1429
2025-09-15,Pune,Verification,10,10,46,62.058,6.2058,0,3,0.0,0.3
2025-09-16,Bengaluru,Fulfillment,10,8,34,110.16,13.77,0,0,0.0,0.0
2025-09-16,Bengaluru,Intake,8,8,35,16.547,2.0684,1,0,0.125,0.0
2025-09-16,Bengaluru,Support,4,4,20,10.1,2.525,1,0,0.25,0.0
2025-09-16,Bengaluru,Verification,10,10,44,56.367,5.6367,2,2,0.2,0.2
2025-09-16,Delhi,Fulfillment,13,13,61,197.987,15.2298,1,2,0.0769,0.1538
2025-09-16,Delhi,Intake,10,10,41,18.899,1.8899,0,0,0.0,0.0
2025-09-16,Delhi,Support,4,4,21,12.117,3.0293,0,0,0.0,0.0
2025-09-16,Delhi,Verification,16,15,59,112.122,7.4748,1,5,0.0667,0.3333
2025-09-16,Mumbai,Fulfillment,14,14,49,205.378,14.6699,0,0,0.0,0.0
2025-09-16,Mumbai,Intake,22,21,92,41.674,1.9845,1,0,0.0476,0.0
2025-09-16,Mumbai,Support,5,5,14,17.589,3.5178,0,0,0.0,0.0
2025-09-16,Mumbai,Verification,18,17,69,97.343,5.7261,1,3,0.0588,0.1765
2025-09-16,Pune,Fulfillment,7,6,25,107.355,17.8925,1,2,0.1667,0.3333
2025-09-16,Pune,Intake,9,9,36,18.976,2.1084,0,0,0.0,0.0
2025-09-16,Pune,Support,3,3,12,14.682,4.894,0,1,0.0,0.3333
2025-09-16,Pune,Verification,9,9,39,40.423,4.4914,1,0,0.1111,0.0
2025-09-17,Bengaluru,Fulfillment,5,5,26,96.393,19.2786,0,1,0.0,0.2
2025-09-17,Bengaluru,Intake,5,5,21,8.221,1.6442,0,0,0.0,0.0
2025-09-17,Bengaluru,Support,2,2,6,8.25,4.125,0,0,0.0,0.0
2025-09-17,Bengaluru,Verification,7,6,26,37.236,6.206,0,1,0.0,0.1667
2025-09-17,Delhi,Fulfillment,10,9,36,117.286,13.0318,0,1,0.0,0.1111
2025-09-17,Delhi,Intake,11,11,43,25.846,2.3496,0,1,0.0,0.0909
2025-09-17,Delhi,Support,3,3,13,8.627,2.8757,1,0,0.3333,0.0
2025-09-17,Delhi,Verification,17,17,70,130.719,7.6894,2,7,0.1176,0.4118
2025-09-17,Mumbai,Fulfillment,13,12,41,185.97,15.4975,1,1,0.0833,0.0833
2025-09-17,Mumbai,Intake,17,17,77,38.126,2.2427,0,2,0.0,0.1176
2025-09-17,Mumbai,Support,2,2,15,6.14,3.07,0,0,0.0,0.0
2025-09-17,Mumbai,Verification,11,9,32,38.724,4.3027,0,0,0.0,0.0
2025-09-17,Pune,Fulfillment,15,14,62,187.384,13.3846,0,2,0.0,0.1429
2025-09-17,Pune,Intake,12,12,46,23.188,1.9323,1,0,0.0833,0.0
2025-09-17,Pune,Support,2,2,6,9.714,4.857,0,1,0.0,0.5
2025-09-17,Pune,Verification,11,11,49,63.65,5.7864,0,1,0.0,0.0909
2025-09-18,Bengaluru,Fulfillment,6,6,22,62.882,10.4803,1,0,0.1667,0.0
2025-09-18,Bengaluru,Intake,11,11,35,23.347,2.1225,0,0,0.0,0.0
2025-09-18,Bengaluru,Support,5,5,21,19.945,3.989,1,0,0.2,0.0
2025-09-18,Bengaluru,Verification,6,6,19,23.474,3.9123,0,0,0.0,0.0
2025-09-18,Delhi,Fulfillment,8,8,22,141.754,17.7192,0,2,0.0,0.25
2025-09-18,Delhi,Intake,11,11,28,19.08,1.7345,0,1,0.0,0.0909
2025-09-18,Delhi,Support,2,2,6,9.884,4.942,0,1,0.0,0.5
2025-09-18,Delhi,Verification,14,14,65,101.9,7.2786,0,6,0.0,0.4286
2025-09-18,Mumbai,Fulfillment,20,18,62,248.845,13.8247,0,0,0.0,0.0
2025-09-18,Mumbai,Intake,9,8,33,13.853,1.7316,0,0,0.0,0.0
2025-09-18,Mumbai,Support,3,3,14,10.08,3.36,0,0,0.0,0.0
2025-09-18,Mumbai,Verification,12,12,57,72.248,6.0207,2,3,0.1667,0.25
2025-09-18,Pune,Fulfillment,9,9,33,129.64,14.4044,0,0,0.0,0.0
2025-09-18,Pune,Intake,6,6,29,11.38,1.8967,0,1,0.0,0.1667
2025-09-18,Pune,Support,2,2,6,6.963,3.4815,0,0,0.0,0.0
2025-09-18,Pune,Verification,9,8,30,24.999,3.1249,0,0,0.0,0.0
2025-09-19,Bengaluru,Fulfillment,9,9,42,119.841,13.3157,1,1,0.1111,0.1111
2025-09-19,Bengaluru,Intake,8,8,31,16.479,2.0599,0,0,0.0,0.0
2025-09-19,Bengaluru,Support,3,3,14,13.817,4.6057,0,1,0.0,0.3333
2025-09-19,Bengaluru,Verification,5,5,17,26.986,5.3972,0,0,0.0,0.0
2025-09-19,Delhi,Fulfillment,15,15,56,258.223,17.2149,1,2,0.0667,0.1333
2025-09-19,Delhi,Intake,6,6,20,15.353,2.5588,1,1,0.1667,0.1667
2025-09-19,Delhi,Support,1,0,0,0.0,,0,0,,
2025-09-19,Delhi,Verification,7,6,27,56.067,9.3445,0,3,0.0,0.5
2025-09-19,Mumbai,Fulfillment,13,12,51,210.192,17.516,0,2,0.0,0.1667
2025-09-19,Mumbai,Intake,13,13,56,27.574,2.1211,0,0,0.0,0.0
2025-09-19,Mumbai,Support,6,6,17,21.523,3.5872,0,1,0.0,0.1667
2025-09-19,Mumbai,Verification,16,16,55,92.77,5.7981,0,3,0.0,0.1875
2025-09-19,Pune,Fulfillment,7,7,29,61.395,8.7707,0,0,0.0,0.0
2025-09-19,Pune,Intake,13,11,46,19.979,1.8163,1,0,0.0909,0.0
2025-09-19,Pune,Support,6,6,29,17.265,2.8775,0,0,0.0,0.0
2025-09-19,Pune,Verification,13,12,52,50.888,4.2407,0,0,0.0,0.0
2025-09-20,Bengaluru,Fulfillment,2,2,8,24.5,12.25,0,0,0.0,0.0
2025-09-20,Bengaluru,Intake,5,3,10,13.607,4.5357,0,1,0.0,0.3333
2025-09-20,Bengaluru,Support,2,2,5,5.917,2.9585,0,0,0.0,0.0
2025-09-20,Bengaluru,Verification,4,4,18,21.302,5.3255,0,1,0.0,0.25
2025-09-20,Delhi,Fulfillment,4,4,19,31.347,7.8368,0,0,0.0,0.0
2025-09-20,Delhi,Intake,8,8,39,13.693,1.7116,0,0,0.0,0.0
2025-09-20,Delhi,Support,3,3,11,9.39,3.13,0,0,0.0,0.0
2025-09-20,Delhi,Verification,11,10,47,90.614,9.0614,0,3,0.0,0.3
2025-09-20,Mumbai,Fulfillment,6,6,22,67.818,11.303,0,0,0.0,0.0
2025-09-20,Mumbai,Intake,4,4,14,5.865,1.4662,0,0,0.0,0.0
2025-09-20,Mumbai,Support,3,3,16,11.633,3.8777,0,0,0.0,0.0
2025-09-20,Mumbai,Verification,8,8,32,42.759,5.3449,0,2,0.0,0.25
2025-09-20,Pune,Fulfillment,4,3,16,41.058,13.686,0,0,0.0,0.0
2025-09-20,Pune,Intake,3,3,17,11.328,3.776,0,1,0.0,0.3333
2025-09-20,Pune,Support,1,1,4,3.233,3.233,0,0,0.0,0.0
2025-09-20,Pune,Verification,4,3,10,7.606,2.5353,0,0,0.0,0.0
2025-09-21,Bengaluru,Fulfillment,3,3,10,36.153,12.051,0,0,0.0,0.0
2025-09-21,Bengaluru,Intake,6,5,19,11.34,2.268,0,0,0.0,0.0
2025-09-21,Bengaluru,Verification,2,2,9,9.037,4.5185,0,0,0.0,0.0
2025-09-21,Delhi,Fulfillment,9,9,42,127.554,14.1727,0,1,0.0,0.1111
2025-09-21,Delhi,Intake,6,6,30,12.37,2.0617,0,0,0.0,0.0
2025-09-21,Delhi,Support,3,2,6,6.488,3.244,0,0,0.0,0.0
2025-09-21,Delhi,Verification,8,8,38,60.831,7.6039,0,3,0.0,0.375
2025-09-21,Mumbai,Fulfillment,8,8,30,120.891,15.1114,0,1,0.0,0.125
2025-09-21,Mumbai,Intake,8,8,34,18.937,2.3671,2,1,0.25,0.125
2025-09-21,Mumbai,Support,4,4,13,24.451,6.1128,1,2,0.25,0.5
2025-09-21,Mumbai,Verification,10,9,24,39.637,4.4041,0,1,0.0,0.1111
2025-09-21,Pune,Fulfillment,4,4,15,49.781,12.4452,0,0,0.0,0.0
2025-09-21,Pune,Intake,4,4,11,5.99,1.4975,0,0,0.0,0.0
2025-09-21,Pune,Verification,3,3,12,11.82,3.94,0,0,0.0,0.0
2025-09-22,Bengaluru,Fulfillment,13,13,54,242.783,18.6756,2,3,0.1538,0.2308
2025-09-22,Bengaluru,Intake,12,12,35,24.342,2.0285,1,0,0.0833,0.0
2025-09-22,Bengaluru,Support,6,6,21,36.796,6.1327,1,1,0.1667,0.1667
2025-09-22,Bengaluru,Verification,13,12,51,79.042,6.5868,0,2,0.0,0.1667
2025-09-22,Delhi,Fulfillment,14,12,42,192.945,16.0788,0,2,0.0,0.1667
2025-09-22,Delhi,Intake,12,12,46,39.06,3.255,0,3,0.0,0.25
2025-09-22,Delhi,Support,6,6,25,22.078,3.6797,1,1,0.1667,0.1667
2025-09-22,Delhi,Verification,15,15,52,133.042,8.8695,1,6,0.0667,0.4
2025-09-22,Mumbai,Fulfillment,17,15,46,249.933,16.6622,0,2,0.0,0.1333
2025-09-22,Mumbai,Intake,21,20,88,44.257,2.2128,1,0,0.05,0.0
2025-09-22,Mumbai,Support,6,5,22,20.078,4.0156,0,0,0.0,0.0
2025-09-22,Mumbai,Verification,18,18,71,121.105,6.7281,0,6,0.0,0.3333
2025-09-22,Pune,Fulfillment,14,14,69,227.829,16.2735,2,1,0.1429,0.0714
2025-09-22,Pune,Intake,9,9,32,30.062,3.3402,1,3,0.1111,0.3333
2025-09-22,Pune,Support,4,4,13,14.549,3.6372,0,1,0.0,0.25
2025-09-22,Pune,Verification,8,7,35,33.954,4.8506,0,0,0.0,0.0
2025-09-23,Bengaluru,Fulfillment,9,9,32,117.733,13.0814,0,0,0.0,0.0
2025-09-23,Bengaluru,Intake,7,7,30,15.036,2.148,0,0,0.0,0.0
2025-09-23,Bengaluru,Support,1,1,3,5.664,5.664,0,0,0.0,0.0
2025-09-23,Bengaluru,Verification,8,8,39,38.436,4.8045,1,1,0.125,0.125
2025-09-23,Delhi,Fulfillment,14,13,58,191.982,14.7678,0,2,0.0,0.1538
2025-09-23,Delhi,Intake,12,12,48,23.422,1.9518,1,0,0.0833,0.0
2025-09-23,Delhi,Support,6,6,23,21.425,3.5708,0,0,0.0,0.0
2025-09-23,Delhi,Verification,7,6,27,58.949,9.8248,0,2,0.0,0.3333
2025-09-23,Mumbai,Fulfillment,20,18,66,286.285,15.9047,1,1,0.0556,0.0556
2025-09-23,Mumbai,Intake,11,11,44,14.672,1.3338,0,0,0.0,0.0
2025-09-23,Mumbai,Support,7,7,28,24.245,3.4636,1,0,0.1429,0.0
2025-09-23,Mumbai,Verification,26,22,94,107.749,4.8977,2,1,0.0909,0.0455
2025-09-23,Pune,Fulfillment,8,7,26,101.528,14.504,0,1,0.0,0.1429
2025-09-23,Pune,Intake,9,9,27,20.298,2.2553,0,2,0.0,0.2222
2025-09-23,Pune,Support,7,7,27,21.492,3.0703,1,1,0.1429,0.1429
2025-09-23,Pune,Verification,5,5,24,15.864,3.1728,1,0,0.2,0.0
2025-09-24,Bengaluru,Fulfillment,13,10,41,187.696,18.7696,0,1,0.0,0.1
2025-09-24,Bengaluru,Intake,8,8,37,18.406,2.3008,0,0,0.0,0.0
2025-09-24,Bengaluru,Support,1,1,6,8.217,8.217,0,1,0.0,1.0
2025-09-24,Bengaluru,Verification,6,5,22,25.714,5.1428,0,0,0.0,0.0
2025-09-24,Delhi,Fulfillment,11,10,33,172.17,17.217,0,1,0.0,0.1
2025-09-24,Delhi,Intake,14,14,57,24.827,1.7734,1,1,0.0714,0.0714
2025-09-24,Delhi,Support,8,8,26,33.456,4.182,0,1,0.0,0.125
2025-09-24,Delhi,Verification,10,10,45,83.728,8.3728,0,6,0.0,0.6
2025-09-24,Mumbai,Fulfillment,19,17,63,267.542,15.7378,1,1,0.0588,0.0588
2025-09-24,Mumbai,Intake,17,17,71,28.562,1.6801,2,0,0.1176,0.0
2025-09-24,Mumbai,Support,8,7,28,28.113,4.0161,0,1,0.0,0.1429
2025-09-24,Mumbai,Verification,12,12,42,69.961,5.8301,1,3,0.0833,0.25
2025-09-24,Pune,Fulfillment,8,8,41,138.602,17.3252,0,1,0.0,0.125
2025-09-24,Pune,Intake,16,15,55,24.699,1.6466,0,0,0.0,0.0
2025-09-24,Pune,Support,1,1,2,1.65,1.65,0,0,0.0,0.0
2025-09-24,Pune,Verification,9,9,42,42.329,4.7032,0,0,0.0,0.0
2025-09-25,Bengaluru,Fulfillment,4,3,11,40.5,13.5,0,0,0.0,0.0
2025-09-25,Bengaluru,Intake,5,5,16,12.473,2.4946,1,1,0.2,0.2
2025-09-25,Bengaluru,Support,3,3,10,7.032,2.344,0,0,0.0,0.0
2025-09-25,Bengaluru,Verification,9,9,44,57.728,6.4142,0,2,0.0,0.2222
2025-09-25,Delhi,Fulfillment,12,12,51,135.23,11.2692,0,0,0.0,0.0
2025-09-25,Delhi,Intake,13,12,41,26.16,2.18,0,1,0.0,0.0833
2025-09-25,Delhi,Support,1,1,1,3.267,3.267,0,0,0.0,0.0
2025-09-25,Delhi,Verification,6,6,24,40.749,6.7915,1,2,0.1667,0.3333
2025-09-25,Mumbai,Fulfillment,12,12,49,170.721,14.2268,0,2,0.0,0.1667
2025-09-25,Mumbai,Intake,6,5,22,6.669,1.3338,0,0,0.0,0.0
2025-09-25,Mumbai,Support,4,4,15,19.495,4.8738,0,1,0.0,0.25
2025-09-25,Mumbai,Verification,19,19,79,82.977,4.3672,0,1,0.0,0.0526
2025-09-25,Pune,Fulfillment,5,5,18,43.951,8.7902,0,0,0.0,0.0
2025-09-25,Pune,Intake,6,6,23,10.012,1.6687,0,0,0.0,0.0
2025-09-25,Pune,Support,3,3,12,9.992,3.3307,0,0,0.0,0.0
2025-09-25,Pune,Verification,7,7,19,37.913,5.4161,1,0,0.1429,0.0
2025-09-26,Bengaluru,Fulfillment,6,5,20,81.592,16.3184,0,1,0.0,0.2
2025-09-26,Bengaluru,Intake,8,8,34,17.75,2.2188,0,0,0.0,0.0
2025-09-26,Bengaluru,Support,3,2,7,8.212,4.106,0,0,0.0,0.0
2025-09-26,Bengaluru,Verification,7,7,33,27.935,3.9907,0,0,0.0,0.0
2025-09-26,Delhi,Fulfillment,13,12,49,160.454,13.3712,0,0,0.0,0.0
2025-09-26,Delhi,Intake,8,8,35,16.004,2.0005,1,1,0.125,0.125
2025-09-26,Delhi,Support,3,3,12,8.056,2.6853,0,0,0.0,0.0
2025-09-26,Delhi,Verification,9,8,19,55.847,6.9809,1,2,0.125,0.25
2025-09-26,Mumbai,Fulfillment,13,13,57,229.426,17.6482,0,3,0.0,0.2308
2025-09-26,Mumbai,Intake,19,19,69,41.653,2.1923,0,2,0.0,0.1053
2025-09-26,Mumbai,Support,10,9,40,36.732,4.0813,0,1,0.0,0.1111
2025-09-26,Mumbai,Verification,11,11,39,53.689,4.8808,0,2,0.0,0.1818
2025-09-26,Pune,Fulfillment,3,3,16,37.533,12.511,1,0,0.3333,0.0
2025-09-26,Pune,Intake,12,12,44,25.311,2.1092,0,0,0.0,0.0
2025-09-26,Pune,Support,2,2,7,5.283,2.6415,0,0,0.0,0.0
2025-09-26,Pune,Verification,12,10,28,38.767,3.8767,0,0,0.0,0.0
2025-09-27,Bengaluru,Fulfillment,7,6,30,103.361,17.2268,0,1,0.0,0.1667
2025-09-27,Bengaluru,Intake,3,3,14,5.826,1.942,0,0,0.0,0.0
2025-09-27,Bengaluru,Support,1,1,4,2.767,2.767,0,0,0.0,0.0
2025-09-27,Bengaluru,Verification,5,5,18,20.209,4.0418,0,0,0.0,0.0
2025-09-27,Delhi,Fulfillment,8,8,36,138.449,17.3061,0,1,0.0,0.125
2025-09-27,Delhi,Intake,6,6,21,12.793,2.1322,0,0,0.0,0.0
2025-09-27,Delhi,Support,3,3,8,7.731,2.577,0,0,0.0,0.0
2025-09-27,Delhi,Verification,12,12,45,91.024,7.5853,1,4,0.0833,0.3333
2025-09-27,Mumbai,Fulfillment,14,14,63,204.194,14.5853,0,0,0.0,0.0
2025-09-27,Mumbai,Intake,7,7,29,11.996,1.7137,2,0,0.2857,0.0
2025-09-27,Mumbai,Support,4,4,20,17.918,4.4795,1,1,0.25,0.25
2025-09-27,Mumbai,Verification,10,9,39,55.175,6.1306,0,1,0.0,0.1111
2025-09-27,Pune,Fulfillment,4,4,17,58.094,14.5235,0,0,0.0,0.0
2025-09-27,Pune,Intake,2,1,3,0.477,0.477,0,0,0.0,0.0
2025-09-27,Pune,Support,2,2,5,5.703,2.8515,0,0,0.0,0.0
2025-09-27,Pune,Verification,5,5,24,21.668,4.3336,0,0,0.0,0.0
2025-09-28,Bengaluru,Fulfillment,4,4,13,57.828,14.457,0,0,0.0,0.0
2025-09-28,Bengaluru,Intake,4,4,13,9.59,2.3975,0,0,0.0,0.0
2025-09-28,Bengaluru,Support,2,2,7,3.919,1.9595,0,0,0.0,0.0
2025-09-28,Bengaluru,Verification,4,4,20,20.047,5.0118,0,1,0.0,0.25
2025-09-28,Delhi,Fulfillment,3,3,9,26.33,8.7767,0,0,0.0,0.0
2025-09-28,Delhi,Intake,3,3,7,8.722,2.9073,0,0,0.0,0.0
2025-09-28,Delhi,Support,3,2,8,7.345,3.6725,0,0,0.0,0.0
2025-09-28,Delhi,Verification,7,6,21,51.147,8.5245,0,3,0.0,0.5
2025-09-28,Mumbai,Fulfillment,11,11,44,147.198,13.3816,0,2,0.0,0.1818
2025-09-28,Mumbai,Intake,5,5,21,8.84,1.768,0,0,0.0,0.0
2025-09-28,Mumbai,Support,2,2,9,6.404,3.202,0,0,0.0,0.0
2025-09-28,Mumbai,Verification,15,14,41,66.899,4.7785,0,1,0.0,0.0714
2025-09-28,Pune,Fulfillment,4,4,16,40.746,10.1865,0,0,0.0,0.0
2025-09-28,Pune,Intake,1,1,3,4.659,4.659,0,1,0.0,1.0
2025-09-28,Pune,Support,4,3,8,5.773,1.9243,0,0,0.0,0.0
2025-09-28,Pune,Verification,4,4,17,19.406,4.8515,0,0,0.0,0.0
2025-09-29,Bengaluru,Fulfillment,6,5,22,93.757,18.7514,0,1,0.0,0.2
2025-09-29,Bengaluru,Intake,8,8,29,14.242,1.7802,0,0,0.0,0.0
2025-09-29,Bengaluru,Support,7,7,26,25.204,3.6006,0,1,0.0,0.1429
2025-09-29,Bengaluru,Verification,11,11,52,65.969,5.9972,1,4,0.0909,0.3636
2025-09-29,Delhi,Fulfillment,10,10,40,158.466,15.8466,1,1,0.1,0.1
2025-09-29,Delhi,Intake,7,7,25,13.999,1.9999,2,0,0.2857,0.0
2025-09-29,Delhi,Support,8,8,33,24.254,3.0318,0,0,0.0,0.0
2025-09-29,Delhi,Verification,9,9,39,75.234,8.3593,0,4,0.0,0.4444
2025-09-29,Mumbai,Fulfillment,15,15,64,287.225,19.1483,1,3,0.0667,0.2
2025-09-29,Mumbai,Intake,15,15,51,25.26,1.684,0,0,0.0,0.0
2025-09-29,Mumbai,Support,4,3,13,12.534,4.178,1,0,0.3333,0.0
2025-09-29,Mumbai,Verification,20,19,88,108.905,5.7318,0,3,0.0,0.1579
2025-09-29,Pune,Fulfillment,6,6,19,73.241,12.2068,1,0,0.1667,0.0
2025-09-29,Pune,Intake,10,9,38,16.933,1.8814,0,0,0.0,0.0
2025-09-29,Pune,Verification,10,9,37,48.71,5.4122,0,2,0.0,0.2222
2025-09-30,Bengaluru,Fulfillment,10,10,33,177.626,17.7626,2,2,0.2,0.2
2025-09-30,Bengaluru,Intake,15,14,69,37.531,2.6808,0,3,0.0,0.2143
2025-09-30,Bengaluru,Support,3,3,8,9.59,3.1967,0,0,0.0,0.0
2025-09-30,Bengaluru,Verification,10,9,37,54.964,6.1071,0,1,0.0,0.1111
2025-09-30,Delhi,Fulfillment,13,11,45,172.706,15.7005,0,2,0.0,0.1818
2025-09-30,Delhi,Intake,13,13,53,29.896,2.2997,2,1,0.1538,0.0769
2025-09-30,Delhi,Support,4,4,15,21.08,5.27,1,2,0.25,0.5
2025-09-30,Delhi,Verification,6,6,26,65.53,10.9217,1,5,0.1667,0.8333
2025-09-30,Mumbai,Fulfillment,18,17,69,245.523,14.4425,0,0,0.0,0.0
2025-09-30,Mumbai,Intake,15,15,57,34.418,2.2945,0,2,0.0,0.1333
2025-09-30,Mumbai,Support,4,4,9,14.897,3.7242,0,0,0.0,0.0
2025-09-30,Mumbai,Verification,19,19,83,80.753,4.2502,2,2,0.1053,0.1053
2025-09-30,Pune,Fulfillment,7,7,28,111.585,15.9407,0,1,0.0,0.1429
2025-09-30,Pune,Intake,8,8,31,12.786,1.5982,0,0,0.0,0.0
2025-09-30,Pune,Support,1,1,3,2.847,2.847,0,0,0.0,0.0
2025-09-30,Pune,Verification,12,11,48,58.106,5.2824,0,2,0.0,0.1818
2025-10-01,Bengaluru,Fulfillment,9,8,39,116.981,14.6226,0,1,0.0,0.125
2025-10-01,Bengaluru,Intake,7,7,23,11.46,1.6371,0,0,0.0,0.0
2025-10-01,Bengaluru,Support,2,2,10,16.037,8.0185,0,1,0.0,0.5
2025-10-01,Bengaluru,Verification,9,8,39,33.87,4.2338,0,0,0.0,0.0
2025-10-01,Delhi,Fulfillment,8,8,40,94.069,11.7586,0,0,0.0,0.0
2025-10-01,Delhi,Intake,14,14,54,31.828,2.2734,0,1,0.0,0.0714
2025-10-01,Delhi,Support,5,5,14,22.949,4.5898,0,1,0.0,0.2
2025-10-01,Delhi,Verification,13,12,43,98.067,8.1722,0,7,0.0,0.5833
2025-10-01,Mumbai,Fulfillment,15,15,57,198.996,13.2664,0,1,0.0,0.0667
2025-10-01,Mumbai,Intake,9,9,32,15.969,1.7743,2,0,0.2222,0.0
2025-10-01,Mumbai,Support,3,2,4,10.724,5.362,0,0,0.0,0.0
2025-10-01,Mumbai,Verification,16,16,71,81.415,5.0884,0,2,0.0,0.125
2025-10-01,Pune,Fulfillment,11,10,42,125.652,12.5652,1,0,0.1,0.0
2025-10-01,Pune,Intake,15,13,47,34.485,2.6527,0,2,0.0,0.1538
2025-10-01,Pune,Support,2,2,5,5.783,2.8915,1,0,0.5,0.0
2025-10-01,Pune,Verification,8,8,39,43.07,5.3838,0,2,0.0,0.25
2025-10-02,Bengaluru,Fulfillment,12,12,52,167.495,13.9579,0,0,0.0,0.0
2025-10-02,Bengaluru,Intake,7,7,23,13.462,1.9231,0,0,0.0,0.0
2025-10-02,Bengaluru,Support,1,1,4,5.75,5.75,0,0,0.0,0.0
2025-10-02,Bengaluru,Verification,7,7,23,34.033,4.8619,0,1,0.0,0.1429
2025-10-02,Delhi,Fulfillment,13,13,60,185.003,14.231,0,1,0.0,0.0769
2025-10-02,Delhi,Intake,15,14,68,33.706,2.4076,0,1,0.0,0.0714
2025-10-02,Delhi,Support,3,3,13,9.218,3.0727,0,0,0.0,0.0
2025-10-02,Delhi,Verification,13,13,45,108.879,8.3753,0,6,0.0,0.4615
2025-10-02,Mumbai,Fulfillment,16,15,68,244.019,16.2679,2,3,0.1333,0.2
2025-10-02,Mumbai,Intake,14,14,57,30.881,2.2058,0,1,0.0,0.0714
2025-10-02,Mumbai,Support,5,5,21,19.405,3.881,0,1,0.0,0.2
2025-10-02,Mumbai,Verification,6,6,25,28.607,4.7678,0,0,0.0,0.0
2025-10-02,Pune,Fulfillment,10,10,40,172.862,17.2862,0,2,0.0,0.2
2025-10-02,Pune,Intake,6,6,30,12.215,2.0358,0,1,0.0,0.1667
2025-10-02,Pune,Support,1,1,4,4.733,4.733,0,0,0.0,0.0
2025-10-02,Pune,Verification,10,10,36,54.326,5.4326,0,0,0.0,0.0
2025-10-03,Bengaluru,Fulfillment,9,9,33,140.481,15.609,0,2,0.0,0.2222
2025-10-03,Bengaluru,Intake,6,6,19,18.952,3.1587,1,1,0.1667,0.1667
2025-10-03,Bengaluru,Support,5,4,15,11.864,2.966,0,0,0.0,0.0
2025-10-03,Bengaluru,Verification,14,14,62,76.245,5.4461,0,2,0.0,0.1429
2025-10-03,Delhi,Fulfillment,11,11,53,205.809,18.7099,0,3,0.0,0.2727
2025-10-03,Delhi,Intake,9,9,47,18.673,2.0748,0,1,0.0,0.1111
2025-10-03,Delhi,Support,1,0,0,0.0,,0,0,,
2025-10-03,Delhi,Verification,7,7,36,69.398,9.914,0,5,0.0,0.7143
2025-10-03,Mumbai,Fulfillment,17,16,65,221.134,13.8209,1,1,0.0625,0.0625
2025-10-03,Mumbai,Intake,19,19,85,41.814,2.2007,0,2,0.0,0.1053
2025-10-03,Mumbai,Support,6,6,23,21.164,3.5273,0,1,0.0,0.1667
2025-10-03,Mumbai,Verification,10,9,38,41.872,4.6524,0,0,0.0,0.0
2025-10-03,Pune,Fulfillment,14,13,45,171.807,13.2159,0,1,0.0,0.0769
2025-10-03,Pune,Intake,5,5,24,7.96,1.592,0,0,0.0,0.0
2025-10-03,Pune,Support,4,4,14,10.856,2.714,0,0,0.0,0.0
2025-10-03,Pune,Verification,5,4,17,12.259,3.0648,0,0,0.0,0.0
2025-10-04,Bengaluru,Fulfillment,2,2,8,47.633,23.8165,0,1,0.0,0.5
2025-10-04,Bengaluru,Intake,5,5,29,8.927,1.7854,0,0,0.0,0.0
2025-10-04,Bengaluru,Verification,4,4,10,17.217,4.3042,0,0,0.0,0.0
2025-10-04,Delhi,Fulfillment,6,6,22,96.635,16.1058,0,0,0.0,0.0
2025-10-04,Delhi,Intake,5,5,18,8.653,1.7306,0,0,0.0,0.0
2025-10-04,Delhi,Support,4,4,15,19.269,4.8172,0,1,0.0,0.25
2025-10-04,Delhi,Verification,2,2,8,16.926,8.463,0,1,0.0,0.5
2025-10-04,Mumbai,Fulfillment,10,10,29,159.238,15.9238,0,2,0.0,0.2
2025-10-04,Mumbai,Intake,17,17,77,31.382,1.846,0,0,0.0,0.0
2025-10-04,Mumbai,Support,3,3,18,8.649,2.883,0,0,0.0,0.0
2025-10-04,Mumbai,Verification,12,11,40,46.738,4.2489,0,0,0.0,0.0
2025-10-04,Pune,Fulfillment,8,8,32,102.575,12.8219,0,0,0.0,0.0
2025-10-04,Pune,Intake,8,7,25,8.669,1.2384,0,0,0.0,0.0
2025-10-04,Pune,Support,1,1,4,1.667,1.667,0,0,0.0,0.0
2025-10-04,Pune,Verification,7,7,27,38.349,5.4784,0,2,0.0,0.2857
2025-10-05,Bengaluru,Fulfillment,8,8,33,129.468,16.1835,1,1,0.125,0.125
2025-10-05,Bengaluru,Intake,4,4,11,5.507,1.3768,0,0,0.0,0.0
2025-10-05,Bengaluru,Support,1,1,3,4.157,4.157,0,0,0.0,0.0
2025-10-05,Bengaluru,Verification,5,5,20,30.384,6.0768,0,0,0.0,0.0
2025-10-05,Delhi,Fulfillment,3,2,8,12.823,6.4115,0,0,0.0,0.0
2025-10-05,Delhi,Intake,7,7,29,13.115,1.8736,0,0,0.0,0.0
2025-10-05,Delhi,Support,2,2,4,5.428,2.714,0,0,0.0,0.0
2025-10-05,Delhi,Verification,7,6,20,58.717,9.7862,0,4,0.0,0.6667
2025-10-05,Mumbai,Fulfillment,4,4,16,57.748,14.437,0,0,0.0,0.0
2025-10-05,Mumbai,Intake,9,9,36,15.949,1.7721,0,0,0.0,0.0
2025-10-05,Mumbai,Support,1,1,2,5.867,5.867,0,0,0.0,0.0
2025-10-05,Mumbai,Verification,13,13,41,60.095,4.6227,0,1,0.0,0.0769
2025-10-05,Pune,Fulfillment,4,3,13,23.618,7.8727,0,0,0.0,0.0
2025-10-05,Pune,Intake,3,3,11,6.673,2.2243,0,0,0.0,0.0
2025-10-05,Pune,Support,4,3,9,13.484,4.4947,0,1,0.0,0.3333
2025-10-05,Pune,Verification,6,6,21,24.761,4.1268,2,0,0.3333,0.0
2025-10-06,Bengaluru,Fulfillment,14,11,45,159.331,14.4846,2,1,0.1818,0.0909
2025-10-06,Bengaluru,Intake,10,10,40,21.02,2.102,1,0,0.1,0.0
2025-10-06,Bengaluru,Support,5,4,17,20.911,5.2278,0,1,0.0,0.25
2025-10-06,Bengaluru,Verification,10,10,43,53.348,5.3348,2,1,0.2,0.1
2025-10-06,Delhi,Fulfillment,10,9,35,187.457,20.8286,2,2,0.2222,0.2222
2025-10-06,Delhi,Intake,13,13,58,36.96,2.8431,0,2,0.0,0.1538
2025-10-06,Delhi,Support,2,2,6,6.919,3.4595,0,0,0.0,0.0
2025-10-06,Delhi,Verification,16,15,55,163.835,10.9223,0,10,0.0,0.6667
2025-10-06,Mumbai,Fulfillment,17,17,76,256.691,15.0995,3,2,0.1765,0.1176
2025-10-06,Mumbai,Intake,17,16,64,37.175,2.3234,1,0,0.0625,0.0
2025-10-06,Mumbai,Support,7,5,21,17.039,3.4078,1,1,0.2,0.2
2025-10-06,Mumbai,Verification,19,18,68,120.263,6.6813,1,6,0.0556,0.3333
2025-10-06,Pune,Fulfillment,9,9,37,138.484,15.3871,2,1,0.2222,0.1111
2025-10-06,Pune,Intake,14,14,65,22.553,1.6109,0,0,0.0,0.0
2025-10-06,Pune,Support,5,5,21,21.153,4.2306,0,1,0.0,0.2
2025-10-06,Pune,Verification,10,9,33,64.385,7.1539,0,3,0.0,0.3333
2025-10-07,Bengaluru,Fulfillment,4,4,17,80.41,20.1025,0,1,0.0,0.25
2025-10-07,Bengaluru,Intake,10,10,45,18.893,1.8893,0,0,0.0,0.0
2025-10-07,Bengaluru,Support,1,1,2,7.104,7.104,0,1,0.0,1.0
2025-10-07,Bengaluru,Verification,5,5,24,19.906,3.9812,0,0,0.0,0.0
2025-10-07,Delhi,Fulfillment,11,10,49,165.211,16.5211,0,1,0.0,0.1
2025-10-07,Delhi,Intake,15,12,52,31.162,2.5968,0,3,0.0,0.25
2025-10-07,Delhi,Support,2,2,10,7.684,3.842,0,0,0.0,0.0
2025-10-07,Delhi,Verification,12,12,51,122.123,10.1769,2,8,0.1667,0.6667
2025-10-07,Mumbai,Fulfillment,18,18,74,262.129,14.5627,0,1,0.0,0.0556
2025-10-07,Mumbai,Intake,14,13,54,26.32,2.0246,1,2,0.0769,0.1538
2025-10-07,Mumbai,Support,4,4,15,11.548,2.887,0,0,0.0,0.0
2025-10-07,Mumbai,Verification,17,16,61,76.229,4.7643,0,0,0.0,0.0
2025-10-07,Pune,Fulfillment,11,11,59,101.178,9.198,1,0,0.0909,0.0
2025-10-07,Pune,Intake,10,9,42,17.369,1.9299,0,0,0.0,0.0
2025-10-07,Pune,Support,2,1,2,2.2,2.2,0,0,0.0,0.0
2025-10-07,Pune,Verification,11,11,50,44.964,4.0876,0,0,0.0,0.0
2025-10-08,Bengaluru,Fulfillment,8,8,30,95.281,11.9101,0,0,0.0,0.0
2025-10-08,Bengaluru,Intake,6,5,20,10.373,2.0746,0,1,0.0,0.2
2025-10-08,Bengaluru,Support,2,2,3,6.939,3.4695,0,0,0.0,0.0
2025-10-08,Bengaluru,Verification,9,9,30,34.75,3.8611,0,0,0.0,0.0
2025-10-08,Delhi,Fulfillment,13,13,55,189.299,14.5615,1,1,0.0769,0.0769
2025-10-08,Delhi,Intake,11,10,32,21.643,2.1643,1,1,0.1,0.1
2025-10-08,Delhi,Support,1,1,8,1.773,1.773,0,0,0.0,0.0
2025-10-08,Delhi,Verification,13,12,51,101.479,8.4566,1,5,0.0833,0.4167
2025-10-08,Mumbai,Fulfillment,17,16,52,215.905,13.4941,1,0,0.0625,0.0
2025-10-08,Mumbai,Intake,13,12,54,21.287,1.7739,0,1,0.0,0.0833
2025-10-08,Mumbai,Support,6,6,22,18.182,3.0303,1,0,0.1667,0.0
2025-10-08,Mumbai,Verification,8,8,35,40.101,5.0126,0,0,0.0,0.0
2025-10-08,Pune,Fulfillment,13,13,55,158.01,12.1546,0,0,0.0,0.0
2025-10-08,Pune,Intake,4,4,21,9.194,2.2985,0,1,0.0,0.25
2025-10-08,Pune,Support,1,1,4,2.225,2.225,0,0,0.0,0.0
2025-10-08,Pune,Verification,6,6,20,22.312,3.7187,0,0,0.0,0.0
2025-10-09,Bengaluru,Fulfillment,9,9,41,123.96,13.7733,1,0,0.1111,0.0
2025-10-09,Bengaluru,Intake,3,3,10,6.269,2.0897,0,0,0.0,0.0
2025-10-09,Bengaluru,Support,2,2,6,8.005,4.0025,0,0,0.0,0.0
2025-10-09,Bengaluru,Verification,6,6,28,31.232,5.2053,0,0,0.0,0.0
2025-10-09,Delhi,Fulfillment,13,12,47,180.473,15.0394,1,2,0.0833,0.1667
2025-10-09,Delhi,Intake,18,16,60,36.411,2.2757,1,0,0.0625,0.0
2025-10-09,Delhi,Support,2,2,11,3.879,1.9395,0,0,0.0,0.0
2025-10-09,Delhi,Verification,7,6,24,44.104,7.3507,0,2,0.0,0.3333
2025-10-09,Mumbai,Fulfillment,14,13,53,186.613,14.3548,2,1,0.1538,0.0769
2025-10-09,Mumbai,Intake,15,14,47,29.142,2.0816,0,1,0.0,0.0714
2025-10-09,Mumbai,Support,5,5,17,20.765,4.153,0,1,0.0,0.2
2025-10-09,Mumbai,Verification,20,19,69,83.642,4.4022,1,2,0.0526,0.1053
2025-10-09,Pune,Fulfillment,12,12,42,197.952,16.496,0,2,0.0,0.1667
2025-10-09,Pune,Intake,6,6,28,11.091,1.8485,1,0,0.1667,0.0
2025-10-09,Pune,Verification,5,5,16,24.7,4.94,1,0,0.2,0.0
2025-10-10,Bengaluru,Fulfillment,3,3,10,45.567,15.189,1,0,0.3333,0.0
2025-10-10,Bengaluru,Intake,7,7,24,15.076,2.1537,0,0,0.0,0.0
2025-10-10,Bengaluru,Support,2,2,11,7.954,3.977,0,0,0.0,0.0
2025-10-10,Bengaluru,Verification,8,8,29,46.299,5.7874,0,1,0.0,0.125
2025-10-10,Delhi,Fulfillment,7,7,22,117.744,16.8206,0,1,0.0,0.1429
2025-10-10,Delhi,Intake,13,13,53,24.762,1.9048,1,0,0.0769,0.0
2025-10-10,Delhi,Support,8,7,29,25.585,3.655,1,0,0.1429,0.0
2025-10-10,Delhi,Verification,16,16,61,149.997,9.3748,2,9,0.125,0.5625
2025-10-10,Mumbai,Fulfillment,8,8,37,102.14,12.7675,0,0,0.0,0.0
2025-10-10,Mumbai,Intake,10,10,38,21.75,2.175,0,2,0.0,0.2
2025-10-10,Mumbai,Support,3,3,14,15.927,5.309,0,1,0.0,0.3333
2025-10-10,Mumbai,Verification,14,14,59,54.421,3.8872,0,0,0.0,0.0
2025-10-10,Pune,Fulfillment,13,13,67,138.951,10.6885,0,0,0.0,0.0
2025-10-10,Pune,Intake,6,6,27,11.958,1.993,0,0,0.0,0.0
2025-10-10,Pune,Support,2,2,9,16.215,8.1075,0,1,0.0,0.5
2025-10-10,Pune,Verification,7,7,32,30.858,4.4083,0,1,0.0,0.1429
2025-10-11,Bengaluru,Fulfillment,1,1,2,12.99,12.99,0,0,0.0,0.0
2025-10-11,Bengaluru,Intake,4,4,18,11.894,2.9735,0,1,0.0,0.25
2025-10-11,Bengaluru,Support,3,2,7,9.726,4.863,0,1,0.0,0.5
2025-10-11,Bengaluru,Verification,4,4,17,32.402,8.1005,0,2,0.0,0.5
2025-10-11,Delhi,Fulfillment,4,3,13,36.696,12.232,0,0,0.0,0.0
2025-10-11,Delhi,Intake,3,3,14,5.512,1.8373,0,0,0.0,0.0
2025-10-11,Delhi,Support,2,2,9,7.417,3.7085,0,0,0.0,0.0
2025-10-11,Delhi,Verification,5,5,30,41.307,8.2614,0,2,0.0,0.4
2025-10-11,Mumbai,Fulfillment,13,11,44,123.049,11.1863,0,0,0.0,0.0
2025-10-11,Mumbai,Intake,9,8,32,15.369,1.9211,0,1,0.0,0.125
2025-10-11,Mumbai,Support,3,3,11,6.719,2.2397,0,0,0.0,0.0
2025-10-11,Mumbai,Verification,7,7,31,35.78,5.1114,0,0,0.0,0.0
2025-10-11,Pune,Fulfillment,6,6,32,109.284,18.214,0,2,0.0,0.3333
2025-10-11,Pune,Intake,5,5,21,7.908,1.5816,1,0,0.2,0.0
2025-10-11,Pune,Support,1,1,6,3.108,3.108,0,0,0.0,0.0
2025-10-11,Pune,Verification,5,5,23,24.264,4.8528,0,1,0.0,0.2
2025-10-12,Bengaluru,Fulfillment,3,3,12,54.327,18.109,0,1,0.0,0.3333
2025-10-12,Bengaluru,Support,5,4,16,18.956,4.739,0,1,0.0,0.25
2025-10-12,Bengaluru,Verification,1,1,4,3.926,3.926,0,0,0.0,0.0
2025-10-12,Delhi,Fulfillment,7,7,23,97.25,13.8929,0,1,0.0,0.1429
2025-10-12,Delhi,Intake,7,7,22,14.389,2.0556,0,1,0.0,0.1429
2025-10-12,Delhi,Support,2,2,8,6.897,3.4485,0,0,0.0,0.0
2025-10-12,Delhi,Verification,3,3,9,20.8,6.9333,0,1,0.0,0.3333
2025-10-12,Mumbai,Fulfillment,11,10,47,151.167,15.1167,0,1,0.0,0.1
2025-10-12,Mumbai,Intake,9,8,37,16.607,2.0759,0,0,0.0,0.0
2025-10-12,Mumbai,Support,2,2,8,5.711,2.8555,0,0,0.0,0.0
2025-10-12,Mumbai,Verification,11,8,21,34.127,4.2659,0,0,0.0,0.0
2025-10-12,Pune,Fulfillment,4,4,11,28.795,7.1988,0,0,0.0,0.0
2025-10-12,Pune,Intake,4,3,9,6.446,2.1487,0,0,0.0,0.0
2025-10-12,Pune,Support,2,2,6,4.446,2.223,0,0,0.0,0.0
2025-10-12,Pune,Verification,3,3,14,14.656,4.8853,0,1,0.0,0.3333
2025-10-13,Bengaluru,Fulfillment,7,7,28,159.715,22.8164,2,3,0.2857,0.4286
2025-10-13,Bengaluru,Intake,14,14,54,37.348,2.6677,2,1,0.1429,0.0714
2025-10-13,Bengaluru,Support,4,4,13,26.557,6.6392,0,2,0.0,0.5
2025-10-13,Bengaluru,Verification,18,17,62,105.604,6.212,1,5,0.0588,0.2941
2025-10-13,Delhi,Fulfillment,10,9,42,127.35,14.15,0,1,0.0,0.1111
2025-10-13,Delhi,Intake,14,14,49,38.547,2.7534,2,3,0.1429,0.2143
2025-10-13,Delhi,Support,4,3,14,23.684,7.8947,0,2,0.0,0.6667
2025-10-13,Delhi,Verification,18,18,73,212.08,11.7822,2,11,0.1111,0.6111
2025-10-13,Mumbai,Fulfillment,19,18,81,261.264,14.5147,3,1,0.1667,0.0556
2025-10-13,Mumbai,Intake,18,18,69,47.332,2.6296,1,2,0.0556,0.1111
2025-10-13,Mumbai,Support,9,9,32,45.964,5.1071,1,3,0.1111,0.3333
2025-10-13,Mumbai,Verification,21,21,81,161.673,7.6987,0,7,0.0,0.3333
2025-10-13,Pune,Fulfillment,18,18,68,325.86,18.1033,0,3,0.0,0.1667
2025-10-13,Pune,Intake,8,8,36,15.94,1.9925,0,0,0.0,0.0
2025-10-13,Pune,Support,5,4,11,16.354,4.0885,0,0,0.0,0.0
2025-10-13,Pune,Verification,14,13,63,85.92,6.6092,2,4,0.1538,0.3077
2025-10-14,Bengaluru,Fulfillment,14,12,39,177.085,14.7571,0,1,0.0,0.0833
2025-10-14,Bengaluru,Intake,6,6,24,12.782,2.1303,0,0,0.0,0.0
2025-10-14,Bengaluru,Support,4,4,14,17.524,4.381,0,1,0.0,0.25
2025-10-14,Bengaluru,Verification,6,6,22,34.195,5.6992,0,2,0.0,0.3333
2025-10-14,Delhi,Fulfillment,11,11,58,144.595,13.145,0,1,0.0,0.0909
2025-10-14,Delhi,Intake,13,13,48,22.842,1.7571,1,0,0.0769,0.0
2025-10-14,Delhi,Support,3,3,12,16.432,5.4773,0,1,0.0,0.3333
2025-10-14,Delhi,Verification,8,8,31,73.505,9.1881,0,5,0.0,0.625
2025-10-14,Mumbai,Fulfillment,14,13,54,177.054,13.6195,0,0,0.0,0.0
2025-10-14,Mumbai,Intake,14,14,58,27.208,1.9434,0,0,0.0,0.0
2025-10-14,Mumbai,Support,8,8,33,31.678,3.9598,1,1,0.125,0.125
2025-10-14,Mumbai,Verification,18,17,62,103.188,6.0699,0,4,0.0,0.2353
2025-10-14,Pune,Fulfillment,9,9,33,98.257,10.9174,0,0,0.0,0.0
2025-10-14,Pune,Intake,7,6,28,11.599,1.9332,0,0,0.0,0.0
2025-10-14,Pune,Verification,7,6,17,30.57,5.095,0,1,0.0,0.1667
2025-10-15,Bengaluru,Fulfillment,5,4,17,41.738,10.4345,0,0,0.0,0.0
2025-10-15,Bengaluru,Intake,11,10,40,17.994,1.7994,0,0,0.0,0.0
2025-10-15,Bengaluru,Support,4,4,17,12.124,3.031,1,0,0.25,0.0
2025-10-15,Bengaluru,Verification,5,5,21,23.367,4.6734,0,0,0.0,0.0
2025-10-15,Delhi,Fulfillment,9,8,29,109.763,13.7204,0,0,0.0,0.0
2025-10-15,Delhi,Intake,12,11,38,21.704,1.9731,0,1,0.0,0.0909
2025-10-15,Delhi,Support,2,2,9,7.991,3.9955,0,0,0.0,0.0
2025-10-15,Delhi,Verification,5,5,25,49.51,9.902,0,3,0.0,0.6
2025-10-15,Mumbai,Fulfillment,14,14,55,178.726,12.7661,0,0,0.0,0.0
2025-10-15,Mumbai,Intake,17,16,57,35.061,2.1913,0,0,0.0,0.0
2025-10-15,Mumbai,Support,11,11,45,36.78,3.3436,0,1,0.0,0.0909
2025-10-15,Mumbai,Verification,9,9,35,53.275,5.9194,0,1,0.0,0.1111
2025-10-15,Pune,Fulfillment,3,2,7,34.254,17.127,0,1,0.0,0.5
2025-10-15,Pune,Intake,11,10,37,21.526,2.1526,0,1,0.0,0.1
2025-10-15,Pune,Support,1,1,4,4.362,4.362,0,0,0.0,0.0
2025-10-15,Pune,Verification,3,3,13,17.409,5.803,0,1,0.0,0.3333
2025-10-16,Bengaluru,Fulfillment,12,12,55,214.039,17.8366,0,2,0.0,0.1667
2025-10-16,Bengaluru,Intake,7,7,27,16.001,2.2859,0,0,0.0,0.0
2025-10-16,Bengaluru,Support,1,1,5,2.831,2.831,0,0,0.0,0.0
2025-10-16,Bengaluru,Verification,12,12,51,71.55,5.9625,0,2,0.0,0.1667
2025-10-16,Delhi,Fulfillment,10,10,43,144.349,14.4349,0,0,0.0,0.0
2025-10-16,Delhi,Intake,9,9,35,19.956,2.2173,0,0,0.0,0.0
2025-10-16,Delhi,Support,3,3,16,7.703,2.5677,0,0,0.0,0.0
2025-10-16,Delhi,Verification,9,9,33,68.478,7.6087,3,3,0.3333,0.3333
2025-10-16,Mumbai,Fulfillment,12,12,49,179.114,14.9262,0,2,0.0,0.1667
2025-10-16,Mumbai,Intake,16,15,67,32.163,2.1442,1,1,0.0667,0.0667
2025-10-16,Mumbai,Support,3,2,5,6.715,3.3575,0,0,0.0,0.0
2025-10-16,Mumbai,Verification,19,18,74,100.578,5.5877,0,2,0.0,0.1111
2025-10-16,Pune,Fulfillment,10,9,36,128.428,14.2698,0,1,0.0,0.1111
2025-10-16,Pune,Intake,14,14,54,25.686,1.8347,1,1,0.0714,0.0714
2025-10-16,Pune,Support,3,3,15,9.867,3.289,0,0,0.0,0.0
2025-10-16,Pune,Verification,9,9,37,40.838,4.5376,0,0,0.0,0.0
2025-10-17,Bengaluru,Fulfillment,9,8,28,150.996,18.8745,0,1,0.0,0.125
2025-10-17,Bengaluru,Intake,4,4,16,9.347,2.3368,1,0,0.25,0.0
2025-10-17,Bengaluru,Support,3,3,18,11.969,3.9897,1,1,0.3333,0.3333
2025-10-17,Bengaluru,Verification,7,7,26,32.539,4.6484,0,1,0.0,0.1429
2025-10-17,Delhi,Fulfillment,8,8,34,75.128,9.391,0,0,0.0,0.0
2025-10-17,Delhi,Intake,14,13,56,25.801,1.9847,1,1,0.0769,0.0769
2025-10-17,Delhi,Support,4,3,8,14.898,4.966,0,1,0.0,0.3333
2025-10-17,Delhi,Verification,14,14,55,144.167,10.2976,1,8,0.0714,0.5714
2025-10-17,Mumbai,Fulfillment,17,15,54,200.543,13.3695,0,0,0.0,0.0
2025-10-17,Mumbai,Intake,10,10,42,21.794,2.1794,0,1,0.0,0.1
2025-10-17,Mumbai,Support,2,2,8,3.397,1.6985,0,0,0.0,0.0
2025-10-17,Mumbai,Verification,15,15,60,71.613,4.7742,0,2,0.0,0.1333
2025-10-17,Pune,Fulfillment,5,4,20,70.051,17.5128,0,1,0.0,0.25
2025-10-17,Pune,Intake,6,6,22,9.417,1.5695,0,0,0.0,0.0
2025-10-17,Pune,Support,2,2,9,4.939,2.4695,0,0,0.0,0.0
2025-10-17,Pune,Verification,15,15,67,73.168,4.8779,1,2,0.0667,0.1333
2025-10-18,Bengaluru,Fulfillment,5,4,15,58.95,14.7375,0,1,0.0,0.25
2025-10-18,Bengaluru,Intake,3,3,12,5.0,1.6667,0,0,0.0,0.0
2025-10-18,Bengaluru,Verification,6,6,33,24.417,4.0695,0,0,0.0,0.0
2025-10-18,Delhi,Fulfillment,6,4,26,59.08,14.77,0,0,0.0,0.0
2025-10-18,Delhi,Intake,8,8,35,14.17,1.7712,0,0,0.0,0.0
2025-10-18,Delhi,Support,1,1,3,1.933,1.933,0,0,0.0,0.0
2025-10-18,Delhi,Verification,12,12,47,97.346,8.1122,1,2,0.0833,0.1667
2025-10-18,Mumbai,Fulfillment,12,12,42,146.26,12.1883,0,0,0.0,0.0
2025-10-18,Mumbai,Intake,6,6,28,11.112,1.852,0,0,0.0,0.0
2025-10-18,Mumbai,Support,3,3,14,8.152,2.7173,0,0,0.0,0.0
2025-10-18,Mumbai,Verification,9,9,37,45.542,5.0602,0,1,0.0,0.1111
2025-10-18,Pune,Fulfillment,6,6,27,110.525,18.4208,0,2,0.0,0.3333
2025-10-18,Pune,Intake,8,8,29,17.035,2.1294,1,1,0.125,0.125
2025-10-18,Pune,Support,1,1,1,1.417,1.417,0,0,0.0,0.0
2025-10-18,Pune,Verification,8,8,30,36.014,4.5017,0,1,0.0,0.125
2025-10-19,Bengaluru,Fulfillment,3,3,7,31.974,10.658,0,0,0.0,0.0
2025-10-19,Bengaluru,Intake,3,3,7,3.546,1.182,0,0,0.0,0.0
2025-10-19,Bengaluru,Verification,6,6,23,22.334,3.7223,0,0,0.0,0.0
2025-10-19,Delhi,Fulfillment,4,4,14,49.017,12.2543,0,0,0.0,0.0
2025-10-19,Delhi,Intake,6,6,23,8.905,1.4842,0,0,0.0,0.0
2025-10-19,Delhi,Support,2,2,5,3.974,1.987,0,0,0.0,0.0
2025-10-19,Delhi,Verification,6,6,23,57.564,9.594,0,4,0.0,0.6667
2025-10-19,Mumbai,Fulfillment,11,10,44,120.732,12.0732,1,0,0.1,0.0
2025-10-19,Mumbai,Intake,7,7,33,13.893,1.9847,0,0,0.0,0.0
2025-10-19,Mumbai,Support,4,4,21,19.192,4.798,0,1,0.0,0.25
2025-10-19,Mumbai,Verification,3,3,11,13.05,4.35,0,0,0.0,0.0
2025-10-19,Pune,Fulfillment,1,1,4,13.8,13.8,0,0,0.0,0.0
2025-10-19,Pune,Intake,5,5,15,8.051,1.6102,0,0,0.0,0.0
2025-10-19,Pune,Support,1,0,0,0.0,,0,0,,
2025-10-19,Pune,Verification,4,4,14,20.772,5.193,0,0,0.0,0.0
2025-10-20,Bengaluru,Fulfillment,9,9,43,178.952,19.8836,1,2,0.1111,0.2222
2025-10-20,Bengaluru,Intake,7,7,24,20.298,2.8997,0,1,0.0,0.1429
2025-10-20,Bengaluru,Support,3,3,12,11.529,3.843,0,0,0.0,0.0
2025-10-20,Bengaluru,Verification,7,6,22,30.136,5.0227,0,1,0.0,0.1667
2025-10-20,Delhi,Fulfillment,10,10,47,156.053,15.6053,0,1,0.0,0.1
2025-10-20,Delhi,Intake,21,18,72,45.484,2.5269,2,1,0.1111,0.0556
2025-10-20,Delhi,Support,4,4,10,34.033,8.5082,0,4,0.0,1.0
2025-10-20,Delhi,Verification,20,19,73,194.664,10.2455,3,14,0.1579,0.7368
2025-10-20,Mumbai,Fulfillment,18,18,68,275.609,15.3116,3,1,0.1667,0.0556
2025-10-20,Mumbai,Intake,17,16,69,38.074,2.3796,3,1,0.1875,0.0625
2025-10-20,Mumbai,Support,12,11,37,51.077,4.6434,0,2,0.0,0.1818
2025-10-20,Mumbai,Verification,18,16,68,97.946,6.1216,1,4,0.0625,0.25
2025-10-20,Pune,Fulfillment,5,5,16,86.919,17.3838,2,1,0.4,0.2
2025-10-20,Pune,Intake,7,7,31,15.835,2.2621,0,0,0.0,0.0
2025-10-20,Pune,Support,3,2,8,10.68,5.34,0,0,0.0,0.0
2025-10-20,Pune,Verification,9,9,31,53.124,5.9027,0,3,0.0,0.3333
2025-10-21,Bengaluru,Fulfillment,7,7,28,126.962,18.1374,0,2,0.0,0.2857
2025-10-21,Bengaluru,Intake,10,10,34,19.851,1.9851,0,1,0.0,0.1
2025-10-21,Bengaluru,Support,5,5,18,22.191,4.4382,0,1,0.0,0.2
2025-10-21,Bengaluru,Verification,12,12,53,67.173,5.5978,1,1,0.0833,0.0833
2025-10-21,Delhi,Fulfillment,17,16,52,239.708,14.9818,1,3,0.0625,0.1875
2025-10-21,Delhi,Intake,7,7,21,20.422,2.9174,1,1,0.1429,0.1429
2025-10-21,Delhi,Support,5,5,25,20.618,4.1236,0,1,0.0,0.2
2025-10-21,Delhi,Verification,9,7,22,66.659,9.5227,0,3,0.0,0.4286
2025-10-21,Mumbai,Fulfillment,15,15,63,245.483,16.3655,2,1,0.1333,0.0667
2025-10-21,Mumbai,Intake,16,16,67,33.468,2.0918,2,1,0.125,0.0625
2025-10-21,Mumbai,Support,7,6,22,22.249,3.7082,0,1,0.0,0.1667
2025-10-21,Mumbai,Verification,27,24,105,130.309,5.4295,0,2,0.0,0.0833
2025-10-21,Pune,Fulfillment,15,13,56,247.765,19.0588,0,2,0.0,0.1538
2025-10-21,Pune,Intake,11,9,38,21.36,2.3733,1,1,0.1111,0.1111
2025-10-21,Pune,Support,4,4,10,19.465,4.8662,0,1,0.0,0.25
2025-10-21,Pune,Verification,11,10,43,61.434,6.1434,1,2,0.1,0.2
2025-10-22,Bengaluru,Fulfillment,13,13,70,221.216,17.0166,0,2,0.0,0.1538
2025-10-22,Bengaluru,Intake,11,11,45,19.223,1.7475,0,0,0.0,0.0
2025-10-22,Bengaluru,Support,3,2,8,7.55,3.775,0,0,0.0,0.0
2025-10-22,Bengaluru,Verification,7,6,32,34.265,5.7108,0,1,0.0,0.1667
2025-10-22,Delhi,Fulfillment,12,11,43,199.74,18.1582,0,1,0.0,0.0909
2025-10-22,Delhi,Intake,11,11,41,20.872,1.8975,0,0,0.0,0.0
2025-10-22,Delhi,Support,3,2,6,5.608,2.804,0,0,0.0,0.0
2025-10-22,Delhi,Verification,12,12,51,97.383,8.1152,0,4,0.0,0.3333
2025-10-22,Mumbai,Fulfillment,11,11,46,173.482,15.7711,0,2,0.0,0.1818
2025-10-22,Mumbai,Intake,21,21,97,41.534,1.9778,1,1,0.0476,0.0476
2025-10-22,Mumbai,Support,4,4,11,11.749,2.9372,0,0,0.0,0.0
2025-10-22,Mumbai,Verification,14,13,68,69.387,5.3375,0,1,0.0,0.0769
2025-10-22,Pune,Fulfillment,7,7,28,110.643,15.8061,0,0,0.0,0.0
2025-10-22,Pune,Intake,13,12,58,20.64,1.72,1,0,0.0833,0.0
2025-10-22,Pune,Support,1,1,3,1.973,1.973,0,0,0.0,0.0
2025-10-22,Pune,Verification,11,11,38,49.683,4.5166,0,0,0.0,0.0
2025-10-23,Bengaluru,Fulfillment,11,10,41,195.561,19.5561,0,2,0.0,0.2
2025-10-23,Bengaluru,Intake,7,7,33,12.864,1.8377,0,0,0.0,0.0
2025-10-23,Bengaluru,Support,2,2,10,11.924,5.962,0,1,0.0,0.5
2025-10-23,Bengaluru,Verification,13,13,60,64.048,4.9268,0,0,0.0,0.0
2025-10-23,Delhi,Fulfillment,11,10,47,147.873,14.7873,0,1,0.0,0.1
2025-10-23,Delhi,Intake,8,8,36,17.022,2.1277,0,0,0.0,0.0
2025-10-23,Delhi,Support,5,5,19,19.013,3.8026,1,1,0.2,0.2
2025-10-23,Delhi,Verification,11,11,34,77.202,7.0184,0,4,0.0,0.3636
2025-10-23,Mumbai,Fulfillment,13,12,45,197.827,16.4856,1,2,0.0833,0.1667
2025-10-23,Mumbai,Intake,20,19,65,38.608,2.032,0,0,0.0,0.0
2025-10-23,Mumbai,Support,5,5,20,18.791,3.7582,0,0,0.0,0.0
2025-10-23,Mumbai,Verification,16,15,77,65.285,4.3523,0,2,0.0,0.1333
2025-10-23,Pune,Fulfillment,9,9,41,128.213,14.2459,0,1,0.0,0.1111
2025-10-23,Pune,Intake,11,11,44,19.474,1.7704,0,0,0.0,0.0
2025-10-23,Pune,Support,1,1,3,1.369,1.369,0,0,0.0,0.0
2025-10-23,Pune,Verification,7,7,29,34.578,4.9397,2,0,0.2857,0.0
2025-10-24,Bengaluru,Fulfillment,13,13,57,169.404,13.0311,0,0,0.0,0.0
2025-10-24,Bengaluru,Intake,13,13,61,26.008,2.0006,0,1,0.0,0.0769
2025-10-24,Bengaluru,Support,2,2,12,7.921,3.9605,0,0,0.0,0.0
2025-10-24,Bengaluru,Verification,3,3,11,14.137,4.7123,0,0,0.0,0.0
2025-10-24,Delhi,Fulfillment,7,7,28,88.066,12.5809,1,0,0.1429,0.0
2025-10-24,Delhi,Intake,10,10,52,15.199,1.5199,0,0,0.0,0.0
2025-10-24,Delhi,Support,2,2,6,11.757,5.8785,0,1,0.0,0.5
2025-10-24,Delhi,Verification,11,11,50,84.171,7.6519,3,5,0.2727,0.4545
2025-10-24,Mumbai,Fulfillment,9,9,33,139.522,15.5024,1,1,0.1111,0.1111
2025-10-24,Mumbai,Intake,11,10,42,15.302,1.5302,0,0,0.0,0.0
2025-10-24,Mumbai,Support,3,3,13,14.292,4.764,0,1,0.0,0.3333
2025-10-24,Mumbai,Verification,14,14,56,66.473,4.7481,0,1,0.0,0.0714
2025-10-24,Pune,Fulfillment,10,10,44,99.697,9.9697,1,0,0.1,0.0
2025-10-24,Pune,Intake,7,7,23,9.307,1.3296,1,0,0.1429,0.0
2025-10-24,Pune,Support,4,3,13,6.811,2.2703,0,0,0.0,0.0
2025-10-24,Pune,Verification,9,9,29,52.473,5.8303,0,2,0.0,0.2222
2025-10-25,Bengaluru,Fulfillment,5,5,16,56.099,11.2198,0,0,0.0,0.0
2025-10-25,Bengaluru,Intake,4,3,10,3.577,1.1923,0,0,0.0,0.0
2025-10-25,Bengaluru,Support,3,3,13,9.042,3.014,0,0,0.0,0.0
2025-10-25,Bengaluru,Verification,6,6,21,27.949,4.6582,1,0,0.1667,0.0
2025-10-25,Delhi,Fulfillment,3,3,13,34.806,11.602,0,0,0.0,0.0
2025-10-25,Delhi,Intake,10,9,42,19.267,2.1408,0,2,0.0,0.2222
2025-10-25,Delhi,Support,1,1,3,3.898,3.898,0,0,0.0,0.0
2025-10-25,Delhi,Verification,6,5,23,39.355,7.871,0,3,0.0,0.6
2025-10-25,Mumbai,Fulfillment,9,9,39,151.443,16.827,0,0,0.0,0.0
2025-10-25,Mumbai,Intake,5,5,19,15.278,3.0556,0,1,0.0,0.2
2025-10-25,Mumbai,Support,2,2,6,7.765,3.8825,0,0,0.0,0.0
2025-10-25,Mumbai,Verification,9,8,29,38.113,4.7641,0,0,0.0,0.0
2025-10-25,Pune,Fulfillment,6,6,25,44.79,7.465,1,0,0.1667,0.0
2025-10-25,Pune,Intake,4,4,16,7.813,1.9532,0,0,0.0,0.0
2025-10-25,Pune,Support,2,2,10,6.267,3.1335,0,0,0.0,0.0
2025-10-25,Pune,Verification,5,5,33,17.6,3.52,0,0,0.0,0.0
2025-10-26,Bengaluru,Fulfillment,7,7,28,82.643,11.8061,0,0,0.0,0.0
2025-10-26,Bengaluru,Intake,4,4,14,9.058,2.2645,0,0,0.0,0.0
2025-10-26,Bengaluru,Support,1,1,9,2.592,2.592,0,0,0.0,0.0
2025-10-26,Bengaluru,Verification,4,4,13,19.562,4.8905,0,0,0.0,0.0
2025-10-26,Delhi,Fulfillment,5,5,15,81.216,16.2432,0,0,0.0,0.0
2025-10-26,Delhi,Intake,4,4,15,7.771,1.9428,1,0,0.25,0.0
2025-10-26,Delhi,Support,1,1,5,2.501,2.501,0,0,0.0,0.0
2025-10-26,Delhi,Verification,10,10,40,77.93,7.793,1,3,0.1,0.3
2025-10-26,Mumbai,Fulfillment,6,5,18,78.644,15.7288,0,0,0.0,0.0
2025-10-26,Mumbai,Intake,10,9,42,19.864,2.2071,0,0,0.0,0.0
2025-10-26,Mumbai,Support,2,2,12,6.701,3.3505,0,0,0.0,0.0
2025-10-26,Mumbai,Verification,9,9,43,42.106,4.6784,0,1,0.0,0.1111
2025-10-26,Pune,Fulfillment,4,4,20,46.602,11.6505,0,0,0.0,0.0
2025-10-26,Pune,Intake,4,4,16,8.096,2.024,0,0,0.0,0.0
2025-10-26,Pune,Verification,8,8,35,29.54,3.6925,0,0,0.0,0.0
2025-10-27,Bengaluru,Fulfillment,9,9,27,168.614,18.7349,0,1,0.0,0.1111
2025-10-27,Bengaluru,Intake,13,11,51,21.903,1.9912,1,0,0.0909,0.0
2025-10-27,Bengaluru,Support,5,5,20,16.428,3.2856,0,0,0.0,0.0
2025-10-27,Bengaluru,Verification,10,10,47,62.453,6.2453,0,1,0.0,0.1
2025-10-27,Delhi,Fulfillment,13,13,45,180.19,13.8608,0,0,0.0,0.0
2025-10-27,Delhi,Intake,8,7,21,16.612,2.3731,1,1,0.1429,0.1429
2025-10-27,Delhi,Support,5,5,21,17.732,3.5464,0,0,0.0,0.0
2025-10-27,Delhi,Verification,11,10,49,80.33,8.033,1,4,0.1,0.4
2025-10-27,Mumbai,Fulfillment,23,23,90,462.001,20.087,2,8,0.087,0.3478
2025-10-27,Mumbai,Intake,11,11,48,30.611,2.7828,0,1,0.0,0.0909
2025-10-27,Mumbai,Support,8,8,28,41.297,5.1621,0,1,0.0,0.125
2025-10-27,Mumbai,Verification,13,13,49,81.801,6.2924,0,4,0.0,0.3077
2025-10-27,Pune,Fulfillment,20,18,76,268.107,14.8948,0,1,0.0,0.0556
2025-10-27,Pune,Intake,13,12,58,24.783,2.0653,1,1,0.0833,0.0833
2025-10-27,Pune,Support,3,3,14,12.015,4.005,0,0,0.0,0.0
2025-10-27,Pune,Verification,15,14,54,71.73,5.1236,0,1,0.0,0.0714
2025-10-28,Bengaluru,Fulfillment,14,14,64,221.902,15.8501,2,1,0.1429,0.0714
2025-10-28,Bengaluru,Intake,9,9,36,22.534,2.5038,0,0,0.0,0.0
2025-10-28,Bengaluru,Verification,14,13,52,72.287,5.5605,0,3,0.0,0.2308
2025-10-28,Delhi,Fulfillment,12,12,43,206.416,17.2013,2,2,0.1667,0.1667
2025-10-28,Delhi,Intake,13,13,51,32.497,2.4998,1,1,0.0769,0.0769
2025-10-28,Delhi,Support,6,6,26,28.551,4.7585,0,1,0.0,0.1667
2025-10-28,Delhi,Verification,14,14,54,101.595,7.2568,2,4,0.1429,0.2857
2025-10-28,Mumbai,Fulfillment,18,17,63,231.639,13.6258,0,1,0.0,0.0588
2025-10-28,Mumbai,Intake,22,22,91,43.975,1.9989,0,0,0.0,0.0
2025-10-28,Mumbai,Support,4,4,16,12.42,3.105,0,0,0.0,0.0
2025-10-28,Mumbai,Verification,15,13,45,58.897,4.5305,0,1,0.0,0.0769
2025-10-28,Pune,Fulfillment,9,9,45,123.802,13.7558,0,0,0.0,0.0
2025-10-28,Pune,Intake,7,7,36,12.656,1.808,1,0,0.1429,0.0
2025-10-28,Pune,Support,1,1,2,10.038,10.038,0,1,0.0,1.0
2025-10-28,Pune,Verification,14,13,53,62.43,4.8023,1,1,0.0769,0.0769
2025-10-29,Bengaluru,Fulfillment,11,8,38,110.557,13.8196,0,0,0.0,0.0
2025-10-29,Bengaluru,Intake,8,8,36,17.962,2.2452,1,0,0.125,0.0
2025-10-29,Bengaluru,Support,2,2,12,9.449,4.7245,0,1,0.0,0.5
2025-10-29,Bengaluru,Verification,9,9,43,57.982,6.4424,0,3,0.0,0.3333
2025-10-29,Delhi,Fulfillment,12,10,33,145.286,14.5286,0,1,0.0,0.1
2025-10-29,Delhi,Intake,6,6,17,13.678,2.2797,1,0,0.1667,0.0
2025-10-29,Delhi,Support,3,3,6,17.162,5.7207,0,2,0.0,0.6667
2025-10-29,Delhi,Verification,11,10,36,76.457,7.6457,0,3,0.0,0.3
2025-10-29,Mumbai,Fulfillment,15,14,66,249.409,17.8149,0,3,0.0,0.2143
2025-10-29,Mumbai,Intake,18,17,65,35.786,2.1051,1,1,0.0588,0.0588
2025-10-29,Mumbai,Support,3,3,12,8.876,2.9587,0,0,0.0,0.0
2025-10-29,Mumbai,Verification,11,11,45,55.705,5.0641,0,1,0.0,0.0909
2025-10-29,Pune,Fulfillment,9,9,30,124.805,13.8672,0,1,0.0,0.1111
2025-10-29,Pune,Intake,8,8,32,17.798,2.2248,0,0,0.0,0.0
2025-10-29,Pune,Support,2,2,5,5.437,2.7185,0,0,0.0,0.0
2025-10-29,Pune,Verification,17,14,45,67.279,4.8056,0,1,0.0,0.0714
2025-10-30,Bengaluru,Fulfillment,8,8,26,133.415,16.6769,0,2,0.0,0.25
2025-10-30,Bengaluru,Intake,9,9,33,20.18,2.2422,0,1,0.0,0.1111
2025-10-30,Bengaluru,Support,2,2,9,7.874,3.937,0,0,0.0,0.0
2025-10-30,Bengaluru,Verification,6,6,20,30.872,5.1453,0,1,0.0,0.1667
2025-10-30,Delhi,Fulfillment,9,9,39,162.393,18.0437,0,2,0.0,0.2222
2025-10-30,Delhi,Intake,10,10,43,21.59,2.159,0,1,0.0,0.1
2025-10-30,Delhi,Support,7,6,27,16.739,2.7898,0,0,0.0,0.0
2025-10-30,Delhi,Verification,11,11,40,87.271,7.9337,1,5,0.0909,0.4545
2025-10-30,Mumbai,Fulfillment,15,15,58,200.528,13.3685,0,1,0.0,0.0667
2025-10-30,Mumbai,Intake,14,13,43,32.869,2.5284,0,1,0.0,0.0769
2025-10-30,Mumbai,Support,3,3,11,10.767,3.589,0,0,0.0,0.0
2025-10-30,Mumbai,Verification,12,11,49,66.622,6.0565,0,3,0.0,0.2727
2025-10-30,Pune,Fulfillment,15,14,63,205.322,14.6659,2,1,0.1429,0.0714
2025-10-30,Pune,Intake,10,9,43,20.098,2.2331,0,1,0.0,0.1111
2025-10-30,Pune,Support,4,4,15,8.856,2.214,0,0,0.0,0.0
2025-10-30,Pune,Verification,10,9,35,41.966,4.6629,0,1,0.0,0.1111
2025-10-31,Bengaluru,Fulfillment,11,9,31,141.07,15.6744,0,1,0.0,0.1111
2025-10-31,Bengaluru,Intake,7,7,25,16.697,2.3853,1,0,0.1429,0.0
2025-10-31,Bengaluru,Support,4,4,17,20.054,5.0135,0,1,0.0,0.25
2025-10-31,Bengaluru,Verification,4,4,24,25.242,6.3105,0,1,0.0,0.25
2025-10-31,Delhi,Fulfillment,13,12,61,156.468,13.039,1,1,0.0833,0.0833
2025-10-31,Delhi,Intake,2,2,5,2.55,1.275,0,0,0.0,0.0
2025-10-31,Delhi,Support,5,5,16,19.897,3.9794,0,0,0.0,0.0
2025-10-31,Delhi,Verification,11,11,43,104.329,9.4845,0,6,0.0,0.5455
2025-10-31,Mumbai,Fulfillment,11,11,41,125.784,11.4349,0,0,0.0,0.0
2025-10-31,Mumbai,Intake,11,10,35,18.393,1.8393,0,1,0.0,0.1
2025-10-31,Mumbai,Support,3,3,11,11.745,3.915,0,0,0.0,0.0
2025-10-31,Mumbai,Verification,11,10,45,57.598,5.7598,0,2,0.0,0.2
2025-10-31,Pune,Fulfillment,8,8,37,91.526,11.4408,0,0,0.0,0.0
2025-10-31,Pune,Intake,6,6,21,13.494,2.249,1,1,0.1667,0.1667
2025-10-31,Pune,Support,1,1,2,2.866,2.866,0,0,0.0,0.0
2025-10-31,Pune,Verification,12,7,35,29.913,4.2733,0,1,0.0,0.1429
2025-11-01,Bengaluru,Fulfillment,3,2,6,32.4,16.2,0,0,0.0,0.0
2025-11-01,Bengaluru,Intake,8,7,33,12.287,1.7553,0,0,0.0,0.0
2025-11-01,Bengaluru,Support,3,2,7,8.329,4.1645,0,0,0.0,0.0
2025-11-01,Bengaluru,Verification,7,7,29,26.795,3.8279,0,0,0.0,0.0
2025-11-01,Delhi,Fulfillment,5,5,25,69.774,13.9548,0,0,0.0,0.0
2025-11-01,Delhi,Intake,8,8,39,13.949,1.7436,0,0,0.0,0.0
2025-11-01,Delhi,Support,1,1,1,1.398,1.398,0,0,0.0,0.0
2025-11-01,Delhi,Verification,5,3,12,18.115,6.0383,0,0,0.0,0.0
2025-11-01,Mumbai,Fulfillment,6,6,25,87.644,14.6073,0,1,0.0,0.1667
2025-11-01,Mumbai,Intake,10,10,33,19.163,1.9163,1,0,0.1,0.0
2025-11-01,Mumbai,Support,2,2,9,14.667,7.3335,0,1,0.0,0.5
2025-11-01,Mumbai,Verification,9,7,25,35.194,5.0277,0,1,0.0,0.1429
2025-11-01,Pune,Fulfillment,3,3,11,40.406,13.4687,0,0,0.0,0.0
2025-11-01,Pune,Intake,4,3,11,6.867,2.289,0,0,0.0,0.0
2025-11-01,Pune,Support,2,2,11,6.445,3.2225,0,0,0.0,0.0
2025-11-01,Pune,Verification,4,3,16,15.43,5.1433,0,0,0.0,0.0
2025-11-02,Bengaluru,Fulfillment,3,3,17,31.45,10.4833,0,0,0.0,0.0
2025-11-02,Bengaluru,Intake,6,6,20,14.66,2.4433,0,0,0.0,0.0
2025-11-02,Bengaluru,Support,2,2,11,3.383,1.6915,0,0,0.0,0.0
2025-11-02,Bengaluru,Verification,3,3,13,10.079,3.3597,0,0,0.0,0.0
2025-11-02,Delhi,Fulfillment,7,7,29,67.361,9.623,0,0,0.0,0.0
2025-11-02,Delhi,Intake,3,3,14,8.417,2.8057,0,0,0.0,0.0
2025-11-02,Delhi,Support,1,1,5,4.55,4.55,0,0,0.0,0.0
2025-11-02,Delhi,Verification,5,5,15,40.074,8.0148,1,3,0.2,0.6
2025-11-02,Mumbai,Fulfillment,10,9,32,154.469,17.1632,0,2,0.0,0.2222
2025-11-02,Mumbai,Intake,7,5,19,8.029,1.6058,1,0,0.2,0.0
2025-11-02,Mumbai,Support,1,1,4,2.183,2.183,0,0,0.0,0.0
2025-11-02,Mumbai,Verification,6,6,26,22.082,3.6803,0,0,0.0,0.0
2025-11-02,Pune,Fulfillment,7,7,31,85.746,12.2494,1,0,0.1429,0.0
2025-11-02,Pune,Intake,5,5,20,13.109,2.6218,0,1,0.0,0.2
2025-11-02,Pune,Support,2,2,12,3.853,1.9265,0,0,0.0,0.0
2025-11-02,Pune,Verification,4,4,19,17.132,4.283,0,1,0.0,0.25
2025-11-03,Bengaluru,Fulfillment,13,13,58,230.326,17.7174,0,3,0.0,0.2308
2025-11-03,Bengaluru,Intake,7,7,31,18.809,2.687,0,0,0.0,0.0
2025-11-03,Bengaluru,Support,4,3,16,13.036,4.3453,0,1,0.0,0.3333
2025-11-03,Bengaluru,Verification,11,11,42,67.055,6.0959,1,3,0.0909,0.2727
2025-11-03,Delhi,Fulfillment,12,12,51,220.338,18.3615,2,2,0.1667,0.1667
2025-11-03,Delhi,Intake,17,17,63,34.444,2.0261,1,1,0.0588,0.0588
2025-11-03,Delhi,Support,6,5,15,29.251,5.8502,0,3,0.0,0.6
2025-11-03,Delhi,Verification,11,11,41,92.209,8.3826,1,6,0.0909,0.5455
2025-11-03,Mumbai,Fulfillment,13,13,57,244.782,18.8294,1,3,0.0769,0.2308
2025-11-03,Mumbai,Intake,21,21,83,55.36,2.6362,1,1,0.0476,0.0476
2025-11-03,Mumbai,Support,6,6,22,24.413,4.0688,2,1,0.3333,0.1667
2025-11-03,Mumbai,Verification,23,23,95,125.018,5.4356,0,4,0.0,0.1739
2025-11-03,Pune,Fulfillment,7,7,27,115.003,16.429,0,1,0.0,0.1429
2025-11-03,Pune,Intake,12,11,49,30.696,2.7905,1,2,0.0909,0.1818
2025-11-03,Pune,Support,2,2,4,4.5,2.25,0,0,0.0,0.0
2025-11-03,Pune,Verification,10,10,44,47.028,4.7028,1,0,0.1,0.0
2025-11-04,Bengaluru,Fulfillment,9,8,23,99.134,12.3918,1,0,0.125,0.0
2025-11-04,Bengaluru,Intake,9,9,33,17.173,1.9081,0,0,0.0,0.0
2025-11-04,Bengaluru,Support,3,2,6,8.339,4.1695,0,0,0.0,0.0
2025-11-04,Bengaluru,Verification,10,9,44,46.523,5.1692,0,2,0.0,0.2222
2025-11-04,Delhi,Fulfillment,8,8,31,119.247,14.9059,1,1,0.125,0.125
2025-11-04,Delhi,Intake,11,11,45,21.528,1.9571,0,0,0.0,0.0
2025-11-04,Delhi,Support,6,6,18,21.546,3.591,0,0,0.0,0.0
2025-11-04,Delhi,Verification,9,9,35,84.623,9.4026,0,5,0.0,0.5556
2025-11-04,Mumbai,Fulfillment,19,18,62,252.382,14.0212,1,0,0.0556,0.0
2025-11-04,Mumbai,Intake,13,13,44,33.995,2.615,0,2,0.0,0.1538
2025-11-04,Mumbai,Support,2,2,8,8.417,4.2085,0,0,0.0,0.0
2025-11-04,Mumbai,Verification,16,16,65,76.629,4.7893,0,1,0.0,0.0625
2025-11-04,Pune,Fulfillment,9,8,30,94.625,11.8281,0,0,0.0,0.0
2025-11-04,Pune,Intake,6,6,17,13.171,2.1952,0,1,0.0,0.1667
2025-11-04,Pune,Support,3,2,5,4.067,2.0335,0,0,0.0,0.0
2025-11-04,Pune,Verification,7,7,33,34.024,4.8606,0,1,0.0,0.1429
2025-11-05,Bengaluru,Fulfillment,7,7,27,104.591,14.9416,0,0,0.0,0.0
2025-11-05,Bengaluru,Intake,6,5,18,10.227,2.0454,0,1,0.0,0.2
2025-11-05,Bengaluru,Support,2,2,11,9.165,4.5825,0,1,0.0,0.5
2025-11-05,Bengaluru,Verification,8,8,29,45.4,5.675,0,1,0.0,0.125
2025-11-05,Delhi,Fulfillment,13,12,45,177.075,14.7562,0,2,0.0,0.1667
2025-11-05,Delhi,Intake,9,9,39,12.878,1.4309,1,0,0.1111,0.0
2025-11-05,Delhi,Support,3,3,9,10.891,3.6303,0,0,0.0,0.0
2025-11-05,Delhi,Verification,14,14,57,92.37,6.5979,0,3,0.0,0.2143
2025-11-05,Mumbai,Fulfillment,9,9,33,164.552,18.2836,0,2,0.0,0.2222
2025-11-05,Mumbai,Intake,16,15,73,33.676,2.2451,0,1,0.0,0.0667
2025-11-05,Mumbai,Support,3,3,15,8.971,2.9903,0,0,0.0,0.0
2025-11-05,Mumbai,Verification,11,11,37,63.299,5.7545,0,2,0.0,0.1818
2025-11-05,Pune,Fulfillment,6,5,24,66.246,13.2492,0,0,0.0,0.0
2025-11-05,Pune,Intake,4,3,7,5.278,1.7593,0,0,0.0,0.0
2025-11-05,Pune,Support,3,3,12,14.431,4.8103,0,1,0.0,0.3333
2025-11-05,Pune,Verification,5,5,17,24.288,4.8576,0,1,0.0,0.2
2025-11-06,Bengaluru,Fulfillment,3,2,2,31.003,15.5015,0,0,0.0,0.0
2025-11-06,Bengaluru,Intake,6,6,31,15.211,2.5352,0,1,0.0,0.1667
2025-11-06,Bengaluru,Support,3,3,8,10.207,3.4023,1,0,0.3333,0.0
2025-11-06,Bengaluru,Verification,9,9,30,57.248,6.3609,0,3,0.0,0.3333
2025-11-06,Delhi,Fulfillment,10,9,37,124.633,13.8481,0,0,0.0,0.0
2025-11-06,Delhi,Intake,14,13,44,23.88,1.8369,0,0,0.0,0.0
2025-11-06,Delhi,Support,1,1,3,3.05,3.05,0,0,0.0,0.0
2025-11-06,Delhi,Verification,11,11,43,63.292,5.7538,0,2,0.0,0.1818
2025-11-06,Mumbai,Fulfillment,12,11,49,128.233,11.6575,0,0,0.0,0.0
2025-11-06,Mumbai,Intake,20,17,79,35.856,2.1092,1,1,0.0588,0.0588
2025-11-06,Mumbai,Support,3,3,12,10.428,3.476,0,0,0.0,0.0
2025-11-06,Mumbai,Verification,17,15,56,52.871,3.5247,2,0,0.1333,0.0
2025-11-06,Pune,Fulfillment,13,12,49,160.003,13.3336,2,0,0.1667,0.0
2025-11-06,Pune,Intake,7,7,30,13.96,1.9943,2,0,0.2857,0.0
2025-11-06,Pune,Support,2,2,11,4.101,2.0505,0,0,0.0,0.0
2025-11-06,Pune,Verification,3,3,12,11.382,3.794,0,0,0.0,0.0
2025-11-07,Bengaluru,Fulfillment,13,12,53,130.744,10.8953,0,0,0.0,0.0
2025-11-07,Bengaluru,Intake,7,7,28,11.103,1.5861,0,0,0.0,0.0
2025-11-07,Bengaluru,Support,2,2,7,9.218,4.609,0,1,0.0,0.5
2025-11-07,Bengaluru,Verification,10,10,33,50.675,5.0675,0,0,0.0,0.0
2025-11-07,Delhi,Fulfillment,4,4,28,57.706,14.4265,0,0,0.0,0.0
2025-11-07,Delhi,Intake,9,9,35,19.129,2.1254,2,0,0.2222,0.0
2025-11-07,Delhi,Support,6,6,17,24.366,4.061,0,1,0.0,0.1667
2025-11-07,Delhi,Verification,9,9,37,82.695,9.1883,0,4,0.0,0.4444
2025-11-07,Mumbai,Fulfillment,12,10,40,170.663,17.0663,0,3,0.0,0.3
2025-11-07,Mumbai,Intake,20,19,88,29.957,1.5767,0,0,0.0,0.0
2025-11-07,Mumbai,Support,2,2,12,4.116,2.058,0,0,0.0,0.0
2025-11-07,Mumbai,Verification,17,17,65,95.184,5.5991,1,4,0.0588,0.2353
2025-11-07,Pune,Fulfillment,5,5,18,60.741,12.1482,1,0,0.2,0.0
2025-11-07,Pune,Intake,7,6,27,12.55,2.0917,0,0,0.0,0.0
2025-11-07,Pune,Support,2,1,5,6.199,6.199,0,1,0.0,1.0
2025-11-07,Pune,Verification,11,10,51,40.83,4.083,0,0,0.0,0.0
2025-11-08,Bengaluru,Fulfillment,3,3,15,33.079,11.0263,0,0,0.0,0.0
2025-11-08,Bengaluru,Intake,5,5,23,14.157,2.8314,0,1,0.0,0.2
2025-11-08,Bengaluru,Support,3,3,11,7.146,2.382,0,0,0.0,0.0
2025-11-08,Bengaluru,Verification,5,4,19,18.136,4.534,0,0,0.0,0.0
2025-11-08,Delhi,Fulfillment,7,7,19,99.392,14.1989,0,1,0.0,0.1429
2025-11-08,Delhi,Intake,11,9,26,12.924,1.436,0,0,0.0,0.0
2025-11-08,Delhi,Support,4,4,19,11.944,2.986,0,0,0.0,0.0
2025-11-08,Delhi,Verification,13,13,58,104.988,8.076,0,6,0.0,0.4615
2025-11-08,Mumbai,Fulfillment,9,9,39,111.023,12.3359,0,1,0.0,0.1111
2025-11-08,Mumbai,Intake,13,13,47,21.96,1.6892,0,0,0.0,0.0
2025-11-08,Mumbai,Support,2,2,7,5.822,2.911,0,0,0.0,0.0
2025-11-08,Mumbai,Verification,8,8,28,34.481,4.3101,2,1,0.25,0.125
2025-11-08,Pune,Fulfillment,2,2,10,28.079,14.0395,0,0,0.0,0.0
2025-11-08,Pune,Intake,3,3,15,8.1,2.7,0,0,0.0,0.0
2025-11-08,Pune,Support,3,3,13,7.167,2.389,0,0,0.0,0.0
2025-11-08,Pune,Verification,9,8,32,36.5,4.5625,0,0,0.0,0.0
2025-11-09,Bengaluru,Fulfillment,4,4,8,55.784,13.946,1,0,0.25,0.0
2025-11-09,Bengaluru,Intake,8,7,27,13.323,1.9033,0,0,0.0,0.0
2025-11-09,Bengaluru,Support,2,1,5,3.067,3.067,0,0,0.0,0.0
2025-11-09,Bengaluru,Verification,3,3,11,12.679,4.2263,0,0,0.0,0.0
2025-11-09,Delhi,Fulfillment,6,5,21,63.022,12.6044,0,0,0.0,0.0
2025-11-09,Delhi,Intake,7,6,25,14.299,2.3832,0,1,0.0,0.1667
2025-11-09,Delhi,Verification,11,10,41,71.193,7.1193,0,2,0.0,0.2
2025-11-09,Mumbai,Fulfillment,8,8,34,146.218,18.2772,0,2,0.0,0.25
2025-11-09,Mumbai,Intake,8,7,18,12.685,1.8121,0,0,0.0,0.0
2025-11-09,Mumbai,Support,2,2,8,5.198,2.599,0,0,0.0,0.0
2025-11-09,Mumbai,Verification,8,8,25,44.331,5.5414,0,1,0.0,0.125
2025-11-09,Pune,Fulfillment,1,1,3,15.445,15.445,0,0,0.0,0.0
2025-11-09,Pune,Intake,2,2,12,4.476,2.238,0,0,0.0,0.0
2025-11-09,Pune,Support,1,1,4,3.089,3.089,0,0,0.0,0.0
2025-11-09,Pune,Verification,3,3,16,9.066,3.022,0,0,0.0,0.0
2025-11-10,Bengaluru,Fulfillment,7,7,32,120.607,17.2296,0,0,0.0,0.0
2025-11-10,Bengaluru,Intake,10,10,46,21.491,2.1491,1,0,0.1,0.0
2025-11-10,Bengaluru,Support,4,4,15,12.76,3.19,0,0,0.0,0.0
2025-11-10,Bengaluru,Verification,14,12,56,74.933,6.2444,0,5,0.0,0.4167
2025-11-10,Delhi,Fulfillment,9,6,19,102.019,17.0032,0,0,0.0,0.0
2025-11-10,Delhi,Intake,10,10,36,25.968,2.5968,0,1,0.0,0.1
2025-11-10,Delhi,Support,1,1,6,5.667,5.667,0,0,0.0,0.0
2025-11-10,Delhi,Verification,15,15,61,149.494,9.9663,0,9,0.0,0.6
2025-11-10,Mumbai,Fulfillment,19,18,73,324.781,18.0434,2,3,0.1111,0.1667
2025-11-10,Mumbai,Intake,22,21,72,58.036,2.7636,0,1,0.0,0.0476
2025-11-10,Mumbai,Support,9,9,37,41.85,4.65,0,2,0.0,0.2222
2025-11-10,Mumbai,Verification,16,15,61,103.829,6.9219,0,3,0.0,0.2
2025-11-10,Pune,Fulfillment,8,8,34,136.832,17.104,0,1,0.0,0.125
2025-11-10,Pune,Intake,15,14,60,35.308,2.522,1,1,0.0714,0.0714
2025-11-10,Pune,Support,4,4,15,15.807,3.9518,0,1,0.0,0.25
2025-11-10,Pune,Verification,12,12,52,55.511,4.6259,0,1,0.0,0.0833
2025-11-11,Bengaluru,Fulfillment,10,10,41,130.607,13.0607,1,0,0.1,0.0
2025-11-11,Bengaluru,Intake,16,16,58,35.224,2.2015,2,1,0.125,0.0625
2025-11-11,Bengaluru,Support,3,3,9,15.538,5.1793,0,2,0.0,0.6667
2025-11-11,Bengaluru,Verification,14,14,45,80.58,5.7557,0,2,0.0,0.1429
2025-11-11,Delhi,Fulfillment,13,10,38,136.043,13.6043,0,0,0.0,0.0
2025-11-11,Delhi,Intake,12,11,43,25.091,2.281,1,1,0.0909,0.0909
2025-11-11,Delhi,Support,7,7,30,23.774,3.3963,0,0,0.0,0.0
2025-11-11,Delhi,Verification,16,16,69,142.573,8.9108,1,9,0.0625,0.5625
2025-11-11,Mumbai,Fulfillment,17,17,82,299.937,17.6434,2,3,0.1176,0.1765
2025-11-11,Mumbai,Intake,14,14,57,26.497,1.8926,0,0,0.0,0.0
2025-11-11,Mumbai,Support,4,4,12,13.128,3.282,0,0,0.0,0.0
2025-11-11,Mumbai,Verification,13,12,49,65.365,5.4471,1,0,0.0833,0.0
2025-11-11,Pune,Fulfillment,14,13,47,165.097,12.6998,0,0,0.0,0.0
2025-11-11,Pune,Intake,9,9,45,17.148,1.9053,1,0,0.1111,0.0
2025-11-11,Pune,Support,3,3,14,9.04,3.0133,0,0,0.0,0.0
2025-11-11,Pune,Verification,9,9,30,46.592,5.1769,0,1,0.0,0.1111
2025-11-12,Bengaluru,Fulfillment,8,8,27,95.356,11.9195,0,0,0.0,0.0
2025-11-12,Bengaluru,Intake,4,4,14,4.906,1.2265,0,0,0.0,0.0
2025-11-12,Bengaluru,Support,1,1,9,2.483,2.483,0,0,0.0,0.0
2025-11-12,Bengaluru,Verification,8,6,24,26.689,4.4482,0,1,0.0,0.1667
2025-11-12,Delhi,Fulfillment,8,8,38,86.221,10.7776,0,0,0.0,0.0
2025-11-12,Delhi,Intake,14,13,48,31.18,2.3985,1,2,0.0769,0.1538
2025-11-12,Delhi,Support,4,4,18,20.089,5.0222,0,2,0.0,0.5
2025-11-12,Delhi,Verification,12,11,45,85.217,7.747,0,3,0.0,0.2727
2025-11-12,Mumbai,Fulfillment,13,13,51,196.398,15.1075,0,2,0.0,0.1538
2025-11-12,Mumbai,Intake,14,14,57,32.397,2.3141,0,1,0.0,0.0714
2025-11-12,Mumbai,Support,9,9,34,31.239,3.471,0,0,0.0,0.0
2025-11-12,Mumbai,Verification,17,17,68,81.68,4.8047,0,1,0.0,0.0588
2025-11-12,Pune,Fulfillment,9,9,26,89.148,9.9053,0,0,0.0,0.0
2025-11-12,Pune,Intake,5,5,17,6.303,1.2606,1,0,0.2,0.0
2025-11-12,Pune,Support,7,6,35,21.689,3.6148,0,1,0.0,0.1667
2025-11-12,Pune,Verification,4,4,20,19.262,4.8155,0,0,0.0,0.0
2025-11-13,Bengaluru,Fulfillment,7,5,22,77.159,15.4318,0,1,0.0,0.2
2025-11-13,Bengaluru,Intake,5,5,14,12.105,2.421,0,1,0.0,0.2
2025-11-13,Bengaluru,Support,1,1,10,1.092,1.092,0,0,0.0,0.0
2025-11-13,Bengaluru,Verification,11,11,43,60.62,5.5109,0,2,0.0,0.1818
2025-11-13,Delhi,Fulfillment,12,11,44,153.282,13.9347,0,1,0.0,0.0909
2025-11-13,Delhi,Intake,12,11,40,22.643,2.0585,0,1,0.0,0.0909
2025-11-13,Delhi,Support,3,3,14,7.327,2.4423,0,0,0.0,0.0
2025-11-13,Delhi,Verification,15,15,47,114.734,7.6489,1,4,0.0667,0.2667
2025-11-13,Mumbai,Fulfillment,15,15,58,244.286,16.2857,1,2,0.0667,0.1333
2025-11-13,Mumbai,Intake,16,16,49,31.764,1.9852,0,1,0.0,0.0625
2025-11-13,Mumbai,Support,3,3,11,14.3,4.7667,0,0,0.0,0.0
2025-11-13,Mumbai,Verification,12,9,38,51.402,5.7113,0,1,0.0,0.1111
2025-11-13,Pune,Fulfillment,10,9,35,124.835,13.8706,0,1,0.0,0.1111
2025-11-13,Pune,Intake,9,7,29,11.744,1.6777,0,0,0.0,0.0
2025-11-13,Pune,Support,1,1,3,3.383,3.383,0,0,0.0,0.0
2025-11-13,Pune,Verification,5,5,23,29.938,5.9876,1,2,0.2,0.4
2025-11-14,Bengaluru,Fulfillment,7,7,26,102.113,14.5876,0,1,0.0,0.1429
2025-11-14,Bengaluru,Intake,19,19,83,46.033,2.4228,0,2,0.0,0.1053
2025-11-14,Bengaluru,Support,2,2,13,7.386,3.693,1,0,0.5,0.0
2025-11-14,Bengaluru,Verification,11,11,43,57.785,5.2532,0,2,0.0,0.1818
2025-11-14,Delhi,Fulfillment,6,5,20,73.052,14.6104,0,1,0.0,0.2
2025-11-14,Delhi,Intake,10,10,42,27.129,2.7129,0,2,0.0,0.2
2025-11-14,Delhi,Support,5,5,21,22.122,4.4244,0,2,0.0,0.4
2025-11-14,Delhi,Verification,10,10,33,84.155,8.4155,0,5,0.0,0.5
2025-11-14,Mumbai,Fulfillment,15,14,47,215.223,15.3731,1,2,0.0714,0.1429
2025-11-14,Mumbai,Intake,15,15,57,30.449,2.0299,0,0,0.0,0.0
2025-11-14,Mumbai,Support,6,6,29,15.066,2.511,0,0,0.0,0.0
2025-11-14,Mumbai,Verification,15,15,52,69.494,4.6329,0,2,0.0,0.1333
2025-11-14,Pune,Fulfillment,11,11,38,142.55,12.9591,0,1,0.0,0.0909
2025-11-14,Pune,Intake,6,6,26,11.908,1.9847,0,0,0.0,0.0
2025-11-14,Pune,Support,2,2,7,5.173,2.5865,0,0,0.0,0.0
2025-11-14,Pune,Verification,7,7,21,33.978,4.854,0,0,0.0,0.0
2025-11-15,Bengaluru,Fulfillment,5,5,25,63.201,12.6402,0,0,0.0,0.0
2025-11-15,Bengaluru,Intake,6,6,23,8.922,1.487,0,0,0.0,0.0
2025-11-15,Bengaluru,Support,2,2,6,5.02,2.51,0,0,0.0,0.0
2025-11-15,Bengaluru,Verification,4,4,16,21.973,5.4932,0,1,0.0,0.25
2025-11-15,Delhi,Fulfillment,6,6,24,105.843,17.6405,0,1,0.0,0.1667
2025-11-15,Delhi,Intake,5,5,19,12.25,2.45,0,1,0.0,0.2
2025-11-15,Delhi,Support,1,1,5,3.909,3.909,0,0,0.0,0.0
2025-11-15,Delhi,Verification,5,4,14,31.195,7.7988,0,2,0.0,0.5
2025-11-15,Mumbai,Fulfillment,8,8,41,99.404,12.4255,0,0,0.0,0.0
2025-11-15,Mumbai,Intake,10,10,37,15.997,1.5997,0,0,0.0,0.0
2025-11-15,Mumbai,Support,4,4,21,10.334,2.5835,0,0,0.0,0.0
2025-11-15,Mumbai,Verification,10,10,41,48.563,4.8563,0,1,0.0,0.1
2025-11-15,Pune,Fulfillment,4,4,11,35.0,8.75,1,0,0.25,0.0
2025-11-15,Pune,Intake,7,7,23,12.691,1.813,0,1,0.0,0.1429
2025-11-15,Pune,Support,2,2,7,6.662,3.331,0,0,0.0,0.0
2025-11-15,Pune,Verification,3,3,11,18.382,6.1273,0,1,0.0,0.3333
2025-11-16,Bengaluru,Fulfillment,3,3,9,37.19,12.3967,0,0,0.0,0.0
2025-11-16,Bengaluru,Intake,2,1,1,1.821,1.821,0,0,0.0,0.0
2025-11-16,Bengaluru,Support,2,2,9,6.282,3.141,0,0,0.0,0.0
2025-11-16,Bengaluru,Verification,2,1,4,9.0,9.0,0,1,0.0,1.0
2025-11-16,Delhi,Fulfillment,3,3,13,42.157,14.0523,0,0,0.0,0.0
2025-11-16,Delhi,Support,2,2,8,5.479,2.7395,0,0,0.0,0.0
2025-11-16,Delhi,Verification,5,5,17,38.77,7.754,0,2,0.0,0.4
2025-11-16,Mumbai,Fulfillment,6,5,25,77.615,15.523,0,0,0.0,0.0
2025-11-16,Mumbai,Intake,10,10,42,21.237,2.1237,0,1,0.0,0.1
2025-11-16,Mumbai,Support,2,2,6,4.856,2.428,0,0,0.0,0.0
2025-11-16,Mumbai,Verification,3,3,9,13.054,4.3513,0,0,0.0,0.0
2025-11-16,Pune,Fulfillment,2,2,9,26.066,13.033,0,0,0.0,0.0
2025-11-16,Pune,Intake,6,5,23,11.723,2.3446,0,0,0.0,0.0
2025-11-16,Pune,Support,1,1,4,4.667,4.667,0,0,0.0,0.0
2025-11-16,Pune,Verification,3,3,11,15.608,5.2027,0,0,0.0,0.0
2025-11-17,Bengaluru,Fulfillment,16,16,54,222.843,13.9277,0,0,0.0,0.0
2025-11-17,Bengaluru,Intake,13,12,49,32.11,2.6758,1,0,0.0833,0.0
2025-11-17,Bengaluru,Support,4,3,11,11.924,3.9747,0,0,0.0,0.0
2025-11-17,Bengaluru,Verification,14,12,54,85.211,7.1009,0,5,0.0,0.4167
2025-11-17,Delhi,Fulfillment,11,9,35,155.659,17.2954,0,1,0.0,0.1111
2025-11-17,Delhi,Intake,13,13,46,33.875,2.6058,0,0,0.0,0.0
2025-11-17,Delhi,Support,4,4,17,18.095,4.5238,0,1,0.0,0.25
2025-11-17,Delhi,Verification,21,20,74,196.86,9.843,1,11,0.05,0.55
2025-11-17,Mumbai,Fulfillment,21,19,71,361.695,19.0366,0,5,0.0,0.2632
2025-11-17,Mumbai,Intake,15,15,64,44.201,2.9467,1,2,0.0667,0.1333
2025-11-17,Mumbai,Support,4,4,16,11.707,2.9268,0,0,0.0,0.0
2025-11-17,Mumbai,Verification,21,21,85,126.136,6.0065,0,4,0.0,0.1905
2025-11-17,Pune,Fulfillment,11,11,54,153.087,13.917,1,1,0.0909,0.0909
2025-11-17,Pune,Intake,7,7,25,13.824,1.9749,0,0,0.0,0.0
2025-11-17,Pune,Support,5,4,21,15.432,3.858,1,1,0.25,0.25
2025-11-17,Pune,Verification,9,9,43,49.549,5.5054,0,1,0.0,0.1111
2025-11-18,Bengaluru,Fulfillment,7,7,30,148.066,21.1523,1,2,0.1429,0.2857
2025-11-18,Bengaluru,Intake,5,5,22,9.944,1.9888,0,1,0.0,0.2
2025-11-18,Bengaluru,Support,3,3,11,8.335,2.7783,0,0,0.0,0.0
2025-11-18,Bengaluru,Verification,7,7,30,38.784,5.5406,0,1,0.0,0.1429
2025-11-18,Delhi,Fulfillment,9,9,39,114.747,12.7497,0,1,0.0,0.1111
2025-11-18,Delhi,Intake,13,13,53,24.25,1.8654,2,0,0.1538,0.0
2025-11-18,Delhi,Support,3,3,12,11.153,3.7177,0,0,0.0,0.0
2025-11-18,Delhi,Verification,13,13,62,110.096,8.4689,2,6,0.1538,0.4615
2025-11-18,Mumbai,Fulfillment,14,14,59,167.102,11.9359,0,0,0.0,0.0
2025-11-18,Mumbai,Intake,16,16,58,38.928,2.433,1,1,0.0625,0.0625
2025-11-18,Mumbai,Support,4,4,20,12.296,3.074,0,0,0.0,0.0
2025-11-18,Mumbai,Verification,14,14,57,64.103,4.5788,0,1,0.0,0.0714
2025-11-18,Pune,Fulfillment,8,8,34,115.849,14.4811,0,0,0.0,0.0
2025-11-18,Pune,Intake,5,5,16,8.457,1.6914,0,0,0.0,0.0
2025-11-18,Pune,Support,5,5,25,15.442,3.0884,0,0,0.0,0.0
2025-11-18,Pune,Verification,7,7,25,43.473,6.2104,0,1,0.0,0.1429
2025-11-19,Bengaluru,Fulfillment,9,9,40,143.576,15.9529,0,1,0.0,0.1111
2025-11-19,Bengaluru,Intake,16,16,56,32.872,2.0545,2,1,0.125,0.0625
2025-11-19,Bengaluru,Support,1,0,0,0.0,,0,0,,
2025-11-19,Bengaluru,Verification,9,9,36,46.279,5.1421,1,2,0.1111,0.2222
2025-11-19,Delhi,Fulfillment,13,13,54,190.642,14.6648,0,1,0.0,0.0769
2025-11-19,Delhi,Intake,12,11,44,21.85,1.9864,1,1,0.0909,0.0909
2025-11-19,Delhi,Support,3,3,7,9.55,3.1833,0,0,0.0,0.0
2025-11-19,Delhi,Verification,18,17,60,160.068,9.4158,1,11,0.0588,0.6471
2025-11-19,Mumbai,Fulfillment,12,12,49,163.744,13.6453,1,0,0.0833,0.0
2025-11-19,Mumbai,Intake,22,21,88,43.39,2.0662,0,1,0.0,0.0476
2025-11-19,Mumbai,Support,5,5,15,15.644,3.1288,1,0,0.2,0.0
2025-11-19,Mumbai,Verification,13,13,59,71.18,5.4754,0,2,0.0,0.1538
2025-11-19,Pune,Fulfillment,16,15,54,212.767,14.1845,0,3,0.0,0.2
2025-11-19,Pune,Intake,11,11,53,22.841,2.0765,0,0,0.0,0.0
2025-11-19,Pune,Support,1,1,2,4.95,4.95,1,0,1.0,0.0
2025-11-19,Pune,Verification,7,5,22,34.752,6.9504,0,2,0.0,0.4
2025-11-20,Bengaluru,Fulfillment,14,13,52,172.407,13.2621,0,0,0.0,0.0
2025-11-20,Bengaluru,Intake,3,3,15,5.96,1.9867,0,0,0.0,0.0
2025-11-20,Bengaluru,Support,6,6,23,15.468,2.578,0,0,0.0,0.0
2025-11-20,Bengaluru,Verification,7,7,30,30.568,4.3669,0,0,0.0,0.0
2025-11-20,Delhi,Fulfillment,11,10,33,139.961,13.9961,0,1,0.0,0.1
2025-11-20,Delhi,Intake,10,10,42,22.033,2.2033,0,0,0.0,0.0
2025-11-20,Delhi,Support,4,4,18,10.246,2.5615,0,0,0.0,0.0
2025-11-20,Delhi,Verification,8,7,25,41.658,5.9511,0,1,0.0,0.1429
2025-11-20,Mumbai,Fulfillment,10,9,33,107.112,11.9013,0,1,0.0,0.1111
2025-11-20,Mumbai,Intake,15,14,50,25.937,1.8526,0,0,0.0,0.0
2025-11-20,Mumbai,Support,6,6,25,18.87,3.145,0,1,0.0,0.1667
2025-11-20,Mumbai,Verification,12,11,50,60.118,5.4653,0,2,0.0,0.1818
2025-11-20,Pune,Fulfillment,9,8,37,109.47,13.6838,0,0,0.0,0.0
2025-11-20,Pune,Intake,7,6,29,9.004,1.5007,0,0,0.0,0.0
2025-11-20,Pune,Support,2,2,8,10.347,5.1735,0,0,0.0,0.0
2025-11-20,Pune,Verification,9,9,39,40.413,4.4903,0,1,0.0,0.1111
2025-11-21,Bengaluru,Fulfillment,5,4,14,54.084,13.521,0,1,0.0,0.25
2025-11-21,Bengaluru,Intake,6,6,26,11.204,1.8673,0,0,0.0,0.0
2025-11-21,Bengaluru,Support,2,2,6,6.766,3.383,0,0,0.0,0.0
2025-11-21,Bengaluru,Verification,11,11,47,70.765,6.4332,0,3,0.0,0.2727
2025-11-21,Delhi,Fulfillment,8,8,33,99.219,12.4024,0,0,0.0,0.0
2025-11-21,Delhi,Intake,5,4,13,6.815,1.7038,0,0,0.0,0.0
2025-11-21,Delhi,Support,3,2,7,9.65,4.825,0,0,0.0,0.0
2025-11-21,Delhi,Verification,6,6,23,45.792,7.632,1,2,0.1667,0.3333
2025-11-21,Mumbai,Fulfillment,12,12,51,150.569,12.5474,0,0,0.0,0.0
2025-11-21,Mumbai,Intake,10,10,30,15.227,1.5227,1,0,0.1,0.0
2025-11-21,Mumbai,Support,1,1,4,2.868,2.868,0,0,0.0,0.0
2025-11-21,Mumbai,Verification,20,19,87,97.466,5.1298,0,2,0.0,0.1053
2025-11-21,Pune,Fulfillment,9,8,35,108.227,13.5284,1,1,0.125,0.125
2025-11-21,Pune,Intake,7,7,32,12.441,1.7773,0,0,0.0,0.0
2025-11-21,Pune,Support,7,7,25,17.896,2.5566,0,0,0.0,0.0
2025-11-21,Pune,Verification,11,11,48,41.398,3.7635,0,0,0.0,0.0
2025-11-22,Bengaluru,Fulfillment,2,2,9,39.975,19.9875,0,0,0.0,0.0
2025-11-22,Bengaluru,Intake,3,2,6,2.318,1.159,0,0,0.0,0.0
2025-11-22,Bengaluru,Support,1,1,8,3.858,3.858,0,0,0.0,0.0
2025-11-22,Bengaluru,Verification,7,7,30,34.461,4.923,0,0,0.0,0.0
2025-11-22,Delhi,Fulfillment,8,8,26,82.533,10.3166,1,0,0.125,0.0
2025-11-22,Delhi,Intake,9,9,36,17.764,1.9738,0,0,0.0,0.0
2025-11-22,Delhi,Support,5,4,16,11.418,2.8545,0,0,0.0,0.0
2025-11-22,Delhi,Verification,4,4,12,28.592,7.148,0,1,0.0,0.25
2025-11-22,Mumbai,Fulfillment,5,4,12,48.949,12.2372,0,0,0.0,0.0
2025-11-22,Mumbai,Intake,15,14,53,26.421,1.8872,1,0,0.0714,0.0
2025-11-22,Mumbai,Support,2,2,11,7.837,3.9185,0,0,0.0,0.0
2025-11-22,Mumbai,Verification,4,4,21,29.067,7.2668,0,1,0.0,0.25
2025-11-22,Pune,Fulfillment,5,5,25,95.471,19.0942,0,2,0.0,0.4
2025-11-22,Pune,Intake,8,8,33,13.016,1.627,0,0,0.0,0.0
2025-11-22,Pune,Verification,2,2,7,8.538,4.269,1,0,0.5,0.0
2025-11-23,Bengaluru,Fulfillment,5,4,13,37.612,9.403,0,0,0.0,0.0
2025-11-23,Bengaluru,Intake,5,5,18,12.094,2.4188,0,1,0.0,0.2
2025-11-23,Bengaluru,Support,6,6,18,21.383,3.5638,0,0,0.0,0.0
2025-11-23,Bengaluru,Verification,1,1,7,6.717,6.717,0,0,0.0,0.0
2025-11-23,Delhi,Fulfillment,6,5,15,88.679,17.7358,1,1,0.2,0.2
2025-11-23,Delhi,Intake,5,5,20,9.644,1.9288,0,0,0.0,0.0
2025-11-23,Delhi,Support,3,3,11,6.224,2.0747,0,0,0.0,0.0
2025-11-23,Delhi,Verification,5,5,21,23.656,4.7312,1,0,0.2,0.0
2025-11-23,Mumbai,Fulfillment,7,7,23,71.351,10.193,1,0,0.1429,0.0
2025-11-23,Mumbai,Intake,7,7,32,12.687,1.8124,1,1,0.1429,0.1429
2025-11-23,Mumbai,Support,2,2,9,6.281,3.1405,0,0,0.0,0.0
2025-11-23,Mumbai,Verification,7,7,25,27.133,3.8761,0,0,0.0,0.0
2025-11-23,Pune,Fulfillment,6,6,34,85.185,14.1975,0,0,0.0,0.0
2025-11-23,Pune,Intake,4,4,13,6.866,1.7165,0,0,0.0,0.0
2025-11-23,Pune,Support,2,2,9,5.363,2.6815,0,0,0.0,0.0
2025-11-23,Pune,Verification,6,5,19,18.482,3.6964,0,0,0.0,0.0
2025-11-24,Bengaluru,Fulfillment,21,20,87,346.654,17.3327,1,2,0.05,0.1
2025-11-24,Bengaluru,Intake,15,14,58,32.288,2.3063,3,0,0.2143,0.0
2025-11-24,Bengaluru,Support,3,3,16,11.904,3.968,0,0,0.0,0.0
2025-11-24,Bengaluru,Verification,11,11,37,65.879,5.989,0,2,0.0,0.1818
2025-11-24,Delhi,Fulfillment,8,8,35,116.001,14.5001,0,1,0.0,0.125
2025-11-24,Delhi,Intake,10,9,30,25.69,2.8544,0,2,0.0,0.2222
2025-11-24,Delhi,Support,9,8,29,32.708,4.0885,0,1,0.0,0.125
2025-11-24,Delhi,Verification,15,13,48,137.867,10.6052,2,8,0.1538,0.6154
2025-11-24,Mumbai,Fulfillment,17,16,53,255.23,15.9519,0,1,0.0,0.0625
2025-11-24,Mumbai,Intake,16,16,70,36.238,2.2649,1,0,0.0625,0.0
2025-11-24,Mumbai,Support,4,4,14,16.843,4.2108,1,0,0.25,0.0
2025-11-24,Mumbai,Verification,21,20,80,121.184,6.0592,3,6,0.15,0.3
2025-11-24,Pune,Fulfillment,11,11,49,185.569,16.8699,1,2,0.0909,0.1818
2025-11-24,Pune,Intake,12,12,62,30.829,2.5691,0,1,0.0,0.0833
2025-11-24,Pune,Support,5,5,18,24.849,4.9698,1,1,0.2,0.2
2025-11-24,Pune,Verification,10,10,37,63.849,6.3849,0,2,0.0,0.2
2025-11-25,Bengaluru,Fulfillment,13,13,59,226.7,17.4385,0,2,0.0,0.1538
2025-11-25,Bengaluru,Intake,11,11,49,21.852,1.9865,2,1,0.1818,0.0909
2025-11-25,Bengaluru,Support,5,5,22,21.799,4.3598,0,0,0.0,0.0
2025-11-25,Bengaluru,Verification,12,11,46,68.022,6.1838,0,2,0.0,0.1818
2025-11-25,Delhi,Fulfillment,14,14,49,187.778,13.4127,0,0,0.0,0.0
2025-11-25,Delhi,Intake,13,9,31,17.961,1.9957,1,0,0.1111,0.0
2025-11-25,Delhi,Support,5,5,19,26.128,5.2256,0,1,0.0,0.2
2025-11-25,Delhi,Verification,11,9,32,92.268,10.252,1,4,0.1111,0.4444
2025-11-25,Mumbai,Fulfillment,14,13,47,238.262,18.3278,1,3,0.0769,0.2308
2025-11-25,Mumbai,Intake,23,23,103,42.508,1.8482,2,1,0.087,0.0435
2025-11-25,Mumbai,Support,4,4,15,16.127,4.0318,1,0,0.25,0.0
2025-11-25,Mumbai,Verification,23,22,92,124.158,5.6435,0,2,0.0,0.0909
2025-11-25,Pune,Fulfillment,10,10,38,129.876,12.9876,0,0,0.0,0.0
2025-11-25,Pune,Intake,11,11,50,18.384,1.6713,2,0,0.1818,0.0
2025-11-25,Pune,Verification,5,3,10,18.033,6.011,0,1,0.0,0.3333
2025-11-26,Bengaluru,Fulfillment,3,3,17,95.03,31.6767,0,1,0.0,0.3333
2025-11-26,Bengaluru,Intake,7,7,23,16.73,2.39,0,1,0.0,0.1429
2025-11-26,Bengaluru,Support,1,1,6,8.537,8.537,0,1,0.0,1.0
2025-11-26,Bengaluru,Verification,11,10,40,48.647,4.8647,1,0,0.1,0.0
2025-11-26,Delhi,Fulfillment,7,7,24,119.113,17.0161,0,1,0.0,0.1429
2025-11-26,Delhi,Intake,9,9,43,21.697,2.4108,0,1,0.0,0.1111
2025-11-26,Delhi,Support,3,3,13,4.495,1.4983,0,0,0.0,0.0
2025-11-26,Delhi,Verification,10,10,43,74.516,7.4516,1,6,0.1,0.6
2025-11-26,Mumbai,Fulfillment,11,9,41,131.167,14.5741,0,1,0.0,0.1111
2025-11-26,Mumbai,Intake,17,17,65,35.163,2.0684,0,1,0.0,0.0588
2025-11-26,Mumbai,Support,6,6,29,24.125,4.0208,0,0,0.0,0.0
2025-11-26,Mumbai,Verification,16,15,67,90.384,6.0256,0,4,0.0,0.2667
2025-11-26,Pune,Fulfillment,9,9,35,92.724,10.3027,1,0,0.1111,0.0
2025-11-26,Pune,Intake,13,12,55,21.792,1.816,1,0,0.0833,0.0
2025-11-26,Pune,Support,4,4,20,10.78,2.695,0,0,0.0,0.0
2025-11-26,Pune,Verification,11,10,38,40.547,4.0547,1,0,0.1,0.0
2025-11-27,Bengaluru,Fulfillment,6,6,23,103.01,17.1683,0,1,0.0,0.1667
2025-11-27,Bengaluru,Intake,12,12,51,31.811,2.6509,0,0,0.0,0.0
2025-11-27,Bengaluru,Support,4,4,19,9.915,2.4787,0,0,0.0,0.0
2025-11-27,Bengaluru,Verification,5,5,20,21.047,4.2094,0,0,0.0,0.0
2025-11-27,Delhi,Fulfillment,10,9,33,118.129,13.1254,1,0,0.1111,0.0
2025-11-27,Delhi,Intake,13,13,42,30.299,2.3307,0,2,0.0,0.1538
2025-11-27,Delhi,Support,4,4,16,10.177,2.5442,0,0,0.0,0.0
2025-11-27,Delhi,Verification,17,17,76,120.843,7.1084,0,5,0.0,0.2941
2025-11-27,Mumbai,Fulfillment,17,17,67,248.366,14.6098,1,1,0.0588,0.0588
2025-11-27,Mumbai,Intake,12,12,52,24.635,2.0529,0,0,0.0,0.0
2025-11-27,Mumbai,Support,9,8,30,27.928,3.491,0,0,0.0,0.0
2025-11-27,Mumbai,Verification,11,11,49,57.022,5.1838,0,2,0.0,0.1818
2025-11-27,Pune,Fulfillment,15,14,48,178.134,12.7239,0,2,0.0,0.1429
2025-11-27,Pune,Intake,5,5,22,9.295,1.859,0,0,0.0,0.0
2025-11-27,Pune,Support,1,0,0,0.0,,0,0,,
2025-11-27,Pune,Verification,5,5,15,13.512,2.7024,0,0,0.0,0.0
2025-11-28,Bengaluru,Fulfillment,12,12,42,165.547,13.7956,1,1,0.0833,0.0833
2025-11-28,Bengaluru,Intake,7,7,26,14.743,2.1061,0,0,0.0,0.0
2025-11-28,Bengaluru,Support,1,1,7,2.4,2.4,0,0,0.0,0.0
2025-11-28,Bengaluru,Verification,8,8,43,41.93,5.2412,0,0,0.0,0.0
2025-11-28,Delhi,Fulfillment,12,11,37,184.954,16.814,0,3,0.0,0.2727
2025-11-28,Delhi,Intake,12,12,43,29.018,2.4182,0,1,0.0,0.0833
2025-11-28,Delhi,Support,5,4,14,13.982,3.4955,0,0,0.0,0.0
2025-11-28,Delhi,Verification,10,10,36,106.287,10.6287,0,6,0.0,0.6
2025-11-28,Mumbai,Fulfillment,19,19,74,235.087,12.373,1,1,0.0526,0.0526
2025-11-28,Mumbai,Intake,19,18,74,34.06,1.8922,0,1,0.0,0.0556
2025-11-28,Mumbai,Support,6,6,27,25.005,4.1675,0,2,0.0,0.3333
2025-11-28,Mumbai,Verification,17,17,72,71.171,4.1865,2,0,0.1176,0.0
2025-11-28,Pune,Fulfillment,10,10,43,109.475,10.9475,1,1,0.1,0.1
2025-11-28,Pune,Intake,8,8,29,15.908,1.9885,0,0,0.0,0.0
2025-11-28,Pune,Support,3,3,11,9.136,3.0453,0,0,0.0,0.0
2025-11-28,Pune,Verification,4,4,14,20.687,5.1718,0,0,0.0,0.0
2025-11-29,Bengaluru,Fulfillment,2,1,3,6.8,6.8,0,0,0.0,0.0
2025-11-29,Bengaluru,Intake,6,6,29,15.014,2.5023,0,0,0.0,0.0
2025-11-29,Bengaluru,Verification,1,1,5,2.6,2.6,0,0,0.0,0.0
2025-11-29,Delhi,Fulfillment,9,9,33,137.262,15.2513,1,0,0.1111,0.0
2025-11-29,Delhi,Intake,15,14,50,28.769,2.0549,0,1,0.0,0.0714
2025-11-29,Delhi,Support,4,4,12,10.961,2.7402,1,0,0.25,0.0
2025-11-29,Delhi,Verification,12,12,48,98.719,8.2266,0,4,0.0,0.3333
2025-11-29,Mumbai,Fulfillment,7,7,31,77.242,11.0346,0,0,0.0,0.0
2025-11-29,Mumbai,Intake,9,9,39,19.325,2.1472,0,1,0.0,0.1111
2025-11-29,Mumbai,Support,2,1,3,3.567,3.567,0,0,0.0,0.0
2025-11-29,Mumbai,Verification,11,11,49,56.004,5.0913,0,2,0.0,0.1818
2025-11-29,Pune,Fulfillment,4,4,18,36.848,9.212,0,0,0.0,0.0
2025-11-29,Pune,Intake,5,5,17,6.851,1.3702,0,0,0.0,0.0
2025-11-29,Pune,Support,2,2,5,5.832,2.916,0,0,0.0,0.0
2025-11-29,Pune,Verification,10,10,41,50.948,5.0948,0,1,0.0,0.1
2025-11-30,Bengaluru,Fulfillment,8,8,30,113.075,14.1344,0,1,0.0,0.125
2025-11-30,Bengaluru,Intake,5,5,25,6.884,1.3768,0,0,0.0,0.0
2025-11-30,Bengaluru,Support,2,1,4,2.182,2.182,0,0,0.0,0.0
2025-11-30,Bengaluru,Verification,4,4,21,13.762,3.4405,0,0,0.0,0.0
2025-11-30,Delhi,Fulfillment,6,4,16,53.213,13.3032,0,0,0.0,0.0
2025-11-30,Delhi,Intake,8,8,26,15.665,1.9581,1,0,0.125,0.0
2025-11-30,Delhi,Support,3,3,11,10.823,3.6077,0,0,0.0,0.0
2025-11-30,Delhi,Verification,2,2,10,11.418,5.709,0,0,0.0,0.0
2025-11-30,Mumbai,Fulfillment,3,3,16,34.106,11.3687,0,0,0.0,0.0
2025-11-30,Mumbai,Intake,6,5,19,10.655,2.131,0,0,0.0,0.0
2025-11-30,Mumbai,Support,2,2,7,5.702,2.851,0,0,0.0,0.0
2025-11-30,Mumbai,Verification,5,5,20,20.769,4.1538,0,0,0.0,0.0
2025-11-30,Pune,Fulfillment,5,4,13,63.908,15.977,0,1,0.0,0.25
2025-11-30,Pune,Intake,5,5,25,13.191,2.6382,0,1,0.0,0.2
2025-11-30,Pune,Support,2,2,9,8.95,4.475,0,0,0.0,0.0
2025-11-30,Pune,Verification,1,1,1,1.75,1.75,0,0,0.0,0.0
2025-12-01,Bengaluru,Fulfillment,7,7,28,106.205,15.1721,0,0,0.0,0.0
2025-12-01,Bengaluru,Intake,14,14,57,43.567,3.1119,0,2,0.0,0.1429
2025-12-01,Bengaluru,Support,4,4,18,18.642,4.6605,1,1,0.25,0.25
2025-12-01,Bengaluru,Verification,9,9,32,53.048,5.8942,0,2,0.0,0.2222
2025-12-01,Delhi,Fulfillment,15,15,58,356.236,23.7491,3,4,0.2,0.2667
2025-12-01,Delhi,Intake,12,12,54,28.972,2.4143,1,1,0.0833,0.0833
2025-12-01,Delhi,Support,5,4,16,11.122,2.7805,0,0,0.0,0.0
2025-12-01,Delhi,Verification,18,18,67,175.419,9.7455,0,9,0.0,0.5
2025-12-01,Mumbai,Fulfillment,15,14,52,279.928,19.9949,2,4,0.1429,0.2857
2025-12-01,Mumbai,Intake,20,18,89,46.048,2.5582,0,2,0.0,0.1111
2025-12-01,Mumbai,Support,4,4,10,12.073,3.0182,0,0,0.0,0.0
2025-12-01,Mumbai,Verification,20,20,73,113.999,5.6999,0,4,0.0,0.2
2025-12-01,Pune,Fulfillment,10,9,29,104.629,11.6254,0,0,0.0,0.0
2025-12-01,Pune,Intake,12,12,45,28.719,2.3932,0,1,0.0,0.0833
2025-12-01,Pune,Support,4,4,20,13.655,3.4138,1,0,0.25,0.0
2025-12-01,Pune,Verification,10,10,44,61.864,6.1864,1,2,0.1,0.2
2025-12-02,Bengaluru,Fulfillment,7,6,21,94.858,15.8097,0,0,0.0,0.0
2025-12-02,Bengaluru,Intake,16,16,66,33.892,2.1183,0,2,0.0,0.125
2025-12-02,Bengaluru,Support,4,3,11,14.246,4.7487,0,1,0.0,0.3333
2025-12-02,Bengaluru,Verification,14,14,59,92.431,6.6022,1,5,0.0714,0.3571
2025-12-02,Delhi,Fulfillment,14,13,62,219.752,16.904,1,3,0.0769,0.2308
2025-12-02,Delhi,Intake,14,14,63,27.43,1.9593,0,0,0.0,0.0
2025-12-02,Delhi,Support,3,3,13,6.525,2.175,0,0,0.0,0.0
2025-12-02,Delhi,Verification,10,9,32,81.613,9.0681,1,2,0.1111,0.2222
2025-12-02,Mumbai,Fulfillment,11,8,25,124.123,15.5154,1,2,0.125,0.25
2025-12-02,Mumbai,Intake,19,18,64,42.198,2.3443,1,1,0.0556,0.0556
2025-12-02,Mumbai,Support,4,3,9,17.178,5.726,0,1,0.0,0.3333
2025-12-02,Mumbai,Verification,16,16,74,81.85,5.1156,0,1,0.0,0.0625
2025-12-02,Pune,Fulfillment,10,9,36,123.871,13.7634,1,0,0.1111,0.0
2025-12-02,Pune,Intake,13,13,58,25.67,1.9746,1,1,0.0769,0.0769
2025-12-02,Pune,Support,6,6,21,32.559,5.4265,0,3,0.0,0.5
2025-12-02,Pune,Verification,12,12,53,62.167,5.1806,0,2,0.0,0.1667
2025-12-03,Bengaluru,Fulfillment,8,8,33,132.781,16.5976,0,2,0.0,0.25
2025-12-03,Bengaluru,Intake,9,9,33,15.558,1.7287,0,0,0.0,0.0
2025-12-03,Bengaluru,Support,2,2,2,11.901,5.9505,1,1,0.5,0.5
2025-12-03,Bengaluru,Verification,8,8,29,35.919,4.4899,0,0,0.0,0.0
2025-12-03,Delhi,Fulfillment,7,7,31,75.12,10.7314,0,0,0.0,0.0
2025-12-03,Delhi,Intake,18,18,75,40.338,2.241,1,0,0.0556,0.0
2025-12-03,Delhi,Support,3,2,5,9.937,4.9685,0,1,0.0,0.5
2025-12-03,Delhi,Verification,19,18,75,149.507,8.3059,2,9,0.1111,0.5
2025-12-03,Mumbai,Fulfillment,16,15,57,215.961,14.3974,1,1,0.0667,0.0667
2025-12-03,Mumbai,Intake,20,20,75,38.03,1.9015,2,0,0.1,0.0
2025-12-03,Mumbai,Support,5,5,22,21.827,4.3654,0,0,0.0,0.0
2025-12-03,Mumbai,Verification,17,17,62,119.16,7.0094,0,7,0.0,0.4118
2025-12-03,Pune,Fulfillment,6,6,26,116.534,19.4223,0,1,0.0,0.1667
2025-12-03,Pune,Intake,10,10,47,21.327,2.1327,1,1,0.1,0.1
2025-12-03,Pune,Support,1,0,0,0.0,,0,0,,
2025-12-03,Pune,Verification,7,7,24,34.254,4.8934,0,1,0.0,0.1429
2025-12-04,Bengaluru,Fulfillment,8,7,30,82.633,11.8047,1,0,0.1429,0.0
2025-12-04,Bengaluru,Intake,12,11,46,24.39,2.2173,0,0,0.0,0.0
2025-12-04,Bengaluru,Support,5,4,18,12.101,3.0252,0,0,0.0,0.0
2025-12-04,Bengaluru,Verification,11,10,36,46.237,4.6237,0,0,0.0,0.0
2025-12-04,Delhi,Fulfillment,15,15,65,217.387,14.4925,0,1,0.0,0.0667
2025-12-04,Delhi,Intake,14,14,53,36.506,2.6076,0,3,0.0,0.2143
2025-12-04,Delhi,Support,1,1,6,6.566,6.566,0,1,0.0,1.0
2025-12-04,Delhi,Verification,12,10,46,107.919,10.7919,1,4,0.1,0.4
2025-12-04,Mumbai,Fulfillment,20,20,79,262.558,13.1279,1,1,0.05,0.05
2025-12-04,Mumbai,Intake,21,21,101,44.184,2.104,1,1,0.0476,0.0476
2025-12-04,Mumbai,Support,8,8,33,30.412,3.8015,0,1,0.0,0.125
2025-12-04,Mumbai,Verification,20,20,88,110.216,5.5108,2,4,0.1,0.2
2025-12-04,Pune,Fulfillment,5,5,16,95.861,19.1722,0,2,0.0,0.4
2025-12-04,Pune,Intake,7,7,33,16.96,2.4229,0,1,0.0,0.1429
2025-12-04,Pune,Support,2,2,6,6.721,3.3605,0,0,0.0,0.0
2025-12-04,Pune,Verification,3,3,11,18.583,6.1943,0,1,0.0,0.3333
2025-12-05,Bengaluru,Fulfillment,10,9,43,176.038,19.5598,0,2,0.0,0.2222
2025-12-05,Bengaluru,Intake,13,12,50,18.269,1.5224,1,0,0.0833,0.0
2025-12-05,Bengaluru,Support,1,1,6,2.49,2.49,0,0,0.0,0.0
2025-12-05,Bengaluru,Verification,8,8,30,38.334,4.7918,1,0,0.125,0.0
2025-12-05,Delhi,Fulfillment,6,6,14,100.544,16.7573,0,1,0.0,0.1667
2025-12-05,Delhi,Intake,6,5,22,11.98,2.396,0,1,0.0,0.2
2025-12-05,Delhi,Support,5,5,24,23.094,4.6188,0,1,0.0,0.2
2025-12-05,Delhi,Verification,9,8,35,57.423,7.1779,1,3,0.125,0.375
2025-12-05,Mumbai,Fulfillment,13,13,50,180.642,13.8955,0,1,0.0,0.0769
2025-12-05,Mumbai,Intake,9,9,35,16.275,1.8083,1,0,0.1111,0.0
2025-12-05,Mumbai,Support,5,5,21,16.043,3.2086,0,0,0.0,0.0
2025-12-05,Mumbai,Verification,14,14,61,82.571,5.8979,0,4,0.0,0.2857
2025-12-05,Pune,Fulfillment,7,7,27,79.959,11.4227,1,0,0.1429,0.0
2025-12-05,Pune,Intake,7,7,29,9.251,1.3216,0,0,0.0,0.0
2025-12-05,Pune,Support,1,1,3,1.633,1.633,0,0,0.0,0.0
2025-12-05,Pune,Verification,13,12,56,55.394,4.6162,0,1,0.0,0.0833
2025-12-06,Bengaluru,Fulfillment,8,7,32,110.352,15.7646,0,1,0.0,0.1429
2025-12-06,Bengaluru,Intake,5,5,16,9.546,1.9092,1,0,0.2,0.0
2025-12-06,Bengaluru,Support,2,2,4,4.8,2.4,0,0,0.0,0.0
2025-12-06,Bengaluru,Verification,9,9,40,46.245,5.1383,0,1,0.0,0.1111
2025-12-06,Delhi,Fulfillment,6,6,15,64.4,10.7333,0,0,0.0,0.0
2025-12-06,Delhi,Intake,5,5,18,9.678,1.9356,0,0,0.0,0.0
2025-12-06,Delhi,Support,3,3,20,12.023,4.0077,0,0,0.0,0.0
2025-12-06,Delhi,Verification,5,5,13,32.145,6.429,1,2,0.2,0.4
2025-12-06,Mumbai,Fulfillment,8,7,23,108.932,15.5617,1,0,0.1429,0.0
2025-12-06,Mumbai,Intake,9,9,32,13.075,1.4528,1,0,0.1111,0.0
2025-12-06,Mumbai,Support,4,4,14,12.345,3.0862,1,0,0.25,0.0
2025-12-06,Mumbai,Verification,6,6,24,29.44,4.9067,0,0,0.0,0.0
2025-12-06,Pune,Fulfillment,5,5,24,51.752,10.3504,1,0,0.2,0.0
2025-12-06,Pune,Intake,4,4,13,8.519,2.1298,0,0,0.0,0.0
2025-12-06,Pune,Support,2,2,10,5.659,2.8295,0,0,0.0,0.0
2025-12-06,Pune,Verification,12,12,46,53.832,4.486,0,0,0.0,0.0
2025-12-07,Bengaluru,Fulfillment,2,1,5,8.767,8.767,0,0,0.0,0.0
2025-12-07,Bengaluru,Intake,6,6,18,11.925,1.9875,0,0,0.0,0.0
2025-12-07,Bengaluru,Support,2,2,7,7.02,3.51,0,0,0.0,0.0
2025-12-07,Bengaluru,Verification,7,7,33,37.123,5.3033,0,1,0.0,0.1429
2025-12-07,Delhi,Fulfillment,7,7,27,122.207,17.4581,0,1,0.0,0.1429
2025-12-07,Delhi,Intake,7,7,28,15.437,2.2053,0,0,0.0,0.0
2025-12-07,Delhi,Verification,4,4,14,34.086,8.5215,0,2,0.0,0.5
2025-12-07,Mumbai,Fulfillment,10,10,36,152.475,15.2475,1,2,0.1,0.2
2025-12-07,Mumbai,Intake,7,7,29,15.467,2.2096,1,0,0.1429,0.0
2025-12-07,Mumbai,Support,1,1,3,3.465,3.465,0,0,0.0,0.0
2025-12-07,Mumbai,Verification,5,5,18,19.838,3.9676,0,0,0.0,0.0
2025-12-07,Pune,Fulfillment,3,3,6,37.727,12.5757,0,0,0.0,0.0
2025-12-07,Pune,Intake,1,1,4,3.15,3.15,0,0,0.0,0.0
2025-12-07,Pune,Verification,2,2,8,12.239,6.1195,0,0,0.0,0.0
2025-12-08,Bengaluru,Fulfillment,15,15,64,300.691,20.0461,1,3,0.0667,0.2
2025-12-08,Bengaluru,Intake,11,10,40,30.389,3.0389,0,2,0.0,0.2
2025-12-08,Bengaluru,Support,2,1,2,5.05,5.05,0,0,0.0,0.0
2025-12-08,Bengaluru,Verification,12,12,53,77.213,6.4344,0,3,0.0,0.25
2025-12-08,Delhi,Fulfillment,17,17,62,311.618,18.3305,1,3,0.0588,0.1765
2025-12-08,Delhi,Intake,12,11,40,27.934,2.5395,0,1,0.0,0.0909
2025-12-08,Delhi,Support,4,4,16,18.199,4.5497,0,0,0.0,0.0
2025-12-08,Delhi,Verification,22,21,105,256.052,12.193,0,16,0.0,0.7619
2025-12-08,Mumbai,Fulfillment,22,21,102,372.187,17.7232,2,3,0.0952,0.1429
2025-12-08,Mumbai,Intake,24,23,100,64.011,2.7831,1,3,0.0435,0.1304
2025-12-08,Mumbai,Support,7,6,21,26.519,4.4198,1,0,0.1667,0.0
2025-12-08,Mumbai,Verification,12,11,42,75.992,6.9084,2,3,0.1818,0.2727
2025-12-08,Pune,Fulfillment,14,14,51,227.407,16.2434,1,1,0.0714,0.0714
2025-12-08,Pune,Intake,13,13,51,32.78,2.5215,2,1,0.1538,0.0769
2025-12-08,Pune,Support,7,7,35,28.158,4.0226,0,1,0.0,0.1429
2025-12-08,Pune,Verification,12,12,56,92.701,7.7251,2,3,0.1667,0.25
2025-12-09,Bengaluru,Fulfillment,11,11,49,116.678,10.6071,1,0,0.0909,0.0
2025-12-09,Bengaluru,Intake,11,9,28,19.099,2.1221,0,1,0.0,0.1111
2025-12-09,Bengaluru,Support,1,1,3,4.458,4.458,0,0,0.0,0.0
2025-12-09,Bengaluru,Verification,15,15,61,73.121,4.8747,0,0,0.0,0.0
2025-12-09,Delhi,Fulfillment,11,11,40,150.894,13.7176,1,0,0.0909,0.0
2025-12-09,Delhi,Intake,14,14,61,30.013,2.1438,0,0,0.0,0.0
2025-12-09,Delhi,Support,8,8,26,28.375,3.5469,1,0,0.125,0.0
2025-12-09,Delhi,Verification,11,10,36,92.711,9.2711,2,3,0.2,0.3
2025-12-09,Mumbai,Fulfillment,17,15,56,271.804,18.1203,1,3,0.0667,0.2
2025-12-09,Mumbai,Intake,12,11,46,24.287,2.2079,0,1,0.0,0.0909
2025-12-09,Mumbai,Support,10,9,32,29.388,3.2653,2,1,0.2222,0.1111
2025-12-09,Mumbai,Verification,17,17,69,99.168,5.8334,1,3,0.0588,0.1765
2025-12-09,Pune,Fulfillment,5,4,17,47.589,11.8972,0,0,0.0,0.0
2025-12-09,Pune,Intake,9,8,29,15.578,1.9472,0,0,0.0,0.0
2025-12-09,Pune,Support,2,2,10,4.322,2.161,0,0,0.0,0.0
2025-12-09,Pune,Verification,13,13,60,71.338,5.4875,0,2,0.0,0.1538
2025-12-10,Bengaluru,Fulfillment,9,9,26,132.32,14.7022,0,1,0.0,0.1111
2025-12-10,Bengaluru,Intake,5,3,5,4.051,1.3503,0,0,0.0,0.0
2025-12-10,Bengaluru,Support,4,4,17,11.071,2.7678,0,0,0.0,0.0
2025-12-10,Bengaluru,Verification,10,10,45,52.001,5.2001,0,0,0.0,0.0
2025-12-10,Delhi,Fulfillment,10,10,53,149.201,14.9201,0,0,0.0,0.0
2025-12-10,Delhi,Intake,8,7,27,14.414,2.0591,0,0,0.0,0.0
2025-12-10,Delhi,Support,1,1,5,10.096,10.096,0,1,0.0,1.0
2025-12-10,Delhi,Verification,11,10,40,67.119,6.7119,1,3,0.1,0.3
2025-12-10,Mumbai,Fulfillment,8,8,25,125.513,15.6891,0,0,0.0,0.0
2025-12-10,Mumbai,Intake,15,15,54,30.349,2.0233,2,0,0.1333,0.0
2025-12-10,Mumbai,Support,5,5,16,13.966,2.7932,0,0,0.0,0.0
2025-12-10,Mumbai,Verification,17,17,66,83.465,4.9097,1,2,0.0588,0.1176
2025-12-10,Pune,Fulfillment,6,6,30,83.14,13.8567,0,0,0.0,0.0
2025-12-10,Pune,Intake,9,9,40,21.795,2.4217,0,1,0.0,0.1111
2025-12-10,Pune,Support,3,3,10,13.583,4.5277,0,1,0.0,0.3333
2025-12-10,Pune,Verification,3,3,9,9.215,3.0717,0,0,0.0,0.0
2025-12-11,Bengaluru,Fulfillment,9,8,26,121.847,15.2309,0,2,0.0,0.25
2025-12-11,Bengaluru,Intake,10,10,36,25.937,2.5937,0,2,0.0,0.2
2025-12-11,Bengaluru,Support,3,3,10,9.217,3.0723,0,0,0.0,0.0
2025-12-11,Bengaluru,Verification,9,9,36,47.134,5.2371,0,2,0.0,0.2222
2025-12-11,Delhi,Fulfillment,13,13,52,173.481,13.3447,1,0,0.0769,0.0
2025-12-11,Delhi,Intake,9,7,24,18.921,2.703,2,1,0.2857,0.1429
2025-12-11,Delhi,Support,3,3,12,12.583,4.1943,1,1,0.3333,0.3333
2025-12-11,Delhi,Verification,8,8,33,72.091,9.0114,0,3,0.0,0.375
2025-12-11,Mumbai,Fulfillment,17,17,72,237.716,13.9833,0,0,0.0,0.0
2025-12-11,Mumbai,Intake,16,15,57,30.169,2.0113,1,1,0.0667,0.0667
2025-12-11,Mumbai,Support,3,3,15,15.904,5.3013,0,1,0.0,0.3333
2025-12-11,Mumbai,Verification,13,13,51,72.71,5.5931,1,1,0.0769,0.0769
2025-12-11,Pune,Fulfillment,9,9,35,131.962,14.6624,0,1,0.0,0.1111
2025-12-11,Pune,Intake,9,8,36,13.703,1.7129,0,0,0.0,0.0
2025-12-11,Pune,Support,4,3,8,8.406,2.802,1,0,0.3333,0.0
2025-12-11,Pune,Verification,7,7,26,29.831,4.2616,0,0,0.0,0.0
2025-12-12,Bengaluru,Fulfillment,9,8,29,124.246,15.5308,0,0,0.0,0.0
2025-12-12,Bengaluru,Intake,12,12,47,33.414,2.7845,0,1,0.0,0.0833
2025-12-12,Bengaluru,Support,3,3,10,8.418,2.806,0,0,0.0,0.0
2025-12-12,Bengaluru,Verification,5,5,16,20.976,4.1952,0,0,0.0,0.0
2025-12-12,Delhi,Fulfillment,12,12,49,130.986,10.9155,0,1,0.0,0.0833
2025-12-12,Delhi,Intake,8,8,38,15.508,1.9385,1,0,0.125,0.0
2025-12-12,Delhi,Support,5,5,17,20.61,4.122,0,1,0.0,0.2
2025-12-12,Delhi,Verification,10,10,52,91.895,9.1895,1,4,0.1,0.4
2025-12-12,Mumbai,Fulfillment,19,17,63,252.09,14.8288,0,1,0.0,0.0588
2025-12-12,Mumbai,Intake,22,21,93,46.009,2.1909,1,1,0.0476,0.0476
2025-12-12,Mumbai,Support,3,2,11,3.623,1.8115,0,0,0.0,0.0
2025-12-12,Mumbai,Verification,15,14,52,81.732,5.838,0,2,0.0,0.1429
2025-12-12,Pune,Fulfillment,10,10,39,135.951,13.5951,1,0,0.1,0.0
2025-12-12,Pune,Intake,7,7,31,18.117,2.5881,0,2,0.0,0.2857
2025-12-12,Pune,Support,7,7,27,27.142,3.8774,0,0,0.0,0.0
2025-12-12,Pune,Verification,9,9,42,41.228,4.5809,0,0,0.0,0.0
2025-12-13,Bengaluru,Fulfillment,3,3,16,45.756,15.252,0,0,0.0,0.0
2025-12-13,Bengaluru,Intake,10,10,35,15.586,1.5586,1,0,0.1,0.0
2025-12-13,Bengaluru,Support,2,2,12,6.517,3.2585,0,0,0.0,0.0
2025-12-13,Bengaluru,Verification,8,8,35,37.283,4.6604,0,0,0.0,0.0
2025-12-13,Delhi,Fulfillment,5,4,14,54.598,13.6495,0,1,0.0,0.25
2025-12-13,Delhi,Intake,4,4,15,5.931,1.4828,0,0,0.0,0.0
2025-12-13,Delhi,Support,4,4,16,22.08,5.52,0,2,0.0,0.5
2025-12-13,Delhi,Verification,11,11,50,81.455,7.405,0,4,0.0,0.3636
2025-12-13,Mumbai,Fulfillment,12,11,49,157.693,14.3357,1,1,0.0909,0.0909
2025-12-13,Mumbai,Intake,5,4,24,6.368,1.592,0,0,0.0,0.0
2025-12-13,Mumbai,Support,4,4,14,15.5,3.875,0,0,0.0,0.0
2025-12-13,Mumbai,Verification,12,12,54,51.239,4.2699,0,0,0.0,0.0
2025-12-13,Pune,Fulfillment,4,3,20,51.207,17.069,0,1,0.0,0.3333
2025-12-13,Pune,Intake,5,5,21,8.026,1.6052,0,0,0.0,0.0
2025-12-13,Pune,Verification,5,5,19,21.206,4.2412,0,0,0.0,0.0
2025-12-14,Bengaluru,Fulfillment,6,6,26,82.02,13.67,0,1,0.0,0.1667
2025-12-14,Bengaluru,Intake,8,8,34,18.375,2.2969,0,2,0.0,0.25
2025-12-14,Bengaluru,Support,1,1,4,3.167,3.167,1,0,1.0,0.0
2025-12-14,Bengaluru,Verification,6,5,19,21.092,4.2184,0,0,0.0,0.0
2025-12-14,Delhi,Fulfillment,7,7,31,107.476,15.3537,1,0,0.1429,0.0
2025-12-14,Delhi,Intake,8,8,39,13.874,1.7342,0,0,0.0,0.0
2025-12-14,Delhi,Support,1,1,4,4.089,4.089,0,0,0.0,0.0
2025-12-14,Delhi,Verification,7,7,31,46.87,6.6957,0,2,0.0,0.2857
2025-12-14,Mumbai,Fulfillment,4,4,26,67.014,16.7535,0,1,0.0,0.25
2025-12-14,Mumbai,Intake,10,10,37,21.37,2.137,0,1,0.0,0.1
2025-12-14,Mumbai,Support,3,3,9,16.581,5.527,0,1,0.0,0.3333
2025-12-14,Mumbai,Verification,11,10,35,56.702,5.6702,0,1,0.0,0.1
2025-12-14,Pune,Fulfillment,6,6,27,56.53,9.4217,0,0,0.0,0.0
2025-12-14,Pune,Intake,5,4,17,8.966,2.2415,0,1,0.0,0.25
2025-12-14,Pune,Support,2,2,8,6.344,3.172,0,0,0.0,0.0
2025-12-15,Bengaluru,Fulfillment,12,12,48,253.013,21.0844,1,4,0.0833,0.3333
2025-12-15,Bengaluru,Intake,11,11,51,24.157,2.1961,1,1,0.0909,0.0909
2025-12-15,Bengaluru,Support,2,2,10,7.403,3.7015,1,0,0.5,0.0
2025-12-15,Bengaluru,Verification,12,11,41,79.186,7.1987,1,4,0.0909,0.3636
2025-12-15,Delhi,Fulfillment,17,16,58,281.359,17.5849,1,2,0.0625,0.125
2025-12-15,Delhi,Intake,13,12,43,28.686,2.3905,2,0,0.1667,0.0
2025-12-15,Delhi,Support,7,6,20,29.408,4.9013,1,2,0.1667,0.3333
2025-12-15,Delhi,Verification,12,12,37,131.936,10.9947,2,8,0.1667,0.6667
2025-12-15,Mumbai,Fulfillment,19,17,70,252.932,14.8784,0,2,0.0,0.1176
2025-12-15,Mumbai,Intake,15,13,43,31.022,2.3863,0,0,0.0,0.0
2025-12-15,Mumbai,Support,7,7,28,36.526,5.218,0,2,0.0,0.2857
2025-12-15,Mumbai,Verification,18,17,71,96.376,5.6692,1,1,0.0588,0.0588
2025-12-15,Pune,Fulfillment,14,13,60,188.504,14.5003,0,0,0.0,0.0
2025-12-15,Pune,Intake,11,11,42,23.401,2.1274,0,0,0.0,0.0
2025-12-15,Pune,Support,7,7,32,26.317,3.7596,1,1,0.1429,0.1429
2025-12-15,Pune,Verification,12,12,60,59.634,4.9695,0,0,0.0,0.0
2025-12-16,Bengaluru,Fulfillment,7,7,26,120.061,17.1516,1,2,0.1429,0.2857
2025-12-16,Bengaluru,Intake,8,8,35,16.395,2.0494,0,0,0.0,0.0
2025-12-16,Bengaluru,Support,5,5,14,19.49,3.898,0,1,0.0,0.2
2025-12-16,Bengaluru,Verification,9,9,33,49.285,5.4761,1,1,0.1111,0.1111
2025-12-16,Delhi,Fulfillment,10,10,34,162.381,16.2381,0,1,0.0,0.1
2025-12-16,Delhi,Intake,13,12,46,23.446,1.9538,2,0,0.1667,0.0
2025-12-16,Delhi,Support,8,8,26,26.12,3.265,0,0,0.0,0.0
2025-12-16,Delhi,Verification,13,12,50,127.231,10.6026,0,7,0.0,0.5833
2025-12-16,Mumbai,Fulfillment,17,16,58,285.249,17.8281,0,2,0.0,0.125
2025-12-16,Mumbai,Intake,15,14,58,38.719,2.7656,0,1,0.0,0.0714
2025-12-16,Mumbai,Support,10,10,45,47.812,4.7812,0,1,0.0,0.1
2025-12-16,Mumbai,Verification,17,16,68,80.017,5.0011,1,1,0.0625,0.0625
2025-12-16,Pune,Fulfillment,8,8,37,107.802,13.4752,0,1,0.0,0.125
2025-12-16,Pune,Intake,10,10,41,15.201,1.5201,0,0,0.0,0.0
2025-12-16,Pune,Support,2,2,11,5.484,2.742,0,0,0.0,0.0
2025-12-16,Pune,Verification,10,10,38,52.363,5.2363,0,1,0.0,0.1
2025-12-17,Bengaluru,Fulfillment,7,7,34,104.872,14.9817,0,1,0.0,0.1429
2025-12-17,Bengaluru,Intake,9,9,29,20.477,2.2752,0,1,0.0,0.1111
2025-12-17,Bengaluru,Support,3,2,6,8.034,4.017,0,0,0.0,0.0
2025-12-17,Bengaluru,Verification,8,8,38,55.825,6.9781,1,4,0.125,0.5
2025-12-17,Delhi,Fulfillment,23,22,84,400.865,18.2211,0,5,0.0,0.2273
2025-12-17,Delhi,Intake,6,6,30,13.564,2.2607,3,0,0.5,0.0
2025-12-17,Delhi,Support,2,2,7,6.884,3.442,0,0,0.0,0.0
2025-12-17,Delhi,Verification,10,10,37,85.861,8.5861,1,6,0.1,0.6
2025-12-17,Mumbai,Fulfillment,20,20,87,370.117,18.5059,1,6,0.05,0.3
2025-12-17,Mumbai,Intake,18,18,80,34.806,1.9337,0,0,0.0,0.0
2025-12-17,Mumbai,Support,7,7,34,28.448,4.064,1,1,0.1429,0.1429
2025-12-17,Mumbai,Verification,16,16,64,66.196,4.1372,0,0,0.0,0.0
2025-12-17,Pune,Fulfillment,9,9,30,96.999,10.7777,1,0,0.1111,0.0
2025-12-17,Pune,Intake,10,10,48,21.669,2.1669,1,0,0.1,0.0
2025-12-17,Pune,Support,2,2,8,6.183,3.0915,0,0,0.0,0.0
2025-12-17,Pune,Verification,10,10,41,37.04,3.704,0,0,0.0,0.0
2025-12-18,Bengaluru,Fulfillment,8,8,42,117.953,14.7441,1,0,0.125,0.0
2025-12-18,Bengaluru,Intake,7,7,27,11.939,1.7056,0,0,0.0,0.0
2025-12-18,Bengaluru,Support,2,2,9,6.711,3.3555,0,0,0.0,0.0
2025-12-18,Bengaluru,Verification,6,6,24,23.381,3.8968,0,0,0.0,0.0
2025-12-18,Delhi,Fulfillment,17,16,68,252.572,15.7858,2,2,0.125,0.125
2025-12-18,Delhi,Intake,6,6,24,12.022,2.0037,1,0,0.1667,0.0
2025-12-18,Delhi,Support,1,1,2,5.211,5.211,0,0,0.0,0.0
2025-12-18,Delhi,Verification,12,10,48,95.841,9.5841,1,6,0.1,0.6
2025-12-18,Mumbai,Fulfillment,19,18,69,252.374,14.0208,1,2,0.0556,0.1111
2025-12-18,Mumbai,Intake,18,18,77,42.486,2.3603,0,2,0.0,0.1111
2025-12-18,Mumbai,Support,2,2,7,12.836,6.418,0,2,0.0,1.0
2025-12-18,Mumbai,Verification,16,15,73,80.799,5.3866,1,1,0.0667,0.0667
2025-12-18,Pune,Fulfillment,10,10,40,135.118,13.5118,0,0,0.0,0.0
2025-12-18,Pune,Intake,8,8,34,13.743,1.7179,0,0,0.0,0.0
2025-12-18,Pune,Support,3,2,7,3.799,1.8995,0,0,0.0,0.0
2025-12-18,Pune,Verification,12,10,34,39.147,3.9147,1,0,0.1,0.0
2025-12-19,Bengaluru,Fulfillment,13,13,45,128.453,9.881,0,0,0.0,0.0
2025-12-19,Bengaluru,Intake,7,7,28,11.993,1.7133,0,0,0.0,0.0
2025-12-19,Bengaluru,Support,5,4,19,18.01,4.5025,0,1,0.0,0.25
2025-12-19,Bengaluru,Verification,5,5,19,19.429,3.8858,0,0,0.0,0.0
2025-12-19,Delhi,Fulfillment,8,8,28,119.084,14.8855,0,0,0.0,0.0
2025-12-19,Delhi,Intake,9,8,31,15.934,1.9918,0,1,0.0,0.125
2025-12-19,Delhi,Support,6,6,31,19.725,3.2875,0,0,0.0,0.0
2025-12-19,Delhi,Verification,7,7,21,66.143,9.449,0,3,0.0,0.4286
2025-12-19,Mumbai,Fulfillment,17,17,66,243.656,14.3327,1,2,0.0588,0.1176
2025-12-19,Mumbai,Intake,11,11,32,27.051,2.4592,0,1,0.0,0.0909
2025-12-19,Mumbai,Support,4,3,13,13.063,4.3543,0,0,0.0,0.0
2025-12-19,Mumbai,Verification,27,26,107,111.585,4.2917,0,1,0.0,0.0385
2025-12-19,Pune,Fulfillment,9,9,38,102.8,11.4222,0,0,0.0,0.0
2025-12-19,Pune,Intake,6,5,18,9.415,1.883,0,0,0.0,0.0
2025-12-19,Pune,Support,4,4,14,12.992,3.248,0,0,0.0,0.0
2025-12-19,Pune,Verification,5,5,18,25.056,5.0112,0,1,0.0,0.2
2025-12-20,Bengaluru,Fulfillment,3,3,14,62.623,20.8743,0,1,0.0,0.3333
2025-12-20,Bengaluru,Intake,4,4,15,6.986,1.7465,0,0,0.0,0.0
2025-12-20,Bengaluru,Verification,4,4,16,21.845,5.4612,0,0,0.0,0.0
2025-12-20,Delhi,Fulfillment,6,6,23,87.515,14.5858,1,0,0.1667,0.0
2025-12-20,Delhi,Intake,8,8,39,12.847,1.6059,0,0,0.0,0.0
2025-12-20,Delhi,Verification,8,7,32,56.941,8.1344,0,4,0.0,0.5714
2025-12-20,Mumbai,Fulfillment,10,10,38,121.432,12.1432,0,1,0.0,0.1
2025-12-20,Mumbai,Intake,11,10,34,19.069,1.9069,1,0,0.1,0.0
2025-12-20,Mumbai,Support,2,2,7,6.042,3.021,0,0,0.0,0.0
2025-12-20,Mumbai,Verification,7,7,27,43.638,6.234,0,1,0.0,0.1429
2025-12-20,Pune,Fulfillment,3,3,12,32.29,10.7633,0,0,0.0,0.0
2025-12-20,Pune,Intake,8,8,25,15.351,1.9189,0,0,0.0,0.0
2025-12-20,Pune,Support,2,2,6,3.978,1.989,0,0,0.0,0.0
2025-12-20,Pune,Verification,9,8,38,33.706,4.2133,0,0,0.0,0.0
2025-12-21,Bengaluru,Fulfillment,5,5,25,67.446,13.4892,1,0,0.2,0.0
2025-12-21,Bengaluru,Intake,4,4,21,6.026,1.5065,0,0,0.0,0.0
2025-12-21,Bengaluru,Verification,5,5,20,22.813,4.5626,0,1,0.0,0.2
2025-12-21,Delhi,Fulfillment,6,6,22,76.117,12.6862,0,0,0.0,0.0
2025-12-21,Delhi,Intake,2,2,14,3.676,1.838,0,0,0.0,0.0
2025-12-21,Delhi,Support,3,3,6,9.868,3.2893,1,0,0.3333,0.0
2025-12-21,Delhi,Verification,5,5,18,36.144,7.2288,1,2,0.2,0.4
2025-12-21,Mumbai,Fulfillment,7,7,36,84.158,12.0226,1,0,0.1429,0.0
2025-12-21,Mumbai,Intake,7,6,29,12.056,2.0093,0,0,0.0,0.0
2025-12-21,Mumbai,Support,1,1,5,3.46,3.46,0,0,0.0,0.0
2025-12-21,Mumbai,Verification,8,8,32,37.488,4.686,1,0,0.125,0.0
2025-12-21,Pune,Fulfillment,4,4,21,69.916,17.479,0,1,0.0,0.25
2025-12-21,Pune,Intake,4,4,12,5.568,1.392,1,0,0.25,0.0
2025-12-21,Pune,Support,1,1,1,2.707,2.707,0,0,0.0,0.0
2025-12-21,Pune,Verification,4,4,15,13.97,3.4925,0,0,0.0,0.0
2025-12-22,Bengaluru,Fulfillment,10,10,43,183.71,18.371,0,2,0.0,0.2
2025-12-22,Bengaluru,Intake,12,10,35,30.84,3.084,3,2,0.3,0.2
2025-12-22,Bengaluru,Support,3,3,8,11.207,3.7357,0,0,0.0,0.0
2025-12-22,Bengaluru,Verification,11,11,43,60.425,5.4932,0,2,0.0,0.1818
2025-12-22,Delhi,Fulfillment,15,14,54,278.231,19.8736,0,1,0.0,0.0714
2025-12-22,Delhi,Intake,15,15,49,34.868,2.3245,1,2,0.0667,0.1333
2025-12-22,Delhi,Support,3,3,15,14.862,4.954,0,1,0.0,0.3333
2025-12-22,Delhi,Verification,9,8,35,78.085,9.7606,1,5,0.125,0.625
2025-12-22,Mumbai,Fulfillment,12,9,30,143.964,15.996,0,2,0.0,0.2222
2025-12-22,Mumbai,Intake,22,21,90,49.866,2.3746,0,0,0.0,0.0
2025-12-22,Mumbai,Support,9,7,26,26.658,3.8083,0,0,0.0,0.0
2025-12-22,Mumbai,Verification,23,23,99,142.849,6.2108,1,4,0.0435,0.1739
2025-12-22,Pune,Fulfillment,12,11,36,125.998,11.4544,0,0,0.0,0.0
2025-12-22,Pune,Intake,7,7,24,14.93,2.1329,0,0,0.0,0.0
2025-12-22,Pune,Support,2,2,9,5.455,2.7275,0,0,0.0,0.0
2025-12-22,Pune,Verification,11,11,35,62.894,5.7176,0,2,0.0,0.1818
2025-12-23,Bengaluru,Fulfillment,13,13,53,242.485,18.6527,0,3,0.0,0.2308
2025-12-23,Bengaluru,Intake,12,11,51,27.46,2.4964,0,1,0.0,0.0909
2025-12-23,Bengaluru,Support,2,2,3,11.769,5.8845,0,1,0.0,0.5
2025-12-23,Bengaluru,Verification,8,8,28,59.082,7.3852,0,2,0.0,0.25
2025-12-23,Delhi,Fulfillment,15,15,51,235.582,15.7055,0,3,0.0,0.2
2025-12-23,Delhi,Intake,9,9,33,15.887,1.7652,0,0,0.0,0.0
2025-12-23,Delhi,Support,3,3,11,13.695,4.565,0,0,0.0,0.0
2025-12-23,Delhi,Verification,7,7,27,60.662,8.666,1,4,0.1429,0.5714
2025-12-23,Mumbai,Fulfillment,28,27,109,502.019,18.5933,1,3,0.037,0.1111
2025-12-23,Mumbai,Intake,18,18,59,35.013,1.9452,0,1,0.0,0.0556
2025-12-23,Mumbai,Support,4,4,17,13.846,3.4615,0,0,0.0,0.0
2025-12-23,Mumbai,Verification,19,19,82,89.022,4.6854,1,2,0.0526,0.1053
2025-12-23,Pune,Fulfillment,15,15,57,196.095,13.073,0,1,0.0,0.0667
2025-12-23,Pune,Intake,6,6,25,11.017,1.8362,0,0,0.0,0.0
2025-12-23,Pune,Support,2,2,6,5.946,2.973,0,0,0.0,0.0
2025-12-23,Pune,Verification,16,16,59,99.445,6.2153,1,3,0.0625,0.1875
2025-12-24,Bengaluru,Fulfillment,8,8,36,97.467,12.1834,1,1,0.125,0.125
2025-12-24,Bengaluru,Intake,12,10,39,19.757,1.9757,0,1,0.0,0.1
2025-12-24,Bengaluru,Support,3,3,14,9.239,3.0797,0,0,0.0,0.0
2025-12-24,Bengaluru,Verification,8,8,34,40.101,5.0126,0,1,0.0,0.125
2025-12-24,Delhi,Fulfillment,10,10,30,125.085,12.5085,2,1,0.2,0.1
2025-12-24,Delhi,Intake,12,12,45,20.732,1.7277,1,0,0.0833,0.0
2025-12-24,Delhi,Support,1,1,2,2.058,2.058,0,0,0.0,0.0
2025-12-24,Delhi,Verification,10,10,48,80.041,8.0041,2,6,0.2,0.6
2025-12-24,Mumbai,Fulfillment,11,11,41,156.012,14.1829,1,0,0.0909,0.0
2025-12-24,Mumbai,Intake,22,20,84,38.173,1.9086,3,1,0.15,0.05
2025-12-24,Mumbai,Support,4,4,14,11.883,2.9707,0,0,0.0,0.0
2025-12-24,Mumbai,Verification,13,12,62,52.603,4.3836,0,0,0.0,0.0
2025-12-24,Pune,Fulfillment,13,12,53,125.289,10.4408,0,0,0.0,0.0
2025-12-24,Pune,Intake,9,9,34,15.357,1.7063,0,0,0.0,0.0
2025-12-24,Pune,Support,1,1,2,3.101,3.101,0,0,0.0,0.0
2025-12-24,Pune,Verification,11,11,49,45.583,4.1439,1,0,0.0909,0.0
2025-12-25,Bengaluru,Fulfillment,11,11,47,189.682,17.2438,1,3,0.0909,0.2727
2025-12-25,Bengaluru,Intake,7,7,25,14.721,2.103,1,0,0.1429,0.0
2025-12-25,Bengaluru,Support,2,2,7,8.201,4.1005,0,0,0.0,0.0
2025-12-25,Bengaluru,Verification,9,9,28,45.377,5.0419,1,0,0.1111,0.0
2025-12-25,Delhi,Fulfillment,18,17,53,225.124,13.2426,0,2,0.0,0.1176
2025-12-25,Delhi,Intake,10,9,34,20.045,2.2272,0,0,0.0,0.0
2025-12-25,Delhi,Support,6,6,26,19.131,3.1885,1,1,0.1667,0.1667
2025-12-25,Delhi,Verification,10,10,58,75.055,7.5055,0,4,0.0,0.4
2025-12-25,Mumbai,Fulfillment,12,11,43,149.615,13.6014,0,1,0.0,0.0909
2025-12-25,Mumbai,Intake,25,25,92,49.991,1.9996,1,0,0.04,0.0
2025-12-25,Mumbai,Support,4,4,12,13.447,3.3618,0,0,0.0,0.0
2025-12-25,Mumbai,Verification,19,19,68,99.853,5.2554,1,1,0.0526,0.0526
2025-12-25,Pune,Fulfillment,8,8,30,114.719,14.3399,0,2,0.0,0.25
2025-12-25,Pune,Intake,9,9,44,24.98,2.7756,2,2,0.2222,0.2222
2025-12-25,Pune,Support,3,2,12,4.9,2.45,0,0,0.0,0.0
2025-12-25,Pune,Verification,8,8,31,43.085,5.3856,0,1,0.0,0.125
2025-12-26,Bengaluru,Fulfillment,9,8,29,148.553,18.5691,0,1,0.0,0.125
2025-12-26,Bengaluru,Intake,11,10,34,23.133,2.3133,0,0,0.0,0.0
2025-12-26,Bengaluru,Support,4,4,20,16.18,4.045,0,1,0.0,0.25
2025-12-26,Bengaluru,Verification,8,7,29,35.011,5.0016,0,0,0.0,0.0
2025-12-26,Delhi,Fulfillment,9,8,33,112.789,14.0986,0,0,0.0,0.0
2025-12-26,Delhi,Intake,18,17,71,27.037,1.5904,0,0,0.0,0.0
2025-12-26,Delhi,Support,5,3,10,14.368,4.7893,0,1,0.0,0.3333
2025-12-26,Delhi,Verification,15,14,48,104.235,7.4454,1,4,0.0714,0.2857
2025-12-26,Mumbai,Fulfillment,17,17,68,283.281,16.6636,2,2,0.1176,0.1176
2025-12-26,Mumbai,Intake,13,13,54,28.629,2.2022,1,1,0.0769,0.0769
2025-12-26,Mumbai,Support,4,4,14,9.448,2.362,0,0,0.0,0.0
2025-12-26,Mumbai,Verification,14,13,52,59.47,4.5746,0,1,0.0,0.0769
2025-12-26,Pune,Fulfillment,9,9,36,152.033,16.8926,0,1,0.0,0.1111
2025-12-26,Pune,Intake,5,5,28,10.188,2.0376,1,0,0.2,0.0
2025-12-26,Pune,Support,3,3,10,16.177,5.3923,0,1,0.0,0.3333
2025-12-26,Pune,Verification,9,8,29,28.864,3.608,1,0,0.125,0.0
2025-12-27,Bengaluru,Fulfillment,7,7,31,106.305,15.1864,0,2,0.0,0.2857
2025-12-27,Bengaluru,Intake,3,3,8,4.284,1.428,0,0,0.0,0.0
2025-12-27,Bengaluru,Support,2,2,10,7.166,3.583,0,0,0.0,0.0
2025-12-27,Bengaluru,Verification,5,5,14,20.852,4.1704,0,1,0.0,0.2
2025-12-27,Delhi,Fulfillment,3,3,12,54.722,18.2407,1,1,0.3333,0.3333
2025-12-27,Delhi,Intake,3,2,7,1.899,0.9495,0,0,0.0,0.0
2025-12-27,Delhi,Support,3,3,10,11.067,3.689,0,0,0.0,0.0
2025-12-27,Delhi,Verification,5,5,20,41.073,8.2146,0,2,0.0,0.4
2025-12-27,Mumbai,Fulfillment,17,16,76,209.691,13.1057,1,1,0.0625,0.0625
2025-12-27,Mumbai,Intake,7,7,30,12.031,1.7187,0,0,0.0,0.0
2025-12-27,Mumbai,Support,2,2,8,4.4,2.2,0,0,0.0,0.0
2025-12-27,Mumbai,Verification,9,9,34,47.324,5.2582,0,1,0.0,0.1111
2025-12-27,Pune,Fulfillment,2,2,7,17.793,8.8965,0,0,0.0,0.0
2025-12-27,Pune,Intake,4,4,17,6.096,1.524,0,0,0.0,0.0
2025-12-27,Pune,Support,2,2,5,10.147,5.0735,0,1,0.0,0.5
2025-12-27,Pune,Verification,3,3,19,14.776,4.9253,0,0,0.0,0.0
2025-12-28,Bengaluru,Fulfillment,5,4,16,44.47,11.1175,0,0,0.0,0.0
2025-12-28,Bengaluru,Intake,8,8,34,15.011,1.8764,0,0,0.0,0.0
2025-12-28,Bengaluru,Support,2,2,9,5.692,2.846,0,0,0.0,0.0
2025-12-28,Bengaluru,Verification,2,2,9,5.3,2.65,0,0,0.0,0.0
2025-12-28,Delhi,Fulfillment,6,6,22,80.379,13.3965,0,0,0.0,0.0
2025-12-28,Delhi,Intake,6,6,26,11.301,1.8835,0,0,0.0,0.0
2025-12-28,Delhi,Support,5,5,17,21.935,4.387,0,0,0.0,0.0
2025-12-28,Delhi,Verification,7,7,32,52.777,7.5396,0,2,0.0,0.2857
2025-12-28,Mumbai,Fulfillment,9,9,25,152.229,16.9143,0,2,0.0,0.2222
2025-12-28,Mumbai,Intake,8,8,32,15.904,1.988,0,0,0.0,0.0
2025-12-28,Mumbai,Support,2,2,10,9.531,4.7655,0,0,0.0,0.0
2025-12-28,Mumbai,Verification,10,10,37,48.863,4.8863,0,0,0.0,0.0
2025-12-28,Pune,Fulfillment,4,3,17,39.968,13.3227,0,0,0.0,0.0
2025-12-28,Pune,Intake,7,7,33,14.215,2.0307,1,0,0.1429,0.0
2025-12-28,Pune,Support,1,1,2,2.8,2.8,0,0,0.0,0.0
2025-12-28,Pune,Verification,6,6,15,28.562,4.7603,0,1,0.0,0.1667
2025-12-29,Bengaluru,Fulfillment,9,9,43,146.817,16.313,0,2,0.0,0.2222
2025-12-29,Bengaluru,Intake,9,7,34,17.518,2.5026,0,0,0.0,0.0
2025-12-29,Bengaluru,Support,3,3,7,9.182,3.0607,0,0,0.0,0.0
2025-12-29,Bengaluru,Verification,8,8,37,44.37,5.5462,0,2,0.0,0.25
2025-12-29,Delhi,Fulfillment,16,16,64,281.319,17.5824,0,3,0.0,0.1875
2025-12-29,Delhi,Intake,14,14,66,40.384,2.8846,1,2,0.0714,0.1429
2025-12-29,Delhi,Support,5,5,22,28.527,5.7054,0,2,0.0,0.4
2025-12-29,Delhi,Verification,15,15,56,164.134,10.9423,1,11,0.0667,0.7333
2025-12-29,Mumbai,Fulfillment,12,11,41,197.313,17.9375,0,3,0.0,0.2727
2025-12-29,Mumbai,Intake,17,17,58,42.361,2.4918,1,2,0.0588,0.1176
2025-12-29,Mumbai,Support,3,3,10,8.686,2.8953,0,0,0.0,0.0
2025-12-29,Mumbai,Verification,18,17,81,92.652,5.4501,1,3,0.0588,0.1765
2025-12-29,Pune,Fulfillment,11,10,30,154.668,15.4668,0,1,0.0,0.1
2025-12-29,Pune,Intake,12,10,49,19.947,1.9947,1,1,0.1,0.1
2025-12-29,Pune,Support,5,3,21,9.608,3.2027,0,0,0.0,0.0
2025-12-29,Pune,Verification,13,12,47,59.152,4.9293,1,2,0.0833,0.1667
2025-12-30,Bengaluru,Fulfillment,15,13,50,226.35,17.4115,1,2,0.0769,0.1538
2025-12-30,Bengaluru,Intake,9,9,48,17.556,1.9507,0,0,0.0,0.0
2025-12-30,Bengaluru,Support,6,6,24,23.895,3.9825,0,1,0.0,0.1667
2025-12-30,Bengaluru,Verification,8,7,18,34.801,4.9716,0,1,0.0,0.1429
2025-12-30,Delhi,Fulfillment,16,16,66,361.83,22.6144,0,8,0.0,0.5
2025-12-30,Delhi,Intake,11,11,36,24.592,2.2356,0,1,0.0,0.0909
2025-12-30,Delhi,Support,3,3,7,17.806,5.9353,0,2,0.0,0.6667
2025-12-30,Delhi,Verification,15,13,54,125.431,9.6485,2,8,0.1538,0.6154
2025-12-30,Mumbai,Fulfillment,19,19,79,302.623,15.9275,1,1,0.0526,0.0526
2025-12-30,Mumbai,Intake,19,17,81,40.42,2.3776,1,1,0.0588,0.0588
2025-12-30,Mumbai,Support,4,4,14,18.053,4.5132,0,0,0.0,0.0
2025-12-30,Mumbai,Verification,13,12,38,57.551,4.7959,2,0,0.1667,0.0
2025-12-30,Pune,Fulfillment,10,10,34,146.679,14.6679,0,1,0.0,0.1
2025-12-30,Pune,Intake,13,11,45,27.821,2.5292,0,0,0.0,0.0
2025-12-30,Pune,Support,6,5,16,16.371,3.2742,0,0,0.0,0.0
2025-12-30,Pune,Verification,10,10,40,55.303,5.5303,0,1,0.0,0.1
2025-12-31,Bengaluru,Fulfillment,8,8,29,130.116,16.2645,0,0,0.0,0.0
2025-12-31,Bengaluru,Intake,18,18,72,49.87,2.7706,1,4,0.0556,0.2222
2025-12-31,Bengaluru,Support,2,2,9,5.0,2.5,0,0,0.0,0.0
2025-12-31,Bengaluru,Verification,7,6,25,24.969,4.1615,2,0,0.3333,0.0
2025-12-31,Delhi,Fulfillment,4,4,19,89.04,22.26,0,2,0.0,0.5
2025-12-31,Delhi,Intake,20,20,65,42.359,2.118,0,0,0.0,0.0
2025-12-31,Delhi,Support,5,5,14,20.006,4.0012,0,0,0.0,0.0
2025-12-31,Delhi,Verification,12,12,45,88.228,7.3523,0,5,0.0,0.4167
2025-12-31,Mumbai,Fulfillment,20,19,79,282.705,14.8792,0,2,0.0,0.1053
2025-12-31,Mumbai,Intake,16,16,52,35.018,2.1886,3,1,0.1875,0.0625
2025-12-31,Mumbai,Support,3,3,9,9.609,3.203,0,0,0.0,0.0
2025-12-31,Mumbai,Verification,14,13,46,74.816,5.7551,0,3,0.0,0.2308
2025-12-31,Pune,Fulfillment,7,7,33,109.684,15.6691,0,1,0.0,0.1429
2025-12-31,Pune,Intake,12,11,46,19.517,1.7743,0,0,0.0,0.0
2025-12-31,Pune,Support,4,4,20,8.224,2.056,0,0,0.0,0.0
2025-12-31,Pune,Verification,7,7,29,35.446,5.0637,0,0,0.0,0.0
2026-01-01,Bengaluru,Fulfillment,9,9,32,146.238,16.2487,0,3,0.0,0.3333
2026-01-01,Bengaluru,Intake,3,3,12,4.698,1.566,0,0,0.0,0.0
2026-01-01,Bengaluru,Support,2,2,5,7.05,3.525,0,0,0.0,0.0
2026-01-01,Bengaluru,Verification,12,11,48,47.509,4.319,0,0,0.0,0.0
2026-01-01,Delhi,Fulfillment,11,10,45,132.133,13.2133,1,2,0.1,0.2
2026-01-01,Delhi,Intake,13,13,62,23.899,1.8384,2,0,0.1538,0.0
2026-01-01,Delhi,Support,3,3,11,10.265,3.4217,0,0,0.0,0.0
2026-01-01,Delhi,Verification,13,12,50,114.393,9.5328,0,7,0.0,0.5833
2026-01-01,Mumbai,Fulfillment,12,12,37,123.474,10.2895,0,0,0.0,0.0
2026-01-01,Mumbai,Intake,10,9,33,18.118,2.0131,0,1,0.0,0.1111
2026-01-01,Mumbai,Support,9,9,35,26.585,2.9539,0,0,0.0,0.0
2026-01-01,Mumbai,Verification,20,20,85,95.502,4.7751,0,2,0.0,0.1
2026-01-01,Pune,Fulfillment,7,7,35,111.341,15.9059,0,2,0.0,0.2857
2026-01-01,Pune,Intake,13,13,60,16.971,1.3055,0,0,0.0,0.0
2026-01-01,Pune,Support,2,2,9,6.339,3.1695,0,0,0.0,0.0
2026-01-01,Pune,Verification,11,11,40,58.467,5.3152,1,2,0.0909,0.1818
2026-01-02,Bengaluru,Fulfillment,9,9,30,140.975,15.6639,1,1,0.1111,0.1111
2026-01-02,Bengaluru,Intake,3,2,6,5.977,2.9885,0,1,0.0,0.5
2026-01-02,Bengaluru,Support,5,5,18,20.389,4.0778,0,1,0.0,0.2
2026-01-02,Bengaluru,Verification,13,12,42,61.627,5.1356,1,1,0.0833,0.0833
2026-01-02,Delhi,Fulfillment,8,8,35,117.838,14.7298,0,1,0.0,0.125
2026-01-02,Delhi,Intake,13,13,54,29.619,2.2784,0,2,0.0,0.1538
2026-01-02,Delhi,Support,1,1,2,2.283,2.283,0,0,0.0,0.0
2026-01-02,Delhi,Verification,15,14,62,110.552,7.8966,0,6,0.0,0.4286
2026-01-02,Mumbai,Fulfillment,18,18,70,241.375,13.4097,1,0,0.0556,0.0
2026-01-02,Mumbai,Intake,17,17,58,36.057,2.121,0,0,0.0,0.0
2026-01-02,Mumbai,Support,3,3,8,8.333,2.7777,0,0,0.0,0.0
2026-01-02,Mumbai,Verification,15,15,50,75.708,5.0472,0,2,0.0,0.1333
2026-01-02,Pune,Fulfillment,11,10,42,108.599,10.8599,0,0,0.0,0.0
2026-01-02,Pune,Intake,6,6,32,11.216,1.8693,0,0,0.0,0.0
2026-01-02,Pune,Support,5,5,15,21.071,4.2142,0,2,0.0,0.4
2026-01-02,Pune,Verification,7,7,27,31.638,4.5197,0,0,0.0,0.0
2026-01-03,Bengaluru,Fulfillment,3,3,5,43.483,14.4943,0,0,0.0,0.0
2026-01-03,Bengaluru,Intake,2,2,5,4.197,2.0985,0,0,0.0,0.0
2026-01-03,Bengaluru,Support,2,2,7,5.242,2.621,0,0,0.0,0.0
2026-01-03,Bengaluru,Verification,6,5,21,23.065,4.613,1,0,0.2,0.0
2026-01-03,Delhi,Fulfillment,5,5,16,64.189,12.8378,0,0,0.0,0.0
2026-01-03,Delhi,Intake,12,11,46,15.901,1.4455,3,0,0.2727,0.0
2026-01-03,Delhi,Support,1,1,4,5.222,5.222,0,0,0.0,0.0
2026-01-03,Delhi,Verification,5,5,20,51.21,10.242,0,3,0.0,0.6
2026-01-03,Mumbai,Fulfillment,12,11,55,171.945,15.6314,1,2,0.0909,0.1818
2026-01-03,Mumbai,Intake,4,4,25,6.96,1.74,1,0,0.25,0.0
2026-01-03,Mumbai,Support,3,3,13,7.923,2.641,0,0,0.0,0.0
2026-01-03,Mumbai,Verification,7,6,27,33.817,5.6362,0,1,0.0,0.1667
2026-01-03,Pune,Fulfillment,11,11,39,115.593,10.5085,0,0,0.0,0.0
2026-01-03,Pune,Intake,9,9,47,16.694,1.8549,0,1,0.0,0.1111
2026-01-03,Pune,Support,2,2,6,6.133,3.0665,0,0,0.0,0.0
2026-01-03,Pune,Verification,5,4,19,19.691,4.9228,0,0,0.0,0.0
2026-01-04,Bengaluru,Fulfillment,4,4,15,72.303,18.0758,0,1,0.0,0.25
2026-01-04,Bengaluru,Intake,4,4,16,7.166,1.7915,0,0,0.0,0.0
2026-01-04,Bengaluru,Verification,8,8,29,45.859,5.7324,1,2,0.125,0.25
2026-01-04,Delhi,Fulfillment,10,9,33,179.285,19.9206,0,2,0.0,0.2222
2026-01-04,Delhi,Intake,2,2,5,4.112,2.056,0,0,0.0,0.0
2026-01-04,Delhi,Support,2,1,1,2.809,2.809,0,0,0.0,0.0
2026-01-04,Delhi,Verification,12,12,51,81.61,6.8008,0,4,0.0,0.3333
2026-01-04,Mumbai,Fulfillment,9,9,40,129.621,14.4023,0,1,0.0,0.1111
2026-01-04,Mumbai,Intake,10,9,38,19.51,2.1678,0,0,0.0,0.0
2026-01-04,Mumbai,Support,2,2,11,5.139,2.5695,0,0,0.0,0.0
2026-01-04,Mumbai,Verification,9,8,38,53.242,6.6552,0,3,0.0,0.375
2026-01-04,Pune,Fulfillment,7,7,19,75.876,10.8394,0,0,0.0,0.0
2026-01-04,Pune,Intake,6,6,23,8.604,1.434,0,0,0.0,0.0
2026-01-04,Pune,Support,2,2,10,8.31,4.155,0,0,0.0,0.0
2026-01-04,Pune,Verification,5,5,26,23.849,4.7698,0,0,0.0,0.0
2026-01-05,Bengaluru,Fulfillment,9,9,45,154.302,17.1447,1,2,0.1111,0.2222
2026-01-05,Bengaluru,Intake,5,5,19,9.437,1.8874,0,0,0.0,0.0
2026-01-05,Bengaluru,Support,4,4,16,13.77,3.4425,0,1,0.0,0.25
2026-01-05,Bengaluru,Verification,4,4,20,31.654,7.9135,1,2,0.25,0.5
2026-01-05,Delhi,Fulfillment,17,16,67,269.428,16.8392,1,2,0.0625,0.125
2026-01-05,Delhi,Intake,22,20,86,54.462,2.7231,1,2,0.05,0.1
2026-01-05,Delhi,Support,5,5,25,22.626,4.5252,0,1,0.0,0.2
2026-01-05,Delhi,Verification,11,11,45,96.453,8.7685,0,5,0.0,0.4545
2026-01-05,Mumbai,Fulfillment,24,24,98,413.419,17.2258,3,3,0.125,0.125
2026-01-05,Mumbai,Intake,14,13,63,37.299,2.8692,1,2,0.0769,0.1538
2026-01-05,Mumbai,Support,3,3,13,9.751,3.2503,2,0,0.6667,0.0
2026-01-05,Mumbai,Verification,20,18,78,113.23,6.2906,0,4,0.0,0.2222
2026-01-05,Pune,Fulfillment,10,10,47,165.609,16.5609,0,3,0.0,0.3
2026-01-05,Pune,Intake,15,15,76,35.718,2.3812,1,1,0.0667,0.0667
2026-01-05,Pune,Support,5,5,21,20.263,4.0526,0,1,0.0,0.2
2026-01-05,Pune,Verification,9,9,33,48.417,5.3797,0,2,0.0,0.2222
2026-01-06,Bengaluru,Fulfillment,7,7,26,92.975,13.2821,0,0,0.0,0.0
2026-01-06,Bengaluru,Intake,15,14,56,36.667,2.6191,0,0,0.0,0.0
2026-01-06,Bengaluru,Support,2,2,7,11.336,5.668,0,1,0.0,0.5
2026-01-06,Bengaluru,Verification,11,10,35,70.18,7.018,2,3,0.2,0.3
2026-01-06,Delhi,Fulfillment,8,7,26,111.892,15.9846,0,1,0.0,0.1429
2026-01-06,Delhi,Intake,9,9,36,18.582,2.0647,0,1,0.0,0.1111
2026-01-06,Delhi,Support,6,6,21,28.452,4.742,0,2,0.0,0.3333
2026-01-06,Delhi,Verification,17,16,79,113.674,7.1046,3,5,0.1875,0.3125
2026-01-06,Mumbai,Fulfillment,17,14,50,225.796,16.1283,1,2,0.0714,0.1429
2026-01-06,Mumbai,Intake,10,10,44,21.641,2.1641,1,1,0.1,0.1
2026-01-06,Mumbai,Support,8,7,26,26.986,3.8551,1,0,0.1429,0.0
2026-01-06,Mumbai,Verification,24,24,94,149.132,6.2138,0,7,0.0,0.2917
2026-01-06,Pune,Fulfillment,5,5,23,45.984,9.1968,0,0,0.0,0.0
2026-01-06,Pune,Intake,13,12,44,21.691,1.8076,0,0,0.0,0.0
2026-01-06,Pune,Support,3,3,9,12.972,4.324,1,0,0.3333,0.0
2026-01-06,Pune,Verification,11,11,37,47.274,4.2976,0,1,0.0,0.0909
2026-01-07,Bengaluru,Fulfillment,10,9,31,128.796,14.3107,0,0,0.0,0.0
2026-01-07,Bengaluru,Intake,13,12,43,26.132,2.1777,1,1,0.0833,0.0833
2026-01-07,Bengaluru,Support,1,1,3,2.798,2.798,0,0,0.0,0.0
2026-01-07,Bengaluru,Verification,8,8,28,46.584,5.823,0,0,0.0,0.0
2026-01-07,Delhi,Fulfillment,10,10,44,135.361,13.5361,0,2,0.0,0.2
2026-01-07,Delhi,Intake,8,8,28,19.567,2.4459,1,1,0.125,0.125
2026-01-07,Delhi,Support,6,6,26,13.825,2.3042,0,0,0.0,0.0
2026-01-07,Delhi,Verification,16,15,58,121.509,8.1006,2,7,0.1333,0.4667
2026-01-07,Mumbai,Fulfillment,9,8,30,136.007,17.0009,1,1,0.125,0.125
2026-01-07,Mumbai,Intake,10,10,32,24.316,2.4316,0,2,0.0,0.2
2026-01-07,Mumbai,Support,5,5,20,13.779,2.7558,0,0,0.0,0.0
2026-01-07,Mumbai,Verification,18,17,79,77.051,4.5324,1,2,0.0588,0.1176
2026-01-07,Pune,Fulfillment,7,7,26,82.881,11.8401,0,0,0.0,0.0
2026-01-07,Pune,Intake,9,9,32,12.765,1.4183,0,0,0.0,0.0
2026-01-07,Pune,Support,1,1,6,4.969,4.969,0,0,0.0,0.0
2026-01-07,Pune,Verification,7,7,29,34.124,4.8749,1,0,0.1429,0.0
2026-01-08,Bengaluru,Fulfillment,10,10,44,179.168,17.9168,1,2,0.1,0.2
2026-01-08,Bengaluru,Intake,7,6,26,12.237,2.0395,0,0,0.0,0.0
2026-01-08,Bengaluru,Support,4,3,10,9.522,3.174,0,0,0.0,0.0
2026-01-08,Bengaluru,Verification,18,18,68,92.917,5.1621,2,2,0.1111,0.1111
2026-01-08,Delhi,Fulfillment,13,11,46,152.639,13.8763,0,1,0.0,0.0909
2026-01-08,Delhi,Intake,11,10,33,22.809,2.2809,0,1,0.0,0.1
2026-01-08,Delhi,Support,2,1,2,1.731,1.731,0,0,0.0,0.0
2026-01-08,Delhi,Verification,10,9,34,80.684,8.9649,0,5,0.0,0.5556
2026-01-08,Mumbai,Fulfillment,17,16,65,227.868,14.2418,0,0,0.0,0.0
2026-01-08,Mumbai,Intake,10,10,46,18.335,1.8335,0,0,0.0,0.0
2026-01-08,Mumbai,Support,6,6,21,17.827,2.9712,0,0,0.0,0.0
2026-01-08,Mumbai,Verification,14,13,52,76.701,5.9001,0,1,0.0,0.0769
2026-01-08,Pune,Fulfillment,4,4,16,63.068,15.767,0,0,0.0,0.0
2026-01-08,Pune,Intake,10,9,29,11.96,1.3289,0,0,0.0,0.0
2026-01-08,Pune,Support,2,2,9,6.105,3.0525,0,0,0.0,0.0
2026-01-08,Pune,Verification,9,9,33,43.594,4.8438,0,0,0.0,0.0
2026-01-09,Bengaluru,Fulfillment,10,10,50,126.391,12.6391,1,0,0.1,0.0
2026-01-09,Bengaluru,Intake,10,10,38,19.391,1.9391,0,0,0.0,0.0
2026-01-09,Bengaluru,Support,1,1,6,2.195,2.195,0,0,0.0,0.0
2026-01-09,Bengaluru,Verification,6,6,30,35.236,5.8727,0,1,0.0,0.1667
2026-01-09,Delhi,Fulfillment,9,8,34,95.487,11.9359,0,0,0.0,0.0
2026-01-09,Delhi,Intake,11,11,42,18.982,1.7256,1,0,0.0909,0.0
2026-01-09,Delhi,Support,3,3,11,12.793,4.2643,0,1,0.0,0.3333
2026-01-09,Delhi,Verification,10,9,32,88.907,9.8786,2,5,0.2222,0.5556
2026-01-09,Mumbai,Fulfillment,13,13,53,207.059,15.9276,1,3,0.0769,0.2308
2026-01-09,Mumbai,Intake,16,16,53,27.937,1.7461,2,0,0.125,0.0
2026-01-09,Mumbai,Support,8,8,30,30.317,3.7896,0,1,0.0,0.125
2026-01-09,Mumbai,Verification,13,12,58,53.685,4.4738,0,0,0.0,0.0
2026-01-09,Pune,Fulfillment,5,5,13,66.677,13.3354,0,0,0.0,0.0
2026-01-09,Pune,Intake,4,3,10,6.989,2.3297,0,0,0.0,0.0
2026-01-09,Pune,Support,3,3,16,9.475,3.1583,0,0,0.0,0.0
2026-01-09,Pune,Verification,14,13,52,61.807,4.7544,0,2,0.0,0.1538
2026-01-10,Bengaluru,Fulfillment,8,8,31,120.798,15.0998,0,1,0.0,0.125
2026-01-10,Bengaluru,Intake,4,4,17,7.414,1.8535,0,0,0.0,0.0
2026-01-10,Bengaluru,Support,2,2,12,6.233,3.1165,0,0,0.0,0.0
2026-01-10,Bengaluru,Verification,4,4,15,22.154,5.5385,0,1,0.0,0.25
2026-01-10,Delhi,Fulfillment,1,1,3,16.111,16.111,0,0,0.0,0.0
2026-01-10,Delhi,Intake,12,12,43,27.77,2.3142,0,2,0.0,0.1667
2026-01-10,Delhi,Support,1,1,5,2.586,2.586,0,0,0.0,0.0
2026-01-10,Delhi,Verification,8,8,29,58.538,7.3172,0,2,0.0,0.25
2026-01-10,Mumbai,Fulfillment,11,11,47,130.564,11.8695,0,1,0.0,0.0909
2026-01-10,Mumbai,Intake,9,9,37,17.034,1.8927,0,0,0.0,0.0
2026-01-10,Mumbai,Support,2,2,9,9.093,4.5465,0,0,0.0,0.0
2026-01-10,Mumbai,Verification,11,11,36,54.953,4.9957,0,1,0.0,0.0909
2026-01-10,Pune,Fulfillment,10,7,26,58.917,8.4167,1,0,0.1429,0.0
2026-01-10,Pune,Intake,8,7,26,12.693,1.8133,1,1,0.1429,0.1429
2026-01-10,Pune,Support,1,1,8,2.85,2.85,0,0,0.0,0.0
2026-01-10,Pune,Verification,8,7,27,39.467,5.6381,0,1,0.0,0.1429
2026-01-11,Bengaluru,Fulfillment,4,3,12,42.374,14.1247,0,0,0.0,0.0
2026-01-11,Bengaluru,Intake,3,3,15,6.491,2.1637,0,0,0.0,0.0
2026-01-11,Bengaluru,Support,1,1,5,3.354,3.354,0,0,0.0,0.0
2026-01-11,Bengaluru,Verification,3,3,9,8.917,2.9723,0,0,0.0,0.0
2026-01-11,Delhi,Fulfillment,3,3,6,41.761,13.9203,0,0,0.0,0.0
2026-01-11,Delhi,Intake,4,3,12,4.785,1.595,0,0,0.0,0.0
2026-01-11,Delhi,Support,2,2,7,9.331,4.6655,0,0,0.0,0.0
2026-01-11,Delhi,Verification,8,8,32,67.62,8.4525,0,5,0.0,0.625
2026-01-11,Mumbai,Fulfillment,6,6,27,86.394,14.399,0,1,0.0,0.1667
2026-01-11,Mumbai,Intake,7,7,29,16.952,2.4217,0,1,0.0,0.1429
2026-01-11,Mumbai,Support,4,4,18,12.578,3.1445,0,0,0.0,0.0
2026-01-11,Mumbai,Verification,11,11,43,61.745,5.6132,0,2,0.0,0.1818
2026-01-11,Pune,Fulfillment,4,4,17,68.443,17.1108,0,1,0.0,0.25
2026-01-11,Pune,Intake,5,5,24,9.645,1.929,0,0,0.0,0.0
2026-01-11,Pune,Verification,6,6,23,21.889,3.6482,0,1,0.0,0.1667
2026-01-12,Bengaluru,Fulfillment,8,7,32,156.12,22.3029,0,3,0.0,0.4286
2026-01-12,Bengaluru,Intake,15,15,56,36.914,2.4609,1,1,0.0667,0.0667
2026-01-12,Bengaluru,Support,5,5,22,30.102,6.0204,0,2,0.0,0.4
2026-01-12,Bengaluru,Verification,8,8,31,40.825,5.1031,0,1,0.0,0.125
2026-01-12,Delhi,Fulfillment,15,15,68,246.749,16.4499,0,3,0.0,0.2
2026-01-12,Delhi,Intake,11,10,39,20.007,2.0007,0,0,0.0,0.0
2026-01-12,Delhi,Support,10,10,41,50.566,5.0566,1,4,0.1,0.4
2026-01-12,Delhi,Verification,13,13,60,115.305,8.8696,1,7,0.0769,0.5385
2026-01-12,Mumbai,Fulfillment,18,14,57,223.117,15.9369,1,1,0.0714,0.0714
2026-01-12,Mumbai,Intake,22,22,74,50.36,2.2891,2,0,0.0909,0.0
2026-01-12,Mumbai,Support,6,6,27,22.1,3.6833,0,0,0.0,0.0
2026-01-12,Mumbai,Verification,16,16,63,95.985,5.9991,0,2,0.0,0.125
2026-01-12,Pune,Fulfillment,9,8,29,123.037,15.3796,0,1,0.0,0.125
2026-01-12,Pune,Intake,9,8,26,16.342,2.0428,2,0,0.25,0.0
2026-01-12,Pune,Support,7,7,27,33.197,4.7424,0,1,0.0,0.1429
2026-01-12,Pune,Verification,7,7,27,36.89,5.27,1,0,0.1429,0.0
2026-01-13,Bengaluru,Fulfillment,5,5,25,120.246,24.0492,0,2,0.0,0.4
2026-01-13,Bengaluru,Intake,9,6,22,13.519,2.2532,1,0,0.1667,0.0
2026-01-13,Bengaluru,Support,1,1,6,4.833,4.833,0,0,0.0,0.0
2026-01-13,Bengaluru,Verification,14,13,62,63.543,4.8879,1,1,0.0769,0.0769
2026-01-13,Delhi,Fulfillment,14,14,66,220.366,15.7404,1,2,0.0714,0.1429
2026-01-13,Delhi,Intake,24,24,82,51.27,2.1362,0,2,0.0,0.0833
2026-01-13,Delhi,Support,5,5,13,17.269,3.4538,0,0,0.0,0.0
2026-01-13,Delhi,Verification,9,9,40,107.138,11.9042,0,6,0.0,0.6667
2026-01-13,Mumbai,Fulfillment,22,20,84,301.796,15.0898,1,3,0.05,0.15
2026-01-13,Mumbai,Intake,18,16,69,32.722,2.0451,0,1,0.0,0.0625
2026-01-13,Mumbai,Support,5,5,26,21.3,4.26,0,1,0.0,0.2
2026-01-13,Mumbai,Verification,12,12,54,63.819,5.3182,0,1,0.0,0.0833
2026-01-13,Pune,Fulfillment,11,11,35,127.596,11.5996,0,0,0.0,0.0
2026-01-13,Pune,Intake,6,6,19,10.552,1.7587,0,0,0.0,0.0
2026-01-13,Pune,Support,3,3,9,10.038,3.346,0,0,0.0,0.0
2026-01-13,Pune,Verification,10,10,39,40.388,4.0388,2,1,0.2,0.1
2026-01-14,Bengaluru,Fulfillment,6,6,15,60.275,10.0458,0,0,0.0,0.0
2026-01-14,Bengaluru,Intake,12,12,46,22.018,1.8348,0,0,0.0,0.0
2026-01-14,Bengaluru,Support,4,3,7,7.004,2.3347,0,0,0.0,0.0
2026-01-14,Bengaluru,Verification,7,7,33,33.007,4.7153,1,0,0.1429,0.0
2026-01-14,Delhi,Fulfillment,4,4,13,70.929,17.7322,1,0,0.25,0.0
2026-01-14,Delhi,Intake,9,9,43,19.542,2.1713,0,0,0.0,0.0
2026-01-14,Delhi,Support,5,4,12,14.391,3.5978,0,0,0.0,0.0
2026-01-14,Delhi,Verification,6,6,26,38.645,6.4408,0,0,0.0,0.0
2026-01-14,Mumbai,Fulfillment,13,13,46,200.855,15.4504,0,2,0.0,0.1538
2026-01-14,Mumbai,Intake,12,12,55,22.194,1.8495,0,0,0.0,0.0
2026-01-14,Mumbai,Support,6,6,22,23.068,3.8447,0,0,0.0,0.0
2026-01-14,Mumbai,Verification,13,13,52,77.005,5.9235,1,2,0.0769,0.1538
2026-01-14,Pune,Fulfillment,5,5,17,61.352,12.2704,0,0,0.0,0.0
2026-01-14,Pune,Intake,11,11,43,20.027,1.8206,2,0,0.1818,0.0
2026-01-14,Pune,Support,3,3,19,11.322,3.774,0,0,0.0,0.0
2026-01-14,Pune,Verification,8,8,32,30.92,3.865,0,0,0.0,0.0
2026-01-15,Bengaluru,Fulfillment,7,7,26,94.571,13.5101,1,0,0.1429,0.0
2026-01-15,Bengaluru,Intake,13,13,45,31.692,2.4378,0,2,0.0,0.1538
2026-01-15,Bengaluru,Support,2,2,9,5.92,2.96,1,0,0.5,0.0
2026-01-15,Bengaluru,Verification,9,8,32,45.962,5.7453,0,1,0.0,0.125
2026-01-15,Delhi,Fulfillment,12,12,47,198.714,16.5595,0,2,0.0,0.1667
2026-01-15,Delhi,Intake,8,6,20,18.736,3.1227,0,2,0.0,0.3333
2026-01-15,Delhi,Support,1,1,3,2.806,2.806,0,0,0.0,0.0
2026-01-15,Delhi,Verification,13,13,50,131.745,10.1342,0,8,0.0,0.6154
2026-01-15,Mumbai,Fulfillment,18,18,68,227.488,12.6382,1,0,0.0556,0.0
2026-01-15,Mumbai,Intake,21,21,72,47.65,2.269,3,1,0.1429,0.0476
2026-01-15,Mumbai,Support,6,6,29,25.458,4.243,0,1,0.0,0.1667
2026-01-15,Mumbai,Verification,13,12,44,53.952,4.496,0,0,0.0,0.0
2026-01-15,Pune,Fulfillment,11,11,42,134.726,12.2478,0,1,0.0,0.0909
2026-01-15,Pune,Intake,5,5,20,9.705,1.941,0,0,0.0,0.0
2026-01-15,Pune,Support,4,4,14,10.663,2.6658,0,0,0.0,0.0
2026-01-15,Pune,Verification,11,10,45,61.278,6.1278,0,2,0.0,0.2
2026-01-16,Bengaluru,Fulfillment,7,7,23,92.14,13.1629,0,0,0.0,0.0
2026-01-16,Bengaluru,Intake,8,8,36,17.499,2.1874,0,0,0.0,0.0
2026-01-16,Bengaluru,Support,1,1,4,1.983,1.983,0,0,0.0,0.0
2026-01-16,Bengaluru,Verification,4,4,15,19.968,4.992,0,0,0.0,0.0
2026-01-16,Delhi,Fulfillment,13,13,53,187.534,14.4257,0,2,0.0,0.1538
2026-01-16,Delhi,Intake,10,10,32,25.741,2.5741,2,1,0.2,0.1
2026-01-16,Delhi,Support,6,6,23,18.618,3.103,1,0,0.1667,0.0
2026-01-16,Delhi,Verification,15,15,58,133.472,8.8981,0,8,0.0,0.5333
2026-01-16,Mumbai,Fulfillment,14,14,52,213.263,15.2331,1,1,0.0714,0.0714
2026-01-16,Mumbai,Intake,11,11,40,19.497,1.7725,1,0,0.0909,0.0
2026-01-16,Mumbai,Support,7,7,26,22.397,3.1996,0,0,0.0,0.0
2026-01-16,Mumbai,Verification,16,16,65,80.068,5.0042,0,2,0.0,0.125
2026-01-16,Pune,Fulfillment,5,5,22,71.904,14.3808,0,0,0.0,0.0
2026-01-16,Pune,Intake,12,11,47,22.182,2.0165,0,0,0.0,0.0
2026-01-16,Pune,Support,3,3,15,10.205,3.4017,0,0,0.0,0.0
2026-01-16,Pune,Verification,3,3,5,10.005,3.335,0,0,0.0,0.0
2026-01-17,Bengaluru,Fulfillment,7,7,36,110.063,15.7233,0,1,0.0,0.1429
2026-01-17,Bengaluru,Intake,10,10,39,19.823,1.9823,0,0,0.0,0.0
2026-01-17,Bengaluru,Support,1,1,5,6.883,6.883,0,1,0.0,1.0
2026-01-17,Bengaluru,Verification,5,5,29,23.298,4.6596,0,0,0.0,0.0
2026-01-17,Delhi,Fulfillment,6,6,24,61.017,10.1695,1,0,0.1667,0.0
2026-01-17,Delhi,Intake,7,6,16,10.124,1.6873,0,0,0.0,0.0
2026-01-17,Delhi,Support,2,2,4,6.61,3.305,0,0,0.0,0.0
2026-01-17,Delhi,Verification,4,3,7,27.683,9.2277,0,1,0.0,0.3333
2026-01-17,Mumbai,Fulfillment,8,7,29,77.53,11.0757,0,0,0.0,0.0
2026-01-17,Mumbai,Intake,12,12,37,25.615,2.1346,0,0,0.0,0.0
2026-01-17,Mumbai,Support,2,2,5,9.034,4.517,1,0,0.5,0.0
2026-01-17,Mumbai,Verification,14,13,47,62.057,4.7736,0,1,0.0,0.0769
2026-01-17,Pune,Fulfillment,5,5,17,77.482,15.4964,0,0,0.0,0.0
2026-01-17,Pune,Intake,9,9,41,17.235,1.915,0,0,0.0,0.0
2026-01-17,Pune,Support,1,1,5,6.643,6.643,0,1,0.0,1.0
2026-01-17,Pune,Verification,7,6,23,21.641,3.6068,1,0,0.1667,0.0
2026-01-18,Bengaluru,Fulfillment,2,2,7,17.581,8.7905,0,0,0.0,0.0
2026-01-18,Bengaluru,Intake,5,5,25,8.202,1.6404,0,0,0.0,0.0
2026-01-18,Bengaluru,Support,1,1,5,2.802,2.802,0,0,0.0,0.0
2026-01-18,Bengaluru,Verification,4,4,19,15.8,3.95,0,0,0.0,0.0
2026-01-18,Delhi,Fulfillment,3,3,10,39.179,13.0597,0,0,0.0,0.0
2026-01-18,Delhi,Intake,6,6,24,8.113,1.3522,0,0,0.0,0.0
2026-01-18,Delhi,Support,2,2,14,9.532,4.766,0,1,0.0,0.5
2026-01-18,Delhi,Verification,2,2,7,21.981,10.9905,1,2,0.5,1.0
2026-01-18,Mumbai,Fulfillment,8,8,35,126.505,15.8131,0,1,0.0,0.125
2026-01-18,Mumbai,Intake,3,3,15,6.407,2.1357,1,0,0.3333,0.0
2026-01-18,Mumbai,Support,5,5,22,13.435,2.687,0,0,0.0,0.0
2026-01-18,Mumbai,Verification,8,7,35,31.991,4.5701,0,1,0.0,0.1429
2026-01-18,Pune,Fulfillment,6,6,21,70.507,11.7512,0,0,0.0,0.0
2026-01-18,Pune,Intake,4,4,19,9.054,2.2635,0,1,0.0,0.25
2026-01-18,Pune,Verification,3,2,7,10.139,5.0695,0,0,0.0,0.0
2026-01-19,Bengaluru,Fulfillment,9,9,32,143.959,15.9954,0,1,0.0,0.1111
2026-01-19,Bengaluru,Intake,10,10,35,26.055,2.6055,0,1,0.0,0.1
2026-01-19,Bengaluru,Support,4,4,16,13.637,3.4092,0,0,0.0,0.0
2026-01-19,Bengaluru,Verification,9,7,27,48.929,6.9899,0,4,0.0,0.5714
2026-01-19,Delhi,Fulfillment,11,11,51,208.569,18.9608,0,2,0.0,0.1818
2026-01-19,Delhi,Intake,16,16,69,38.895,2.4309,0,1,0.0,0.0625
2026-01-19,Delhi,Support,3,3,15,13.336,4.4453,0,1,0.0,0.3333
2026-01-19,Delhi,Verification,14,13,60,121.786,9.3682,2,8,0.1538,0.6154
2026-01-19,Mumbai,Fulfillment,17,16,61,296.354,18.5221,1,3,0.0625,0.1875
2026-01-19,Mumbai,Intake,21,21,101,50.537,2.4065,2,1,0.0952,0.0476
2026-01-19,Mumbai,Support,11,9,32,35.07,3.8967,0,1,0.0,0.1111
2026-01-19,Mumbai,Verification,21,20,91,127.36,6.368,0,3,0.0,0.15
2026-01-19,Pune,Fulfillment,14,13,60,219.93,16.9177,2,1,0.1538,0.0769
2026-01-19,Pune,Intake,8,7,31,17.067,2.4381,0,1,0.0,0.1429
2026-01-19,Pune,Support,3,3,16,16.044,5.348,0,1,0.0,0.3333
2026-01-19,Pune,Verification,15,15,51,76.148,5.0765,1,3,0.0667,0.2
2026-01-20,Bengaluru,Fulfillment,12,11,47,135.58,12.3255,0,1,0.0,0.0909
2026-01-20,Bengaluru,Intake,6,6,25,15.658,2.6097,0,1,0.0,0.1667
2026-01-20,Bengaluru,Support,2,2,9,8.2,4.1,0,0,0.0,0.0
2026-01-20,Bengaluru,Verification,3,2,6,10.4,5.2,0,0,0.0,0.0
2026-01-20,Delhi,Fulfillment,12,12,55,188.279,15.6899,1,1,0.0833,0.0833
2026-01-20,Delhi,Intake,11,11,35,28.667,2.6061,0,0,0.0,0.0
2026-01-20,Delhi,Support,1,1,5,1.817,1.817,0,0,0.0,0.0
2026-01-20,Delhi,Verification,19,16,55,139.295,8.7059,1,8,0.0625,0.5
2026-01-20,Mumbai,Fulfillment,22,19,88,325.937,17.1546,1,2,0.0526,0.1053
2026-01-20,Mumbai,Intake,13,12,62,17.749,1.4791,0,0,0.0,0.0
2026-01-20,Mumbai,Support,4,4,13,10.116,2.529,0,0,0.0,0.0
2026-01-20,Mumbai,Verification,9,8,22,48.778,6.0972,0,2,0.0,0.25
2026-01-20,Pune,Fulfillment,11,11,48,119.937,10.9034,0,1,0.0,0.0909
2026-01-20,Pune,Intake,8,8,28,13.799,1.7249,0,0,0.0,0.0
2026-01-20,Pune,Support,5,5,20,18.066,3.6132,0,1,0.0,0.2
2026-01-20,Pune,Verification,7,7,34,29.954,4.2791,0,0,0.0,0.0
2026-01-21,Bengaluru,Fulfillment,5,5,17,94.516,18.9032,0,1,0.0,0.2
2026-01-21,Bengaluru,Intake,5,5,18,11.414,2.2828,0,0,0.0,0.0
2026-01-21,Bengaluru,Support,3,1,9,6.583,6.583,0,1,0.0,1.0
2026-01-21,Bengaluru,Verification,12,11,43,55.414,5.0376,1,1,0.0909,0.0909
2026-01-21,Delhi,Fulfillment,12,10,36,146.186,14.6186,0,1,0.0,0.1
2026-01-21,Delhi,Intake,7,7,30,16.022,2.2889,1,0,0.1429,0.0
2026-01-21,Delhi,Support,2,1,5,1.221,1.221,0,0,0.0,0.0
2026-01-21,Delhi,Verification,10,10,40,95.49,9.549,1,5,0.1,0.5
2026-01-21,Mumbai,Fulfillment,24,23,81,339.362,14.7549,3,2,0.1304,0.087
2026-01-21,Mumbai,Intake,17,14,66,28.039,2.0028,0,0,0.0,0.0
2026-01-21,Mumbai,Support,8,8,37,29.296,3.662,0,1,0.0,0.125
2026-01-21,Mumbai,Verification,15,15,55,73.198,4.8799,1,2,0.0667,0.1333
2026-01-21,Pune,Fulfillment,10,8,31,122.632,15.329,0,2,0.0,0.25
2026-01-21,Pune,Intake,12,12,56,17.922,1.4935,1,0,0.0833,0.0
2026-01-21,Pune,Support,3,3,19,10.542,3.514,0,0,0.0,0.0
2026-01-21,Pune,Verification,14,14,56,50.985,3.6418,0,0,0.0,0.0
2026-01-22,Bengaluru,Fulfillment,6,5,22,75.144,15.0288,0,0,0.0,0.0
2026-01-22,Bengaluru,Intake,8,8,33,21.577,2.6971,0,1,0.0,0.125
2026-01-22,Bengaluru,Support,5,5,24,14.139,2.8278,1,0,0.2,0.0
2026-01-22,Bengaluru,Verification,8,8,34,44.167,5.5209,0,1,0.0,0.125
2026-01-22,Delhi,Fulfillment,9,9,36,109.803,12.2003,0,0,0.0,0.0
2026-01-22,Delhi,Intake,12,12,49,19.507,1.6256,1,0,0.0833,0.0
2026-01-22,Delhi,Support,5,5,21,18.421,3.6842,0,0,0.0,0.0
2026-01-22,Delhi,Verification,9,8,33,52.561,6.5701,0,1,0.0,0.125
2026-01-22,Mumbai,Fulfillment,14,13,57,184.947,14.2267,2,1,0.1538,0.0769
2026-01-22,Mumbai,Intake,17,16,59,36.773,2.2983,0,1,0.0,0.0625
2026-01-22,Mumbai,Support,6,5,21,19.773,3.9546,1,0,0.2,0.0
2026-01-22,Mumbai,Verification,17,15,59,88.116,5.8744,0,4,0.0,0.2667
2026-01-22,Pune,Fulfillment,8,8,35,107.734,13.4668,0,0,0.0,0.0
2026-01-22,Pune,Intake,8,8,30,14.069,1.7586,2,1,0.25,0.125
2026-01-22,Pune,Support,2,2,8,3.517,1.7585,0,0,0.0,0.0
2026-01-22,Pune,Verification,6,6,24,31.863,5.3105,0,1,0.0,0.1667
2026-01-23,Bengaluru,Fulfillment,7,7,30,74.34,10.62,0,0,0.0,0.0
2026-01-23,Bengaluru,Intake,4,4,16,8.746,2.1865,1,0,0.25,0.0
2026-01-23,Bengaluru,Support,3,3,9,10.899,3.633,1,1,0.3333,0.3333
2026-01-23,Bengaluru,Verification,9,8,30,39.797,4.9746,0,0,0.0,0.0
2026-01-23,Delhi,Fulfillment,9,8,36,97.152,12.144,1,0,0.125,0.0
2026-01-23,Delhi,Intake,8,8,40,13.802,1.7252,0,0,0.0,0.0
2026-01-23,Delhi,Support,2,2,10,6.991,3.4955,0,0,0.0,0.0
2026-01-23,Delhi,Verification,16,16,63,131.374,8.2109,0,8,0.0,0.5
2026-01-23,Mumbai,Fulfillment,13,11,46,190.141,17.2855,0,2,0.0,0.1818
2026-01-23,Mumbai,Intake,20,18,65,39.971,2.2206,0,2,0.0,0.1111
2026-01-23,Mumbai,Support,1,1,6,2.267,2.267,0,0,0.0,0.0
2026-01-23,Mumbai,Verification,12,12,54,69.849,5.8208,1,2,0.0833,0.1667
2026-01-23,Pune,Fulfillment,8,8,30,137.787,17.2234,0,1,0.0,0.125
2026-01-23,Pune,Intake,7,7,29,14.266,2.038,0,0,0.0,0.0
2026-01-23,Pune,Support,3,3,15,13.064,4.3547,0,1,0.0,0.3333
2026-01-23,Pune,Verification,10,9,29,33.235,3.6928,0,0,0.0,0.0
2026-01-24,Bengaluru,Fulfillment,5,5,20,108.315,21.663,1,1,0.2,0.2
2026-01-24,Bengaluru,Intake,3,3,14,6.06,2.02,0,0,0.0,0.0
2026-01-24,Bengaluru,Support,3,3,9,13.187,4.3957,0,1,0.0,0.3333
2026-01-24,Bengaluru,Verification,3,3,17,9.838,3.2793,0,0,0.0,0.0
2026-01-24,Delhi,Fulfillment,6,5,17,123.19,24.638,1,2,0.2,0.4
2026-01-24,Delhi,Intake,10,9,34,22.228,2.4698,0,1,0.0,0.1111
2026-01-24,Delhi,Support,3,3,5,8.457,2.819,0,0,0.0,0.0
2026-01-24,Delhi,Verification,11,11,48,91.289,8.299,1,6,0.0909,0.5455
2026-01-24,Mumbai,Fulfillment,9,9,39,106.51,11.8344,0,0,0.0,0.0
2026-01-24,Mumbai,Intake,10,9,39,16.358,1.8176,0,0,0.0,0.0
2026-01-24,Mumbai,Support,4,4,10,13.553,3.3882,0,0,0.0,0.0
2026-01-24,Mumbai,Verification,8,8,30,49.54,6.1925,0,3,0.0,0.375
2026-01-24,Pune,Fulfillment,6,6,21,70.213,11.7022,0,0,0.0,0.0
2026-01-24,Pune,Intake,7,7,19,12.969,1.8527,0,0,0.0,0.0
2026-01-24,Pune,Support,3,3,16,10.585,3.5283,0,0,0.0,0.0
2026-01-24,Pune,Verification,3,3,8,15.842,5.2807,0,1,0.0,0.3333
2026-01-25,Bengaluru,Fulfillment,7,7,30,99.914,14.2734,0,1,0.0,0.1429
2026-01-25,Bengaluru,Intake,3,3,18,4.616,1.5387,0,0,0.0,0.0
2026-01-25,Bengaluru,Support,1,1,4,5.481,5.481,0,0,0.0,0.0
2026-01-25,Bengaluru,Verification,7,7,28,43.283,6.1833,0,1,0.0,0.1429
2026-01-25,Delhi,Fulfillment,5,5,20,56.665,11.333,0,0,0.0,0.0
2026-01-25,Delhi,Intake,5,4,21,5.948,1.487,0,0,0.0,0.0
2026-01-25,Delhi,Support,2,2,11,7.207,3.6035,0,0,0.0,0.0
2026-01-25,Delhi,Verification,5,5,23,50.785,10.157,0,5,0.0,1.0
2026-01-25,Mumbai,Fulfillment,6,6,19,60.945,10.1575,0,0,0.0,0.0
2026-01-25,Mumbai,Intake,4,4,25,6.483,1.6208,0,0,0.0,0.0
2026-01-25,Mumbai,Support,1,0,0,0.0,,0,0,,
2026-01-25,Mumbai,Verification,8,8,31,50.935,6.3669,0,2,0.0,0.25
2026-01-25,Pune,Fulfillment,5,5,14,58.168,11.6336,1,0,0.2,0.0
2026-01-25,Pune,Intake,4,4,20,6.114,1.5285,0,0,0.0,0.0
2026-01-25,Pune,Verification,7,6,25,28.378,4.7297,0,1,0.0,0.1667
2026-01-26,Bengaluru,Fulfillment,15,15,46,271.17,18.078,0,4,0.0,0.2667
2026-01-26,Bengaluru,Intake,15,15,63,35.151,2.3434,0,0,0.0,0.0
2026-01-26,Bengaluru,Support,5,5,23,23.844,4.7688,0,1,0.0,0.2
2026-01-26,Bengaluru,Verification,7,7,24,26.301,3.7573,0,0,0.0,0.0
2026-01-26,Delhi,Fulfillment,18,18,74,307.974,17.1097,2,4,0.1111,0.2222
2026-01-26,Delhi,Intake,12,12,48,29.82,2.485,0,0,0.0,0.0
2026-01-26,Delhi,Support,2,2,5,4.233,2.1165,0,0,0.0,0.0
2026-01-26,Delhi,Verification,17,16,68,151.273,9.4546,2,8,0.125,0.5
2026-01-26,Mumbai,Fulfillment,18,18,66,351.933,19.5518,3,5,0.1667,0.2778
2026-01-26,Mumbai,Intake,10,10,30,21.181,2.1181,1,1,0.1,0.1
2026-01-26,Mumbai,Support,10,10,34,42.823,4.2823,0,1,0.0,0.1
2026-01-26,Mumbai,Verification,20,20,84,130.068,6.5034,1,6,0.05,0.3
2026-01-26,Pune,Fulfillment,16,16,59,268.388,16.7742,0,1,0.0,0.0625
2026-01-26,Pune,Intake,11,11,45,27.702,2.5184,0,1,0.0,0.0909
2026-01-26,Pune,Support,3,2,6,6.677,3.3385,0,0,0.0,0.0
2026-01-26,Pune,Verification,10,10,41,70.991,7.0991,2,4,0.2,0.4
2026-01-27,Bengaluru,Fulfillment,14,14,61,168.835,12.0596,1,0,0.0714,0.0
2026-01-27,Bengaluru,Intake,9,9,38,17.677,1.9641,0,0,0.0,0.0
2026-01-27,Bengaluru,Support,2,1,4,3.285,3.285,0,0,0.0,0.0
2026-01-27,Bengaluru,Verification,12,12,59,68.217,5.6848,0,1,0.0,0.0833
2026-01-27,Delhi,Fulfillment,14,14,48,209.353,14.9538,0,1,0.0,0.0714
2026-01-27,Delhi,Intake,15,15,52,39.419,2.6279,2,3,0.1333,0.2
2026-01-27,Delhi,Support,2,2,8,10.602,5.301,0,1,0.0,0.5
2026-01-27,Delhi,Verification,16,15,57,127.954,8.5303,0,7,0.0,0.4667
2026-01-27,Mumbai,Fulfillment,21,21,75,312.337,14.8732,2,2,0.0952,0.0952
2026-01-27,Mumbai,Intake,20,18,88,36.791,2.0439,0,0,0.0,0.0
2026-01-27,Mumbai,Support,5,5,21,27.943,5.5886,0,2,0.0,0.4
2026-01-27,Mumbai,Verification,15,15,55,74.058,4.9372,0,1,0.0,0.0667
2026-01-27,Pune,Fulfillment,10,8,30,79.813,9.9766,0,0,0.0,0.0
2026-01-27,Pune,Intake,12,11,54,23.03,2.0936,2,0,0.1818,0.0
2026-01-27,Pune,Support,3,3,13,6.664,2.2213,0,0,0.0,0.0
2026-01-27,Pune,Verification,12,12,45,62.337,5.1948,1,1,0.0833,0.0833
2026-01-28,Bengaluru,Fulfillment,9,9,37,106.185,11.7983,0,0,0.0,0.0
2026-01-28,Bengaluru,Intake,10,10,41,20.692,2.0692,1,0,0.1,0.0
2026-01-28,Bengaluru,Support,2,2,7,8.371,4.1855,0,0,0.0,0.0
2026-01-28,Bengaluru,Verification,15,15,63,87.523,5.8349,0,3,0.0,0.2
2026-01-28,Delhi,Fulfillment,11,11,48,175.004,15.9095,0,3,0.0,0.2727
2026-01-28,Delhi,Intake,17,16,55,40.913,2.5571,0,2,0.0,0.125
2026-01-28,Delhi,Support,7,5,22,21.38,4.276,0,1,0.0,0.2
2026-01-28,Delhi,Verification,13,13,43,109.981,8.4601,0,6,0.0,0.4615
2026-01-28,Mumbai,Fulfillment,16,16,71,261.317,16.3323,0,2,0.0,0.125
2026-01-28,Mumbai,Intake,19,18,75,41.289,2.2938,1,0,0.0556,0.0
2026-01-28,Mumbai,Support,6,6,20,27.654,4.609,0,2,0.0,0.3333
2026-01-28,Mumbai,Verification,21,19,82,124.104,6.5318,0,6,0.0,0.3158
2026-01-28,Pune,Fulfillment,13,13,44,214.051,16.4655,0,1,0.0,0.0769
2026-01-28,Pune,Intake,6,6,26,11.855,1.9758,0,0,0.0,0.0
2026-01-28,Pune,Support,4,4,18,14.287,3.5718,0,0,0.0,0.0
2026-01-28,Pune,Verification,11,11,52,44.068,4.0062,1,0,0.0909,0.0
2026-01-29,Bengaluru,Fulfillment,13,13,39,168.617,12.9705,0,0,0.0,0.0
2026-01-29,Bengaluru,Intake,10,9,36,19.76,2.1956,1,1,0.1111,0.1111
2026-01-29,Bengaluru,Support,5,5,16,18.5,3.7,0,1,0.0,0.2
2026-01-29,Bengaluru,Verification,7,7,32,39.531,5.6473,2,1,0.2857,0.1429
2026-01-29,Delhi,Fulfillment,10,10,33,205.52,20.552,1,3,0.1,0.3
2026-01-29,Delhi,Intake,7,7,30,17.182,2.4546,0,1,0.0,0.1429
2026-01-29,Delhi,Support,5,5,16,19.862,3.9724,0,0,0.0,0.0
2026-01-29,Delhi,Verification,14,14,62,154.318,11.0227,0,8,0.0,0.5714
2026-01-29,Mumbai,Fulfillment,23,22,80,287.808,13.0822,1,1,0.0455,0.0455
2026-01-29,Mumbai,Intake,15,14,68,32.956,2.354,0,1,0.0,0.0714
2026-01-29,Mumbai,Support,7,7,25,26.908,3.844,0,2,0.0,0.2857
2026-01-29,Mumbai,Verification,20,20,78,133.333,6.6666,3,5,0.15,0.25
2026-01-29,Pune,Fulfillment,10,10,27,144.812,14.4812,0,2,0.0,0.2
2026-01-29,Pune,Intake,11,9,42,21.317,2.3686,0,0,0.0,0.0
2026-01-29,Pune,Support,4,4,22,13.088,3.272,0,0,0.0,0.0
2026-01-29,Pune,Verification,14,13,56,61.135,4.7027,1,2,0.0769,0.1538
2026-01-30,Bengaluru,Fulfillment,4,4,28,54.115,13.5288,0,0,0.0,0.0
2026-01-30,Bengaluru,Intake,9,9,29,19.167,2.1297,0,0,0.0,0.0
2026-01-30,Bengaluru,Support,6,6,23,15.156,2.526,0,0,0.0,0.0
2026-01-30,Bengaluru,Verification,5,5,20,17.712,3.5424,0,0,0.0,0.0
2026-01-30,Delhi,Fulfillment,7,7,27,75.643,10.8061,0,0,0.0,0.0
2026-01-30,Delhi,Intake,15,15,57,27.046,1.8031,1,0,0.0667,0.0
2026-01-30,Delhi,Support,10,9,31,26.728,2.9698,0,0,0.0,0.0
2026-01-30,Delhi,Verification,12,11,42,89.195,8.1086,0,6,0.0,0.5455
2026-01-30,Mumbai,Fulfillment,14,13,57,219.6,16.8923,0,2,0.0,0.1538
2026-01-30,Mumbai,Intake,11,11,45,27.329,2.4845,1,2,0.0909,0.1818
2026-01-30,Mumbai,Support,5,5,20,14.119,2.8238,0,0,0.0,0.0
2026-01-30,Mumbai,Verification,16,16,61,62.273,3.8921,1,0,0.0625,0.0
2026-01-30,Pune,Fulfillment,3,3,9,55.211,18.4037,0,1,0.0,0.3333
2026-01-30,Pune,Intake,10,10,43,16.072,1.6072,0,0,0.0,0.0
2026-01-30,Pune,Support,4,4,21,21.136,5.284,0,1,0.0,0.25
2026-01-30,Pune,Verification,9,8,29,25.72,3.215,0,0,0.0,0.0
2026-01-31,Bengaluru,Fulfillment,5,5,18,55.808,11.1616,0,0,0.0,0.0
2026-01-31,Bengaluru,Intake,6,6,27,11.231,1.8718,1,0,0.1667,0.0
2026-01-31,Bengaluru,Verification,2,2,12,5.268,2.634,0,0,0.0,0.0
2026-01-31,Delhi,Fulfillment,6,6,25,74.591,12.4318,0,0,0.0,0.0
2026-01-31,Delhi,Intake,7,7,32,12.588,1.7983,0,0,0.0,0.0
2026-01-31,Delhi,Support,1,1,2,3.85,3.85,0,0,0.0,0.0
2026-01-31,Delhi,Verification,5,4,20,22.137,5.5342,0,0,0.0,0.0
2026-01-31,Mumbai,Fulfillment,12,11,47,182.664,16.6058,0,2,0.0,0.1818
2026-01-31,Mumbai,Intake,16,15,55,24.297,1.6198,0,0,0.0,0.0
2026-01-31,Mumbai,Support,4,4,19,12.386,3.0965,0,0,0.0,0.0
2026-01-31,Mumbai,Verification,13,10,38,36.779,3.6779,0,0,0.0,0.0
2026-01-31,Pune,Fulfillment,2,2,9,19.466,9.733,0,0,0.0,0.0
2026-01-31,Pune,Intake,2,1,6,1.1,1.1,0,0,0.0,0.0
2026-01-31,Pune,Verification,3,3,12,12.031,4.0103,0,0,0.0,0.0
2026-02-01,Bengaluru,Fulfillment,4,4,13,58.45,14.6125,0,1,0.0,0.25
2026-02-01,Bengaluru,Intake,4,4,9,9.691,2.4228,0,0,0.0,0.0
2026-02-01,Bengaluru,Support,1,1,3,2.273,2.273,0,0,0.0,0.0
2026-02-01,Bengaluru,Verification,3,3,11,15.878,5.2927,0,0,0.0,0.0
2026-02-01,Delhi,Fulfillment,5,5,28,48.299,9.6598,0,0,0.0,0.0
2026-02-01,Delhi,Intake,5,4,14,9.744,2.436,0,0,0.0,0.0
2026-02-01,Delhi,Support,5,5,20,16.475,3.295,0,0,0.0,0.0
2026-02-01,Delhi,Verification,4,4,16,38.89,9.7225,0,2,0.0,0.5
2026-02-01,Mumbai,Fulfillment,7,7,28,126.513,18.0733,0,1,0.0,0.1429
2026-02-01,Mumbai,Intake,6,6,24,14.58,2.43,1,1,0.1667,0.1667
2026-02-01,Mumbai,Support,3,3,14,8.959,2.9863,0,0,0.0,0.0
2026-02-01,Mumbai,Verification,10,10,35,49.303,4.9303,0,0,0.0,0.0
2026-02-01,Pune,Fulfillment,5,5,24,83.597,16.7194,0,1,0.0,0.2
2026-02-01,Pune,Intake,7,6,25,12.553,2.0922,0,0,0.0,0.0
2026-02-01,Pune,Support,2,2,7,4.441,2.2205,0,0,0.0,0.0
2026-02-01,Pune,Verification,4,4,18,16.506,4.1265,0,0,0.0,0.0
2026-02-02,Bengaluru,Fulfillment,13,13,56,202.023,15.5402,0,3,0.0,0.2308
2026-02-02,Bengaluru,Intake,14,14,60,33.755,2.4111,1,3,0.0714,0.2143
2026-02-02,Bengaluru,Support,6,5,16,16.947,3.3894,1,0,0.2,0.0
2026-02-02,Bengaluru,Verification,13,13,49,73.249,5.6345,0,4,0.0,0.3077
2026-02-02,Delhi,Fulfillment,18,17,77,277.793,16.3408,1,2,0.0588,0.1176
2026-02-02,Delhi,Intake,15,15,69,37.024,2.4683,0,2,0.0,0.1333
2026-02-02,Delhi,Support,3,3,16,10.068,3.356,0,0,0.0,0.0
2026-02-02,Delhi,Verification,16,16,63,167.183,10.4489,0,10,0.0,0.625
2026-02-02,Mumbai,Fulfillment,17,16,50,299.402,18.7126,2,4,0.125,0.25
2026-02-02,Mumbai,Intake,21,21,82,52.115,2.4817,2,0,0.0952,0.0
2026-02-02,Mumbai,Support,6,6,23,26.428,4.4047,1,1,0.1667,0.1667
2026-02-02,Mumbai,Verification,23,22,89,169.228,7.6922,0,7,0.0,0.3182
2026-02-02,Pune,Fulfillment,14,14,48,211.281,15.0915,1,3,0.0714,0.2143
2026-02-02,Pune,Intake,11,9,45,16.038,1.782,1,0,0.1111,0.0
2026-02-02,Pune,Support,6,6,20,16.69,2.7817,0,0,0.0,0.0
2026-02-02,Pune,Verification,9,9,41,65.845,7.3161,1,4,0.1111,0.4444
2026-02-03,Bengaluru,Fulfillment,6,6,27,111.951,18.6585,0,1,0.0,0.1667
2026-02-03,Bengaluru,Intake,11,11,41,34.586,3.1442,0,1,0.0,0.0909
2026-02-03,Bengaluru,Support,4,4,21,18.892,4.723,1,1,0.25,0.25
2026-02-03,Bengaluru,Verification,19,19,71,100.013,5.2638,3,2,0.1579,0.1053
2026-02-03,Delhi,Fulfillment,15,15,50,222.648,14.8432,1,0,0.0667,0.0
2026-02-03,Delhi,Intake,20,19,89,50.926,2.6803,1,2,0.0526,0.1053
2026-02-03,Delhi,Support,6,5,23,19.269,3.8538,0,0,0.0,0.0
2026-02-03,Delhi,Verification,19,18,74,166.79,9.2661,2,13,0.1111,0.7222
2026-02-03,Mumbai,Fulfillment,16,15,57,294.041,19.6027,1,4,0.0667,0.2667
2026-02-03,Mumbai,Intake,9,8,27,16.371,2.0464,1,0,0.125,0.0
2026-02-03,Mumbai,Support,6,6,22,26.223,4.3705,0,1,0.0,0.1667
2026-02-03,Mumbai,Verification,20,20,93,117.283,5.8642,1,5,0.05,0.25
2026-02-03,Pune,Fulfillment,9,9,33,132.49,14.7211,0,1,0.0,0.1111
2026-02-03,Pune,Intake,10,10,37,18.693,1.8693,0,0,0.0,0.0
2026-02-03,Pune,Support,3,3,14,9.033,3.011,1,0,0.3333,0.0
2026-02-03,Pune,Verification,11,11,40,49.352,4.4865,0,1,0.0,0.0909
2026-02-04,Bengaluru,Fulfillment,8,8,33,125.213,15.6516,0,2,0.0,0.25
2026-02-04,Bengaluru,Intake,8,8,34,13.853,1.7316,0,0,0.0,0.0
2026-02-04,Bengaluru,Support,4,4,14,9.458,2.3645,0,0,0.0,0.0
2026-02-04,Bengaluru,Verification,8,8,20,49.783,6.2229,0,2,0.0,0.25
2026-02-04,Delhi,Fulfillment,13,12,46,201.496,16.7913,1,2,0.0833,0.1667
2026-02-04,Delhi,Intake,11,11,39,19.543,1.7766,0,0,0.0,0.0
2026-02-04,Delhi,Support,1,1,2,6.106,6.106,0,1,0.0,1.0
2026-02-04,Delhi,Verification,17,17,79,181.827,10.6957,0,15,0.0,0.8824
2026-02-04,Mumbai,Fulfillment,20,20,81,364.054,18.2027,0,5,0.0,0.25
2026-02-04,Mumbai,Intake,14,14,47,27.471,1.9622,0,0,0.0,0.0
2026-02-04,Mumbai,Support,5,5,25,17.2,3.44,0,0,0.0,0.0
2026-02-04,Mumbai,Verification,16,15,59,97.336,6.4891,1,2,0.0667,0.1333
2026-02-04,Pune,Fulfillment,10,9,28,149.502,16.6113,0,0,0.0,0.0
2026-02-04,Pune,Intake,7,7,31,16.088,2.2983,0,1,0.0,0.1429
2026-02-04,Pune,Support,3,3,16,14.062,4.6873,0,0,0.0,0.0
2026-02-04,Pune,Verification,13,13,47,51.201,3.9385,0,0,0.0,0.0
2026-02-05,Bengaluru,Fulfillment,7,7,28,101.402,14.486,0,1,0.0,0.1429
2026-02-05,Bengaluru,Intake,6,5,20,8.416,1.6832,0,0,0.0,0.0
2026-02-05,Bengaluru,Support,3,3,11,10.65,3.55,0,0,0.0,0.0
2026-02-05,Bengaluru,Verification,12,12,45,89.139,7.4282,0,4,0.0,0.3333
2026-02-05,Delhi,Fulfillment,11,11,35,153.015,13.9105,0,1,0.0,0.0909
2026-02-05,Delhi,Intake,9,7,25,14.258,2.0369,0,0,0.0,0.0
2026-02-05,Delhi,Support,4,4,14,14.603,3.6508,0,0,0.0,0.0
2026-02-05,Delhi,Verification,6,6,17,44.876,7.4793,0,2,0.0,0.3333
2026-02-05,Mumbai,Fulfillment,15,14,76,214.954,15.3539,0,2,0.0,0.1429
2026-02-05,Mumbai,Intake,22,21,102,41.601,1.981,0,0,0.0,0.0
2026-02-05,Mumbai,Support,3,3,10,12.378,4.126,0,1,0.0,0.3333
2026-02-05,Mumbai,Verification,13,11,35,71.775,6.525,0,3,0.0,0.2727
2026-02-05,Pune,Fulfillment,10,10,48,93.194,9.3194,0,0,0.0,0.0
2026-02-05,Pune,Intake,10,7,27,14.608,2.0869,0,0,0.0,0.0
2026-02-05,Pune,Support,4,4,18,15.535,3.8838,0,1,0.0,0.25
2026-02-05,Pune,Verification,11,11,38,53.757,4.887,1,1,0.0909,0.0909
2026-02-06,Bengaluru,Fulfillment,6,6,22,83.234,13.8723,1,0,0.1667,0.0
2026-02-06,Bengaluru,Intake,11,10,31,20.526,2.0526,0,0,0.0,0.0
2026-02-06,Bengaluru,Support,1,1,5,5.428,5.428,0,0,0.0,0.0
2026-02-06,Bengaluru,Verification,14,14,56,84.805,6.0575,2,3,0.1429,0.2143
2026-02-06,Delhi,Fulfillment,11,11,53,167.278,15.2071,0,1,0.0,0.0909
2026-02-06,Delhi,Intake,11,11,37,24.685,2.2441,1,0,0.0909,0.0
2026-02-06,Delhi,Support,3,3,7,15.983,5.3277,0,1,0.0,0.3333
2026-02-06,Delhi,Verification,13,13,54,102.407,7.8775,0,7,0.0,0.5385
2026-02-06,Mumbai,Fulfillment,23,23,76,302.106,13.135,1,1,0.0435,0.0435
2026-02-06,Mumbai,Intake,11,11,42,24.941,2.2674,0,1,0.0,0.0909
2026-02-06,Mumbai,Support,6,6,25,20.443,3.4072,0,0,0.0,0.0
2026-02-06,Mumbai,Verification,15,14,61,68.024,4.8589,0,1,0.0,0.0714
2026-02-06,Pune,Fulfillment,12,12,55,170.614,14.2178,1,1,0.0833,0.0833
2026-02-06,Pune,Intake,12,11,40,17.575,1.5977,1,0,0.0909,0.0
2026-02-06,Pune,Support,1,1,2,4.883,4.883,0,0,0.0,0.0
2026-02-06,Pune,Verification,6,6,22,31.093,5.1822,0,0,0.0,0.0
2026-02-07,Bengaluru,Fulfillment,4,4,19,46.793,11.6982,0,0,0.0,0.0
2026-02-07,Bengaluru,Intake,9,9,34,15.853,1.7614,0,0,0.0,0.0
2026-02-07,Bengaluru,Verification,8,7,34,40.999,5.857,0,1,0.0,0.1429
2026-02-07,Delhi,Fulfillment,2,2,7,17.341,8.6705,0,0,0.0,0.0
2026-02-07,Delhi,Intake,8,8,28,13.381,1.6726,0,0,0.0,0.0
2026-02-07,Delhi,Support,1,1,3,1.781,1.781,0,0,0.0,0.0
2026-02-07,Delhi,Verification,8,8,35,67.445,8.4306,1,2,0.125,0.25
2026-02-07,Mumbai,Fulfillment,13,12,40,152.479,12.7066,1,0,0.0833,0.0
2026-02-07,Mumbai,Intake,10,9,37,18.424,2.0471,0,0,0.0,0.0
2026-02-07,Mumbai,Support,2,2,8,6.405,3.2025,0,0,0.0,0.0
2026-02-07,Mumbai,Verification,10,10,41,50.198,5.0198,0,1,0.0,0.1
2026-02-07,Pune,Fulfillment,5,5,13,78.69,15.738,0,1,0.0,0.2
2026-02-07,Pune,Intake,7,5,19,10.32,2.064,0,0,0.0,0.0
2026-02-07,Pune,Support,3,3,11,5.77,1.9233,0,0,0.0,0.0
2026-02-07,Pune,Verification,4,4,19,15.816,3.954,1,0,0.25,0.0
2026-02-08,Bengaluru,Fulfillment,4,3,6,34.713,11.571,0,0,0.0,0.0
2026-02-08,Bengaluru,Intake,4,4,15,6.9,1.725,0,0,0.0,0.0
2026-02-08,Bengaluru,Support,1,1,3,2.735,2.735,0,0,0.0,0.0
2026-02-08,Bengaluru,Verification,5,5,29,20.884,4.1768,1,0,0.2,0.0
2026-02-08,Delhi,Fulfillment,8,8,32,124.32,15.54,0,1,0.0,0.125
2026-02-08,Delhi,Intake,8,8,33,16.304,2.038,1,0,0.125,0.0
2026-02-08,Delhi,Support,2,2,5,6.449,3.2245,0,0,0.0,0.0
2026-02-08,Delhi,Verification,6,6,22,50.076,8.346,0,3,0.0,0.5
2026-02-08,Mumbai,Fulfillment,7,7,31,97.066,13.8666,0,0,0.0,0.0
2026-02-08,Mumbai,Intake,7,7,31,12.067,1.7239,0,1,0.0,0.1429
2026-02-08,Mumbai,Support,2,2,5,9.208,4.604,0,0,0.0,0.0
2026-02-08,Mumbai,Verification,8,8,29,47.583,5.9479,1,2,0.125,0.25
2026-02-08,Pune,Fulfillment,6,6,28,54.79,9.1317,0,0,0.0,0.0
2026-02-08,Pune,Intake,5,4,12,4.664,1.166,0,0,0.0,0.0
2026-02-08,Pune,Verification,6,6,19,37.649,6.2748,0,2,0.0,0.3333
2026-02-09,Bengaluru,Fulfillment,6,6,23,132.296,22.0493,0,3,0.0,0.5
2026-02-09,Bengaluru,Intake,13,13,46,30.789,2.3684,2,1,0.1538,0.0769
2026-02-09,Bengaluru,Support,3,3,11,12.628,4.2093,0,0,0.0,0.0
2026-02-09,Bengaluru,Verification,6,6,31,50.562,8.427,0,3,0.0,0.5
2026-02-09,Delhi,Fulfillment,10,9,38,129.27,14.3633,1,1,0.1111,0.1111
2026-02-09,Delhi,Intake,20,19,85,39.14,2.06,0,1,0.0,0.0526
2026-02-09,Delhi,Support,6,6,25,33.43,5.5717,2,3,0.3333,0.5
2026-02-09,Delhi,Verification,9,8,29,78.109,9.7636,1,5,0.125,0.625
2026-02-09,Mumbai,Fulfillment,18,17,70,271.199,15.9529,3,1,0.1765,0.0588
2026-02-09,Mumbai,Intake,17,17,65,51.759,3.0446,2,5,0.1176,0.2941
2026-02-09,Mumbai,Support,10,9,36,40.748,4.5276,0,2,0.0,0.2222
2026-02-09,Mumbai,Verification,18,18,67,121.967,6.7759,0,6,0.0,0.3333
2026-02-09,Pune,Fulfillment,10,9,31,112.529,12.5032,0,0,0.0,0.0
2026-02-09,Pune,Intake,9,8,27,18.58,2.3225,1,1,0.125,0.125
2026-02-09,Pune,Support,6,6,25,30.205,5.0342,0,3,0.0,0.5
2026-02-09,Pune,Verification,14,14,54,69.911,4.9936,0,2,0.0,0.1429
2026-02-10,Bengaluru,Fulfillment,13,12,69,233.263,19.4386,3,4,0.25,0.3333
2026-02-10,Bengaluru,Intake,6,6,28,11.145,1.8575,1,0,0.1667,0.0
2026-02-10,Bengaluru,Support,6,5,19,22.014,4.4028,1,1,0.2,0.2
2026-02-10,Bengaluru,Verification,18,18,73,102.99,5.7217,3,3,0.1667,0.1667
2026-02-10,Delhi,Fulfillment,16,14,64,188.499,13.4642,1,0,0.0714,0.0
2026-02-10,Delhi,Intake,12,12,39,26.129,2.1774,0,0,0.0,0.0
2026-02-10,Delhi,Support,2,2,8,11.117,5.5585,0,1,0.0,0.5
2026-02-10,Delhi,Verification,14,13,59,160.719,12.363,0,6,0.0,0.4615
2026-02-10,Mumbai,Fulfillment,19,18,71,327.879,18.2155,1,4,0.0556,0.2222
2026-02-10,Mumbai,Intake,25,24,102,55.433,2.3097,2,1,0.0833,0.0417
2026-02-10,Mumbai,Support,7,5,22,29.376,5.8752,0,2,0.0,0.4
2026-02-10,Mumbai,Verification,21,20,81,105.584,5.2792,1,3,0.05,0.15
2026-02-10,Pune,Fulfillment,12,12,43,195.879,16.3232,0,2,0.0,0.1667
2026-02-10,Pune,Intake,10,10,44,22.189,2.2189,0,1,0.0,0.1
2026-02-10,Pune,Support,8,8,30,25.697,3.2121,0,1,0.0,0.125
2026-02-10,Pune,Verification,15,15,54,70.311,4.6874,0,1,0.0,0.0667
2026-02-11,Bengaluru,Fulfillment,13,13,57,173.981,13.3832,1,0,0.0769,0.0
2026-02-11,Bengaluru,Intake,15,14,49,33.419,2.3871,1,0,0.0714,0.0
2026-02-11,Bengaluru,Support,2,2,7,3.609,1.8045,0,0,0.0,0.0
2026-02-11,Bengaluru,Verification,10,10,39,57.921,5.7921,0,2,0.0,0.2
2026-02-11,Delhi,Fulfillment,13,12,45,150.857,12.5714,1,0,0.0833,0.0
2026-02-11,Delhi,Intake,14,14,53,26.989,1.9278,2,0,0.1429,0.0
2026-02-11,Delhi,Support,4,3,15,10.486,3.4953,0,0,0.0,0.0
2026-02-11,Delhi,Verification,9,9,33,71.458,7.9398,0,2,0.0,0.2222
2026-02-11,Mumbai,Fulfillment,22,20,83,307.389,15.3694,3,1,0.15,0.05
2026-02-11,Mumbai,Intake,20,20,74,55.018,2.7509,0,3,0.0,0.15
2026-02-11,Mumbai,Support,5,5,17,17.48,3.496,2,0,0.4,0.0
2026-02-11,Mumbai,Verification,18,18,88,111.652,6.2029,1,5,0.0556,0.2778
2026-02-11,Pune,Fulfillment,10,10,46,114.169,11.4169,0,0,0.0,0.0
2026-02-11,Pune,Intake,10,10,44,17.838,1.7838,0,0,0.0,0.0
2026-02-11,Pune,Support,2,2,6,5.168,2.584,0,0,0.0,0.0
2026-02-11,Pune,Verification,18,16,56,98.953,6.1846,1,3,0.0625,0.1875
2026-02-12,Bengaluru,Fulfillment,11,10,46,145.176,14.5176,1,0,0.1,0.0
2026-02-12,Bengaluru,Intake,7,6,20,15.377,2.5628,1,1,0.1667,0.1667
2026-02-12,Bengaluru,Support,4,4,17,12.771,3.1928,1,1,0.25,0.25
2026-02-12,Bengaluru,Verification,7,7,31,41.408,5.9154,0,2,0.0,0.2857
2026-02-12,Delhi,Fulfillment,10,10,34,124.525,12.4525,0,0,0.0,0.0
2026-02-12,Delhi,Intake,18,18,67,40.815,2.2675,2,2,0.1111,0.1111
2026-02-12,Delhi,Support,2,2,8,6.916,3.458,0,0,0.0,0.0
2026-02-12,Delhi,Verification,11,10,37,90.931,9.0931,0,6,0.0,0.6
2026-02-12,Mumbai,Fulfillment,19,19,67,240.938,12.6809,1,1,0.0526,0.0526
2026-02-12,Mumbai,Intake,19,17,72,32.457,1.9092,1,1,0.0588,0.0588
2026-02-12,Mumbai,Support,7,7,25,25.359,3.6227,1,1,0.1429,0.1429
2026-02-12,Mumbai,Verification,14,13,51,62.829,4.833,1,2,0.0769,0.1538
2026-02-12,Pune,Fulfillment,10,9,36,118.714,13.1904,0,1,0.0,0.1111
2026-02-12,Pune,Intake,9,9,31,17.172,1.908,0,0,0.0,0.0
2026-02-12,Pune,Support,4,4,22,11.378,2.8445,0,0,0.0,0.0
2026-02-12,Pune,Verification,6,6,21,26.669,4.4448,0,0,0.0,0.0
2026-02-13,Bengaluru,Fulfillment,11,11,53,141.553,12.8685,0,0,0.0,0.0
2026-02-13,Bengaluru,Intake,8,8,34,16.183,2.0229,0,0,0.0,0.0
2026-02-13,Bengaluru,Support,7,7,30,33.832,4.8331,1,1,0.1429,0.1429
2026-02-13,Bengaluru,Verification,10,10,29,49.609,4.9609,0,2,0.0,0.2
2026-02-13,Delhi,Fulfillment,11,11,54,173.803,15.8003,1,1,0.0909,0.0909
2026-02-13,Delhi,Intake,13,13,51,25.183,1.9372,0,0,0.0,0.0
2026-02-13,Delhi,Support,2,2,11,11.352,5.676,0,1,0.0,0.5
2026-02-13,Delhi,Verification,9,9,41,72.511,8.0568,1,4,0.1111,0.4444
2026-02-13,Mumbai,Fulfillment,10,9,38,129.704,14.4116,0,1,0.0,0.1111
2026-02-13,Mumbai,Intake,6,6,28,11.426,1.9043,1,0,0.1667,0.0
2026-02-13,Mumbai,Support,8,7,34,24.842,3.5489,0,1,0.0,0.1429
2026-02-13,Mumbai,Verification,17,15,70,69.674,4.6449,0,1,0.0,0.0667
2026-02-13,Pune,Fulfillment,15,15,59,164.617,10.9745,0,1,0.0,0.0667
2026-02-13,Pune,Intake,7,7,29,13.371,1.9101,0,0,0.0,0.0
2026-02-13,Pune,Support,1,1,4,3.282,3.282,0,0,0.0,0.0
2026-02-13,Pune,Verification,7,6,25,34.172,5.6953,0,1,0.0,0.1667
2026-02-14,Bengaluru,Fulfillment,7,7,26,71.36,10.1943,0,0,0.0,0.0
2026-02-14,Bengaluru,Intake,6,6,23,10.932,1.822,0,0,0.0,0.0
2026-02-14,Bengaluru,Verification,6,6,25,33.033,5.5055,0,1,0.0,0.1667
2026-02-14,Delhi,Fulfillment,4,4,14,66.684,16.671,1,1,0.25,0.25
2026-02-14,Delhi,Intake,5,4,20,10.964,2.741,0,0,0.0,0.0
2026-02-14,Delhi,Support,1,1,5,2.567,2.567,0,0,0.0,0.0
2026-02-14,Delhi,Verification,6,6,24,49.113,8.1855,0,3,0.0,0.5
2026-02-14,Mumbai,Fulfillment,9,9,35,130.03,14.4478,1,1,0.1111,0.1111
2026-02-14,Mumbai,Intake,11,11,45,19.221,1.7474,0,0,0.0,0.0
2026-02-14,Mumbai,Support,1,1,6,4.333,4.333,0,0,0.0,0.0
2026-02-14,Mumbai,Verification,7,7,36,38.056,5.4366,0,0,0.0,0.0
2026-02-14,Pune,Fulfillment,4,3,15,35.574,11.858,0,0,0.0,0.0
2026-02-14,Pune,Intake,4,3,11,5.202,1.734,0,0,0.0,0.0
2026-02-14,Pune,Support,1,1,5,6.058,6.058,0,1,0.0,1.0
2026-02-14,Pune,Verification,10,9,33,43.015,4.7794,0,1,0.0,0.1111
2026-02-15,Bengaluru,Fulfillment,4,3,11,54.6,18.2,0,0,0.0,0.0
2026-02-15,Bengaluru,Intake,7,6,26,12.146,2.0243,1,0,0.1667,0.0
2026-02-15,Bengaluru,Support,2,2,6,6.6,3.3,0,0,0.0,0.0
2026-02-15,Bengaluru,Verification,5,4,18,18.127,4.5318,0,0,0.0,0.0
2026-02-15,Delhi,Fulfillment,3,3,13,35.025,11.675,0,0,0.0,0.0
2026-02-15,Delhi,Intake,6,6,24,11.701,1.9502,1,0,0.1667,0.0
2026-02-15,Delhi,Support,2,2,9,9.374,4.687,0,1,0.0,0.5
2026-02-15,Delhi,Verification,3,3,9,23.717,7.9057,0,2,0.0,0.6667
2026-02-15,Mumbai,Fulfillment,4,4,14,44.422,11.1055,0,0,0.0,0.0
2026-02-15,Mumbai,Intake,9,9,29,17.762,1.9736,0,0,0.0,0.0
2026-02-15,Mumbai,Support,2,2,10,3.017,1.5085,0,0,0.0,0.0
2026-02-15,Mumbai,Verification,11,11,39,55.005,5.0005,1,2,0.0909,0.1818
2026-02-15,Pune,Fulfillment,5,5,17,57.175,11.435,1,0,0.2,0.0
2026-02-15,Pune,Intake,6,6,25,8.088,1.348,0,0,0.0,0.0
2026-02-15,Pune,Support,1,1,3,1.645,1.645,0,0,0.0,0.0
2026-02-15,Pune,Verification,5,4,19,12.65,3.1625,0,0,0.0,0.0
2026-02-16,Bengaluru,Fulfillment,8,8,26,136.938,17.1172,0,1,0.0,0.125
2026-02-16,Bengaluru,Intake,11,9,42,22.195,2.4661,0,1,0.0,0.1111
2026-02-16,Bengaluru,Support,5,5,17,17.466,3.4932,0,1,0.0,0.2
2026-02-16,Bengaluru,Verification,9,8,30,49.285,6.1606,0,2,0.0,0.25
2026-02-16,Delhi,Fulfillment,11,11,39,163.717,14.8834,0,1,0.0,0.0909
2026-02-16,Delhi,Intake,9,7,20,19.999,2.857,0,1,0.0,0.1429
2026-02-16,Delhi,Support,10,9,32,47.399,5.2666,1,5,0.1111,0.5556
2026-02-16,Delhi,Verification,12,10,33,95.422,9.5422,2,6,0.2,0.6
2026-02-16,Mumbai,Fulfillment,27,27,99,469.499,17.3889,0,5,0.0,0.1852
2026-02-16,Mumbai,Intake,14,13,51,33.221,2.5555,0,1,0.0,0.0769
2026-02-16,Mumbai,Support,8,8,30,38.423,4.8029,0,2,0.0,0.25
2026-02-16,Mumbai,Verification,30,28,111,136.35,4.8696,0,2,0.0,0.0714
2026-02-16,Pune,Fulfillment,9,8,35,151.835,18.9794,1,2,0.125,0.25
2026-02-16,Pune,Intake,17,15,65,32.682,2.1788,1,1,0.0667,0.0667
2026-02-16,Pune,Support,4,4,17,12.249,3.0622,0,0,0.0,0.0
2026-02-16,Pune,Verification,9,9,35,63.982,7.1091,0,3,0.0,0.3333
2026-02-17,Bengaluru,Fulfillment,16,16,60,226.942,14.1839,2,0,0.125,0.0
2026-02-17,Bengaluru,Intake,16,15,70,34.007,2.2671,0,1,0.0,0.0667
2026-02-17,Bengaluru,Support,3,3,12,11.96,3.9867,0,0,0.0,0.0
2026-02-17,Bengaluru,Verification,5,5,23,28.687,5.7374,0,1,0.0,0.2
2026-02-17,Delhi,Fulfillment,13,13,51,277.339,21.3338,0,5,0.0,0.3846
2026-02-17,Delhi,Intake,10,10,33,22.249,2.2249,1,0,0.1,0.0
2026-02-17,Delhi,Support,5,4,11,18.419,4.6048,2,1,0.5,0.25
2026-02-17,Delhi,Verification,19,19,68,181.42,9.5484,0,9,0.0,0.4737
2026-02-17,Mumbai,Fulfillment,16,15,70,241.238,16.0825,1,2,0.0667,0.1333
2026-02-17,Mumbai,Intake,19,19,79,39.686,2.0887,0,0,0.0,0.0
2026-02-17,Mumbai,Support,5,5,15,18.403,3.6806,0,0,0.0,0.0
2026-02-17,Mumbai,Verification,21,21,90,129.583,6.1706,0,3,0.0,0.1429
2026-02-17,Pune,Fulfillment,13,13,54,181.65,13.9731,1,1,0.0769,0.0769
2026-02-17,Pune,Intake,7,7,37,14.16,2.0229,0,0,0.0,0.0
2026-02-17,Pune,Support,2,1,7,1.7,1.7,0,0,0.0,0.0
2026-02-17,Pune,Verification,7,7,26,34.534,4.9334,0,1,0.0,0.1429
2026-02-18,Bengaluru,Fulfillment,8,8,25,121.207,15.1509,0,1,0.0,0.125
2026-02-18,Bengaluru,Intake,9,9,35,19.812,2.2013,1,1,0.1111,0.1111
2026-02-18,Bengaluru,Support,3,3,12,19.282,6.4273,0,2,0.0,0.6667
2026-02-18,Bengaluru,Verification,14,13,46,61.148,4.7037,3,1,0.2308,0.0769
2026-02-18,Delhi,Fulfillment,15,14,52,274.426,19.6019,0,3,0.0,0.2143
2026-02-18,Delhi,Intake,19,19,82,39.757,2.0925,0,2,0.0,0.1053
2026-02-18,Delhi,Support,6,6,24,17.537,2.9228,0,0,0.0,0.0
2026-02-18,Delhi,Verification,7,7,27,59.816,8.5451,0,3,0.0,0.4286
2026-02-18,Mumbai,Fulfillment,18,17,74,230.011,13.5301,2,0,0.1176,0.0
2026-02-18,Mumbai,Intake,12,11,40,26.314,2.3922,0,0,0.0,0.0
2026-02-18,Mumbai,Support,3,3,9,13.303,4.4343,0,0,0.0,0.0
2026-02-18,Mumbai,Verification,11,11,40,60.168,5.4698,1,2,0.0909,0.1818
2026-02-18,Pune,Fulfillment,6,6,24,59.591,9.9318,0,0,0.0,0.0
2026-02-18,Pune,Intake,17,17,57,30.622,1.8013,2,1,0.1176,0.0588
2026-02-18,Pune,Support,3,3,13,18.635,6.2117,0,2,0.0,0.6667
2026-02-18,Pune,Verification,17,16,65,87.751,5.4844,0,1,0.0,0.0625
2026-02-19,Bengaluru,Fulfillment,8,8,26,140.073,17.5091,1,2,0.125,0.25
2026-02-19,Bengaluru,Intake,9,9,42,16.961,1.8846,1,0,0.1111,0.0
2026-02-19,Bengaluru,Support,4,4,13,13.121,3.2802,0,0,0.0,0.0
2026-02-19,Bengaluru,Verification,7,7,29,37.505,5.3579,0,1,0.0,0.1429
2026-02-19,Delhi,Fulfillment,9,9,31,143.099,15.8999,1,0,0.1111,0.0
2026-02-19,Delhi,Intake,14,13,47,23.892,1.8378,1,0,0.0769,0.0
2026-02-19,Delhi,Support,3,3,13,11.06,3.6867,1,0,0.3333,0.0
2026-02-19,Delhi,Verification,10,10,41,95.867,9.5867,0,6,0.0,0.6
2026-02-19,Mumbai,Fulfillment,14,13,56,171.281,13.1755,1,1,0.0769,0.0769
2026-02-19,Mumbai,Intake,13,12,51,30.121,2.5101,1,1,0.0833,0.0833
2026-02-19,Mumbai,Support,7,7,24,27.302,3.9003,0,0,0.0,0.0
2026-02-19,Mumbai,Verification,14,14,51,63.641,4.5458,0,1,0.0,0.0714
2026-02-19,Pune,Fulfillment,5,5,20,52.253,10.4506,0,0,0.0,0.0
2026-02-19,Pune,Intake,12,11,44,21.314,1.9376,0,0,0.0,0.0
2026-02-19,Pune,Verification,11,10,45,46.768,4.6768,1,1,0.1,0.1
2026-02-20,Bengaluru,Fulfillment,10,9,37,115.265,12.8072,2,0,0.2222,0.0
2026-02-20,Bengaluru,Intake,7,7,28,17.642,2.5203,1,1,0.1429,0.1429
2026-02-20,Bengaluru,Support,3,3,11,7.283,2.4277,0,0,0.0,0.0
2026-02-20,Bengaluru,Verification,9,7,29,38.674,5.5249,0,1,0.0,0.1429
2026-02-20,Delhi,Fulfillment,11,11,37,153.761,13.9783,1,2,0.0909,0.1818
2026-02-20,Delhi,Intake,10,10,47,24.86,2.486,1,1,0.1,0.1
2026-02-20,Delhi,Support,10,10,35,38.388,3.8388,0,2,0.0,0.2
2026-02-20,Delhi,Verification,7,7,28,57.022,8.146,0,3,0.0,0.4286
2026-02-20,Mumbai,Fulfillment,7,7,24,79.08,11.2971,1,0,0.1429,0.0
2026-02-20,Mumbai,Intake,19,18,75,46.237,2.5687,1,1,0.0556,0.0556
2026-02-20,Mumbai,Support,6,5,27,11.508,2.3016,1,0,0.2,0.0
2026-02-20,Mumbai,Verification,9,9,28,54.412,6.0458,0,3,0.0,0.3333
2026-02-20,Pune,Fulfillment,9,8,34,78.612,9.8265,1,0,0.125,0.0
2026-02-20,Pune,Intake,9,8,30,13.304,1.663,0,0,0.0,0.0
2026-02-20,Pune,Support,3,3,11,8.517,2.839,0,0,0.0,0.0
2026-02-20,Pune,Verification,14,14,51,55.7,3.9786,0,0,0.0,0.0
2026-02-21,Bengaluru,Fulfillment,3,3,21,29.781,9.927,0,0,0.0,0.0
2026-02-21,Bengaluru,Intake,5,5,13,8.863,1.7726,0,0,0.0,0.0
2026-02-21,Bengaluru,Support,1,1,1,1.567,1.567,0,0,0.0,0.0
2026-02-21,Bengaluru,Verification,3,3,13,16.315,5.4383,0,0,0.0,0.0
2026-02-21,Delhi,Fulfillment,9,9,42,133.087,14.7874,0,1,0.0,0.1111
2026-02-21,Delhi,Intake,9,8,32,18.425,2.3031,0,1,0.0,0.125
2026-02-21,Delhi,Support,1,1,3,1.867,1.867,0,0,0.0,0.0
2026-02-21,Delhi,Verification,6,6,17,26.85,4.475,1,0,0.1667,0.0
2026-02-21,Mumbai,Fulfillment,14,14,52,200.156,14.2969,1,1,0.0714,0.0714
2026-02-21,Mumbai,Intake,12,12,43,28.675,2.3896,0,1,0.0,0.0833
2026-02-21,Mumbai,Support,2,2,10,9.159,4.5795,0,0,0.0,0.0
2026-02-21,Mumbai,Verification,7,7,26,26.581,3.7973,0,0,0.0,0.0
2026-02-21,Pune,Fulfillment,2,2,7,22.31,11.155,0,0,0.0,0.0
2026-02-21,Pune,Intake,5,5,19,9.62,1.924,1,0,0.2,0.0
2026-02-21,Pune,Support,2,2,9,7.406,3.703,0,0,0.0,0.0
2026-02-21,Pune,Verification,9,8,31,35.038,4.3797,0,0,0.0,0.0
2026-02-22,Bengaluru,Fulfillment,4,4,15,60.568,15.142,0,1,0.0,0.25
2026-02-22,Bengaluru,Intake,6,6,28,10.194,1.699,0,0,0.0,0.0
2026-02-22,Bengaluru,Support,1,1,4,7.322,7.322,0,1,0.0,1.0
2026-02-22,Bengaluru,Verification,4,3,18,17.679,5.893,0,0,0.0,0.0
2026-02-22,Delhi,Fulfillment,9,8,24,117.898,14.7372,0,1,0.0,0.125
2026-02-22,Delhi,Intake,3,3,12,8.844,2.948,1,1,0.3333,0.3333
2026-02-22,Delhi,Support,1,1,5,4.108,4.108,0,0,0.0,0.0
2026-02-22,Delhi,Verification,8,7,24,60.217,8.6024,0,3,0.0,0.4286
2026-02-22,Mumbai,Fulfillment,6,6,27,86.635,14.4392,0,1,0.0,0.1667
2026-02-22,Mumbai,Intake,11,11,43,20.386,1.8533,0,0,0.0,0.0
2026-02-22,Mumbai,Support,1,1,4,5.328,5.328,0,0,0.0,0.0
2026-02-22,Mumbai,Verification,5,5,20,19.755,3.951,0,0,0.0,0.0
2026-02-22,Pune,Fulfillment,8,8,33,132.305,16.5381,1,2,0.125,0.25
2026-02-22,Pune,Intake,8,8,32,15.685,1.9606,1,0,0.125,0.0
2026-02-22,Pune,Support,2,2,8,8.399,4.1995,0,1,0.0,0.5
2026-02-22,Pune,Verification,6,5,15,36.082,7.2164,0,1,0.0,0.2
2026-02-23,Bengaluru,Fulfillment,16,14,57,250.189,17.8706,1,1,0.0714,0.0714
2026-02-23,Bengaluru,Intake,9,9,37,21.16,2.3511,2,1,0.2222,0.1111
2026-02-23,Bengaluru,Support,2,2,12,5.88,2.94,0,0,0.0,0.0
2026-02-23,Bengaluru,Verification,18,18,73,116.229,6.4572,1,3,0.0556,0.1667
2026-02-23,Delhi,Fulfillment,16,15,59,304.305,20.287,3,3,0.2,0.2
2026-02-23,Delhi,Intake,12,11,32,22.62,2.0564,0,0,0.0,0.0
2026-02-23,Delhi,Support,3,3,7,14.762,4.9207,0,1,0.0,0.3333
2026-02-23,Delhi,Verification,16,16,57,180.173,11.2608,1,11,0.0625,0.6875
2026-02-23,Mumbai,Fulfillment,26,26,106,479.942,18.4593,3,5,0.1154,0.1923
2026-02-23,Mumbai,Intake,19,18,83,43.871,2.4373,1,2,0.0556,0.1111
2026-02-23,Mumbai,Support,8,7,31,23.232,3.3189,0,1,0.0,0.1429
2026-02-23,Mumbai,Verification,17,16,69,107.201,6.7001,1,5,0.0625,0.3125
2026-02-23,Pune,Fulfillment,23,22,100,398.719,18.1236,1,5,0.0455,0.2273
2026-02-23,Pune,Intake,9,8,34,26.054,3.2568,0,1,0.0,0.125
2026-02-23,Pune,Support,8,7,28,29.906,4.2723,2,1,0.2857,0.1429
2026-02-23,Pune,Verification,8,7,36,39.735,5.6764,0,0,0.0,0.0
2026-02-24,Bengaluru,Fulfillment,12,11,36,157.979,14.3617,2,1,0.1818,0.0909
2026-02-24,Bengaluru,Intake,9,7,23,19.114,2.7306,1,1,0.1429,0.1429
2026-02-24,Bengaluru,Support,2,2,7,4.4,2.2,0,0,0.0,0.0
2026-02-24,Bengaluru,Verification,14,13,51,61.943,4.7648,0,0,0.0,0.0
2026-02-24,Delhi,Fulfillment,19,18,85,346.293,19.2385,0,6,0.0,0.3333
2026-02-24,Delhi,Intake,8,7,26,13.534,1.9334,0,0,0.0,0.0
2026-02-24,Delhi,Support,5,4,15,21.54,5.385,0,1,0.0,0.25
2026-02-24,Delhi,Verification,21,21,82,189.964,9.0459,2,14,0.0952,0.6667
2026-02-24,Mumbai,Fulfillment,12,12,44,157.798,13.1498,1,0,0.0833,0.0
2026-02-24,Mumbai,Intake,16,14,57,30.916,2.2083,0,1,0.0,0.0714
2026-02-24,Mumbai,Support,9,8,36,35.677,4.4596,1,2,0.125,0.25
2026-02-24,Mumbai,Verification,27,26,112,133.666,5.141,1,3,0.0385,0.1154
2026-02-24,Pune,Fulfillment,14,14,56,277.543,19.8245,0,4,0.0,0.2857
2026-02-24,Pune,Intake,9,9,31,23.549,2.6166,0,2,0.0,0.2222
2026-02-24,Pune,Support,3,3,12,14.543,4.8477,0,0,0.0,0.0
2026-02-24,Pune,Verification,19,17,70,93.287,5.4875,1,4,0.0588,0.2353
2026-02-25,Bengaluru,Fulfillment,10,10,34,179.702,17.9702,0,3,0.0,0.3
2026-02-25,Bengaluru,Intake,11,11,45,21.569,1.9608,0,0,0.0,0.0
2026-02-25,Bengaluru,Support,1,1,2,3.682,3.682,0,0,0.0,0.0
2026-02-25,Bengaluru,Verification,3,3,16,24.068,8.0227,0,1,0.0,0.3333
2026-02-25,Delhi,Fulfillment,19,19,84,257.273,13.5407,1,1,0.0526,0.0526
2026-02-25,Delhi,Intake,14,13,54,26.413,2.0318,0,0,0.0,0.0
2026-02-25,Delhi,Support,5,5,20,20.121,4.0242,0,1,0.0,0.2
2026-02-25,Delhi,Verification,11,10,41,87.415,8.7415,1,5,0.1,0.5
2026-02-25,Mumbai,Fulfillment,18,18,79,294.211,16.3451,1,3,0.0556,0.1667
2026-02-25,Mumbai,Intake,20,19,84,47.478,2.4988,3,1,0.1579,0.0526
2026-02-25,Mumbai,Support,6,6,30,29.892,4.982,0,1,0.0,0.1667
2026-02-25,Mumbai,Verification,19,15,58,76.832,5.1221,1,3,0.0667,0.2
2026-02-25,Pune,Fulfillment,9,9,46,137.724,15.3027,0,1,0.0,0.1111
2026-02-25,Pune,Intake,8,8,24,22.814,2.8518,1,1,0.125,0.125
2026-02-25,Pune,Support,2,2,5,5.856,2.928,0,0,0.0,0.0
2026-02-25,Pune,Verification,9,9,31,43.301,4.8112,1,1,0.1111,0.1111
2026-02-26,Bengaluru,Fulfillment,7,6,27,86.801,14.4668,0,0,0.0,0.0
2026-02-26,Bengaluru,Intake,10,9,29,24.144,2.6827,0,2,0.0,0.2222
2026-02-26,Bengaluru,Support,3,3,7,14.513,4.8377,0,1,0.0,0.3333
2026-02-26,Bengaluru,Verification,8,8,35,42.352,5.294,0,1,0.0,0.125
2026-02-26,Delhi,Fulfillment,18,18,85,274.804,15.2669,2,2,0.1111,0.1111
2026-02-26,Delhi,Intake,6,6,25,10.692,1.782,0,0,0.0,0.0
2026-02-26,Delhi,Support,3,3,12,12.7,4.2333,0,0,0.0,0.0
2026-02-26,Delhi,Verification,9,9,44,80.676,8.964,0,5,0.0,0.5556
2026-02-26,Mumbai,Fulfillment,12,12,43,153.526,12.7938,1,0,0.0833,0.0
2026-02-26,Mumbai,Intake,12,12,42,23.182,1.9318,0,0,0.0,0.0
2026-02-26,Mumbai,Support,2,2,9,6.401,3.2005,0,0,0.0,0.0
2026-02-26,Mumbai,Verification,17,16,56,71.208,4.4505,1,1,0.0625,0.0625
2026-02-26,Pune,Fulfillment,5,4,18,40.852,10.213,0,0,0.0,0.0
2026-02-26,Pune,Intake,10,9,34,18.732,2.0813,0,1,0.0,0.1111
2026-02-26,Pune,Support,8,7,30,19.728,2.8183,0,0,0.0,0.0
2026-02-26,Pune,Verification,5,5,21,15.748,3.1496,0,0,0.0,0.0
2026-02-27,Bengaluru,Fulfillment,12,12,48,185.495,15.4579,0,2,0.0,0.1667
2026-02-27,Bengaluru,Intake,7,7,33,16.34,2.3343,1,1,0.1429,0.1429
2026-02-27,Bengaluru,Support,1,1,2,4.304,4.304,0,0,0.0,0.0
2026-02-27,Bengaluru,Verification,5,5,13,20.528,4.1056,0,0,0.0,0.0
2026-02-27,Delhi,Fulfillment,8,8,32,135.324,16.9155,0,1,0.0,0.125
2026-02-27,Delhi,Intake,7,7,33,12.757,1.8224,0,0,0.0,0.0
2026-02-27,Delhi,Support,1,1,3,2.181,2.181,0,0,0.0,0.0
2026-02-27,Delhi,Verification,15,14,59,101.843,7.2745,0,5,0.0,0.3571
2026-02-27,Mumbai,Fulfillment,7,6,21,118.924,19.8207,0,2,0.0,0.3333
2026-02-27,Mumbai,Intake,26,23,101,39.055,1.698,0,0,0.0,0.0
2026-02-27,Mumbai,Support,10,10,46,33.327,3.3327,1,1,0.1,0.1
2026-02-27,Mumbai,Verification,11,11,36,57.393,5.2175,0,2,0.0,0.1818
2026-02-27,Pune,Fulfillment,7,7,26,96.012,13.716,0,1,0.0,0.1429
2026-02-27,Pune,Intake,7,7,23,12.406,1.7723,0,0,0.0,0.0
2026-02-27,Pune,Support,1,1,4,4.15,4.15,0,0,0.0,0.0
2026-02-27,Pune,Verification,11,8,28,43.355,5.4194,0,1,0.0,0.125
2026-02-28,Bengaluru,Fulfillment,6,6,25,77.071,12.8452,0,0,0.0,0.0
2026-02-28,Bengaluru,Intake,2,2,9,5.275,2.6375,0,0,0.0,0.0
2026-02-28,Bengaluru,Verification,5,5,22,29.628,5.9256,0,0,0.0,0.0
2026-02-28,Delhi,Fulfillment,4,4,18,64.057,16.0142,1,0,0.25,0.0
2026-02-28,Delhi,Intake,4,4,11,6.788,1.697,0,0,0.0,0.0
2026-02-28,Delhi,Support,5,5,19,13.937,2.7874,0,0,0.0,0.0
2026-02-28,Delhi,Verification,12,12,51,115.515,9.6262,0,7,0.0,0.5833
2026-02-28,Mumbai,Fulfillment,11,11,42,153.675,13.9705,1,1,0.0909,0.0909
2026-02-28,Mumbai,Intake,16,16,63,31.717,1.9823,0,0,0.0,0.0
2026-02-28,Mumbai,Support,6,5,25,24.573,4.9146,0,2,0.0,0.4
2026-02-28,Mumbai,Verification,11,11,46,55.855,5.0777,0,1,0.0,0.0909
2026-02-28,Pune,Fulfillment,7,5,19,67.703,13.5406,1,1,0.2,0.2
2026-02-28,Pune,Intake,6,6,27,11.391,1.8985,0,0,0.0,0.0
2026-02-28,Pune,Support,1,1,6,1.251,1.251,0,0,0.0,0.0
2026-02-28,Pune,Verification,4,3,16,9.758,3.2527,0,0,0.0,0.0
2026-03-01,Bengaluru,Fulfillment,3,3,13,50.885,16.9617,0,0,0.0,0.0
2026-03-01,Bengaluru,Intake,6,6,24,12.122,2.0203,0,0,0.0,0.0
2026-03-01,Bengaluru,Support,4,3,9,20.09,6.6967,0,1,0.0,0.3333
2026-03-01,Bengaluru,Verification,3,3,11,14.756,4.9187,1,0,0.3333,0.0
2026-03-01,Delhi,Fulfillment,10,10,43,120.163,12.0163,0,0,0.0,0.0
2026-03-01,Delhi,Intake,10,10,46,20.032,2.0032,0,0,0.0,0.0
2026-03-01,Delhi,Support,3,3,9,11.169,3.723,0,0,0.0,0.0
2026-03-01,Delhi,Verification,8,8,42,85.903,10.7379,0,4,0.0,0.5
2026-03-01,Mumbai,Fulfillment,10,10,35,166.574,16.6574,0,2,0.0,0.2
2026-03-01,Mumbai,Intake,14,13,43,29.484,2.268,0,1,0.0,0.0769
2026-03-01,Mumbai,Support,3,3,9,17.848,5.9493,0,2,0.0,0.6667
2026-03-01,Mumbai,Verification,12,11,45,59.276,5.3887,0,0,0.0,0.0
2026-03-01,Pune,Fulfillment,3,3,11,28.6,9.5333,0,0,0.0,0.0
2026-03-01,Pune,Intake,4,4,13,7.186,1.7965,0,0,0.0,0.0
2026-03-01,Pune,Support,1,1,2,2.439,2.439,0,0,0.0,0.0
2026-03-01,Pune,Verification,2,2,7,5.849,2.9245,0,0,0.0,0.0
2026-03-02,Bengaluru,Fulfillment,11,11,40,190.947,17.3588,0,3,0.0,0.2727
2026-03-02,Bengaluru,Intake,20,19,68,58.678,3.0883,1,4,0.0526,0.2105
2026-03-02,Bengaluru,Support,2,2,14,6.819,3.4095,1,0,0.5,0.0
2026-03-02,Bengaluru,Verification,11,10,39,48.709,4.8709,0,1,0.0,0.1
2026-03-02,Delhi,Fulfillment,23,23,95,358.047,15.5673,1,2,0.0435,0.087
2026-03-02,Delhi,Intake,12,12,44,30.77,2.5642,0,1,0.0,0.0833
2026-03-02,Delhi,Support,5,4,15,17.953,4.4882,0,1,0.0,0.25
2026-03-02,Delhi,Verification,23,22,92,231.385,10.5175,0,16,0.0,0.7273
2026-03-02,Mumbai,Fulfillment,18,18,71,350.941,19.4967,1,3,0.0556,0.1667
2026-03-02,Mumbai,Intake,20,20,79,50.671,2.5336,1,2,0.05,0.1
2026-03-02,Mumbai,Support,9,8,30,33.495,4.1869,2,1,0.25,0.125
2026-03-02,Mumbai,Verification,20,20,88,146.33,7.3165,1,7,0.05,0.35
2026-03-02,Pune,Fulfillment,11,10,44,179.912,17.9912,2,3,0.2,0.3
2026-03-02,Pune,Intake,9,7,28,11.755,1.6793,0,0,0.0,0.0
2026-03-02,Pune,Support,3,3,8,10.08,3.36,0,0,0.0,0.0
2026-03-02,Pune,Verification,11,10,49,52.647,5.2647,0,2,0.0,0.2
2026-03-03,Bengaluru,Fulfillment,13,13,49,202.728,15.5945,0,1,0.0,0.0769
2026-03-03,Bengaluru,Intake,10,9,36,21.096,2.344,1,1,0.1111,0.1111
2026-03-03,Bengaluru,Support,3,3,13,18.983,6.3277,0,1,0.0,0.3333
2026-03-03,Bengaluru,Verification,11,11,40,57.968,5.2698,0,2,0.0,0.1818
2026-03-03,Delhi,Fulfillment,15,14,58,221.89,15.8493,0,1,0.0,0.0714
2026-03-03,Delhi,Intake,16,16,51,37.718,2.3574,0,3,0.0,0.1875
2026-03-03,Delhi,Support,5,5,20,24.315,4.863,0,2,0.0,0.4
2026-03-03,Delhi,Verification,13,13,53,164.398,12.646,2,4,0.1538,0.3077
2026-03-03,Mumbai,Fulfillment,25,25,104,385.306,15.4122,0,4,0.0,0.16
2026-03-03,Mumbai,Intake,13,12,38,28.937,2.4114,0,0,0.0,0.0
2026-03-03,Mumbai,Support,8,8,30,41.979,5.2474,0,2,0.0,0.25
2026-03-03,Mumbai,Verification,16,15,60,82.743,5.5162,1,1,0.0667,0.0667
2026-03-03,Pune,Fulfillment,11,11,54,192.306,17.4824,0,1,0.0,0.0909
2026-03-03,Pune,Intake,9,8,26,15.221,1.9026,0,0,0.0,0.0
2026-03-03,Pune,Support,1,1,4,1.915,1.915,0,0,0.0,0.0
2026-03-03,Pune,Verification,13,13,49,87.2,6.7077,1,5,0.0769,0.3846
2026-03-04,Bengaluru,Fulfillment,7,6,28,87.567,14.5945,0,1,0.0,0.1667
2026-03-04,Bengaluru,Intake,10,10,37,24.906,2.4906,0,1,0.0,0.1
2026-03-04,Bengaluru,Support,5,5,25,13.888,2.7776,0,0,0.0,0.0
2026-03-04,Bengaluru,Verification,10,9,39,59.649,6.6277,0,4,0.0,0.4444
2026-03-04,Delhi,Fulfillment,11,11,39,169.608,15.4189,1,1,0.0909,0.0909
2026-03-04,Delhi,Intake,12,12,44,25.308,2.109,0,0,0.0,0.0
2026-03-04,Delhi,Support,6,6,25,18.499,3.0832,0,0,0.0,0.0
2026-03-04,Delhi,Verification,10,10,50,100.406,10.0406,0,6,0.0,0.6
2026-03-04,Mumbai,Fulfillment,17,16,72,241.993,15.1246,0,2,0.0,0.125
2026-03-04,Mumbai,Intake,17,15,58,30.062,2.0041,0,0,0.0,0.0
2026-03-04,Mumbai,Support,5,5,25,20.016,4.0032,0,1,0.0,0.2
2026-03-04,Mumbai,Verification,16,16,75,89.981,5.6238,1,4,0.0625,0.25
2026-03-04,Pune,Fulfillment,4,4,17,72.2,18.05,1,1,0.25,0.25
2026-03-04,Pune,Intake,12,10,43,20.737,2.0737,1,0,0.1,0.0
2026-03-04,Pune,Support,6,6,24,14.589,2.4315,1,0,0.1667,0.0
2026-03-04,Pune,Verification,11,11,43,50.577,4.5979,0,0,0.0,0.0
2026-03-05,Bengaluru,Fulfillment,10,9,39,140.667,15.6297,0,2,0.0,0.2222
2026-03-05,Bengaluru,Intake,8,8,28,16.953,2.1191,0,0,0.0,0.0
2026-03-05,Bengaluru,Support,1,1,2,3.433,3.433,0,0,0.0,0.0
2026-03-05,Bengaluru,Verification,7,6,25,32.748,5.458,0,1,0.0,0.1667
2026-03-05,Delhi,Fulfillment,12,11,44,153.001,13.9092,0,1,0.0,0.0909
2026-03-05,Delhi,Intake,7,7,33,16.415,2.345,0,1,0.0,0.1429
2026-03-05,Delhi,Support,1,1,4,2.802,2.802,0,0,0.0,0.0
2026-03-05,Delhi,Verification,10,9,35,73.243,8.1381,0,5,0.0,0.5556
2026-03-05,Mumbai,Fulfillment,20,19,79,246.2,12.9579,0,0,0.0,0.0
2026-03-05,Mumbai,Intake,21,21,84,42.91,2.0433,1,0,0.0476,0.0
2026-03-05,Mumbai,Support,9,8,35,27.465,3.4331,1,0,0.125,0.0
2026-03-05,Mumbai,Verification,19,18,76,89.917,4.9954,0,0,0.0,0.0
2026-03-05,Pune,Fulfillment,11,10,42,132.062,13.2062,0,0,0.0,0.0
2026-03-05,Pune,Intake,9,9,36,18.568,2.0631,0,0,0.0,0.0
2026-03-05,Pune,Support,3,3,11,8.276,2.7587,0,0,0.0,0.0
2026-03-05,Pune,Verification,5,5,20,28.501,5.7002,0,1,0.0,0.2
2026-03-06,Bengaluru,Fulfillment,6,6,19,101.502,16.917,1,0,0.1667,0.0
2026-03-06,Bengaluru,Intake,3,3,19,14.229,4.743,0,2,0.0,0.6667
2026-03-06,Bengaluru,Support,1,1,5,4.058,4.058,0,0,0.0,0.0
2026-03-06,Bengaluru,Verification,17,16,72,77.672,4.8545,1,2,0.0625,0.125
2026-03-06,Delhi,Fulfillment,12,12,57,168.168,14.014,1,0,0.0833,0.0
2026-03-06,Delhi,Intake,14,12,38,30.166,2.5138,0,1,0.0,0.0833
2026-03-06,Delhi,Support,4,4,17,14.87,3.7175,0,1,0.0,0.25
2026-03-06,Delhi,Verification,10,10,37,101.903,10.1903,1,6,0.1,0.6
2026-03-06,Mumbai,Fulfillment,21,20,79,271.674,13.5837,0,1,0.0,0.05
2026-03-06,Mumbai,Intake,16,16,56,37.028,2.3142,0,2,0.0,0.125
2026-03-06,Mumbai,Support,4,4,16,18.995,4.7488,0,2,0.0,0.5
2026-03-06,Mumbai,Verification,19,19,64,96.739,5.0915,1,3,0.0526,0.1579
2026-03-06,Pune,Fulfillment,7,7,33,90.204,12.8863,0,1,0.0,0.1429
2026-03-06,Pune,Intake,12,12,49,22.325,1.8604,1,0,0.0833,0.0
2026-03-06,Pune,Support,1,1,4,2.606,2.606,0,0,0.0,0.0
2026-03-06,Pune,Verification,13,13,55,78.776,6.0597,0,2,0.0,0.1538
2026-03-07,Bengaluru,Fulfillment,6,6,22,77.257,12.8762,0,0,0.0,0.0
2026-03-07,Bengaluru,Intake,2,1,5,1.05,1.05,0,0,0.0,0.0
2026-03-07,Bengaluru,Support,3,3,9,7.889,2.6297,0,0,0.0,0.0
2026-03-07,Bengaluru,Verification,7,7,27,30.654,4.3791,0,0,0.0,0.0
2026-03-07,Delhi,Fulfillment,3,3,16,27.877,9.2923,0,0,0.0,0.0
2026-03-07,Delhi,Intake,5,5,19,8.313,1.6626,0,0,0.0,0.0
2026-03-07,Delhi,Verification,3,3,12,30.283,10.0943,0,2,0.0,0.6667
2026-03-07,Mumbai,Fulfillment,6,6,26,72.76,12.1267,0,0,0.0,0.0
2026-03-07,Mumbai,Intake,8,8,26,20.534,2.5668,0,1,0.0,0.125
2026-03-07,Mumbai,Support,6,6,28,35.11,5.8517,0,3,0.0,0.5
2026-03-07,Mumbai,Verification,11,11,42,70.22,6.3836,0,2,0.0,0.1818
2026-03-07,Pune,Fulfillment,3,3,13,29.688,9.896,0,0,0.0,0.0
2026-03-07,Pune,Intake,2,2,6,2.45,1.225,0,0,0.0,0.0
2026-03-07,Pune,Support,1,1,2,1.778,1.778,0,0,0.0,0.0
2026-03-07,Pune,Verification,4,4,16,22.585,5.6462,0,1,0.0,0.25
2026-03-08,Bengaluru,Fulfillment,6,6,26,81.686,13.6143,0,0,0.0,0.0
2026-03-08,Bengaluru,Intake,8,8,31,16.837,2.1046,0,0,0.0,0.0
2026-03-08,Bengaluru,Support,8,8,32,26.016,3.252,1,0,0.125,0.0
2026-03-08,Bengaluru,Verification,8,7,23,30.218,4.3169,0,0,0.0,0.0
2026-03-08,Delhi,Fulfillment,6,6,19,80.092,13.3487,0,0,0.0,0.0
2026-03-08,Delhi,Intake,8,7,31,13.332,1.9046,0,0,0.0,0.0
2026-03-08,Delhi,Support,1,1,2,1.944,1.944,0,0,0.0,0.0
2026-03-08,Delhi,Verification,2,2,6,13.275,6.6375,0,0,0.0,0.0
2026-03-08,Mumbai,Fulfillment,10,10,50,138.296,13.8296,0,1,0.0,0.1
2026-03-08,Mumbai,Intake,6,6,19,14.962,2.4937,0,0,0.0,0.0
2026-03-08,Mumbai,Support,3,3,10,7.959,2.653,0,0,0.0,0.0
2026-03-08,Mumbai,Verification,8,8,31,39.712,4.964,0,1,0.0,0.125
2026-03-08,Pune,Fulfillment,7,7,24,108.729,15.5327,0,1,0.0,0.1429
2026-03-08,Pune,Intake,5,5,15,7.576,1.5152,0,0,0.0,0.0
2026-03-08,Pune,Support,2,2,9,6.367,3.1835,0,0,0.0,0.0
2026-03-08,Pune,Verification,6,6,23,27.785,4.6308,0,0,0.0,0.0
2026-03-09,Bengaluru,Fulfillment,13,12,42,184.87,15.4058,1,1,0.0833,0.0833
2026-03-09,Bengaluru,Intake,14,14,59,32.63,2.3307,1,1,0.0714,0.0714
2026-03-09,Bengaluru,Support,4,4,18,22.7,5.675,0,2,0.0,0.5
2026-03-09,Bengaluru,Verification,16,16,64,97.734,6.1084,2,3,0.125,0.1875
2026-03-09,Delhi,Fulfillment,12,11,34,224.06,20.3691,1,3,0.0909,0.2727
2026-03-09,Delhi,Intake,13,13,68,38.182,2.9371,1,2,0.0769,0.1538
2026-03-09,Delhi,Support,4,3,13,16.116,5.372,0,1,0.0,0.3333
2026-03-09,Delhi,Verification,18,18,68,201.258,11.181,3,9,0.1667,0.5
2026-03-09,Mumbai,Fulfillment,23,23,91,381.205,16.5741,1,4,0.0435,0.1739
2026-03-09,Mumbai,Intake,18,17,63,49.74,2.9259,3,2,0.1765,0.1176
2026-03-09,Mumbai,Support,7,4,12,23.93,5.9825,0,2,0.0,0.5
2026-03-09,Mumbai,Verification,18,17,66,105.062,6.1801,0,4,0.0,0.2353
2026-03-09,Pune,Fulfillment,10,10,41,173.7,17.37,0,1,0.0,0.1
2026-03-09,Pune,Intake,17,17,61,41.633,2.449,2,0,0.1176,0.0
2026-03-09,Pune,Support,4,4,21,12.806,3.2015,1,0,0.25,0.0
2026-03-09,Pune,Verification,15,15,54,84.376,5.6251,1,2,0.0667,0.1333
2026-03-10,Bengaluru,Fulfillment,9,9,34,134.056,14.8951,0,1,0.0,0.1111
2026-03-10,Bengaluru,Intake,7,7,30,12.236,1.748,0,0,0.0,0.0
2026-03-10,Bengaluru,Support,3,3,9,6.605,2.2017,0,0,0.0,0.0
2026-03-10,Bengaluru,Verification,13,13,63,65.287,5.0221,2,2,0.1538,0.1538
2026-03-10,Delhi,Fulfillment,14,13,49,250.537,19.2721,1,4,0.0769,0.3077
2026-03-10,Delhi,Intake,18,18,63,40.043,2.2246,1,2,0.0556,0.1111
2026-03-10,Delhi,Support,5,5,21,14.159,2.8318,1,0,0.2,0.0
2026-03-10,Delhi,Verification,12,10,38,92.153,9.2153,1,5,0.1,0.5
2026-03-10,Mumbai,Fulfillment,26,25,97,398.41,15.9364,1,1,0.04,0.04
2026-03-10,Mumbai,Intake,20,19,85,41.913,2.2059,0,2,0.0,0.1053
2026-03-10,Mumbai,Support,6,6,16,25.8,4.3,1,2,0.1667,0.3333
2026-03-10,Mumbai,Verification,16,15,44,84.711,5.6474,2,1,0.1333,0.0667
2026-03-10,Pune,Fulfillment,16,16,71,251.091,15.6932,0,3,0.0,0.1875
2026-03-10,Pune,Intake,15,15,50,30.784,2.0523,0,1,0.0,0.0667
2026-03-10,Pune,Support,6,6,24,28.21,4.7017,1,1,0.1667,0.1667
2026-03-10,Pune,Verification,19,18,79,119.682,6.649,0,3,0.0,0.1667
2026-03-11,Bengaluru,Fulfillment,6,6,25,84.179,14.0298,1,1,0.1667,0.1667
2026-03-11,Bengaluru,Intake,13,13,49,26.996,2.0766,0,0,0.0,0.0
2026-03-11,Bengaluru,Verification,10,10,50,48.766,4.8766,0,0,0.0,0.0
2026-03-11,Delhi,Fulfillment,17,15,59,228.011,15.2007,0,1,0.0,0.0667
2026-03-11,Delhi,Intake,10,10,43,22.171,2.2171,1,0,0.1,0.0
2026-03-11,Delhi,Support,6,6,22,20.31,3.385,1,1,0.1667,0.1667
2026-03-11,Delhi,Verification,15,15,53,124.146,8.2764,2,5,0.1333,0.3333
2026-03-11,Mumbai,Fulfillment,17,17,71,263.391,15.4936,0,1,0.0,0.0588
2026-03-11,Mumbai,Intake,18,17,75,43.4,2.5529,0,1,0.0,0.0588
2026-03-11,Mumbai,Support,5,5,22,15.575,3.115,0,0,0.0,0.0
2026-03-11,Mumbai,Verification,18,17,52,87.424,5.1426,0,1,0.0,0.0588
2026-03-11,Pune,Fulfillment,8,8,23,119.963,14.9954,0,0,0.0,0.0
2026-03-11,Pune,Intake,10,10,45,17.043,1.7043,0,0,0.0,0.0
2026-03-11,Pune,Support,4,4,14,13.767,3.4418,0,0,0.0,0.0
2026-03-11,Pune,Verification,11,11,49,42.248,3.8407,2,1,0.1818,0.0909
2026-03-12,Bengaluru,Fulfillment,6,6,29,81.171,13.5285,0,0,0.0,0.0
2026-03-12,Bengaluru,Intake,10,10,55,19.186,1.9186,0,0,0.0,0.0
2026-03-12,Bengaluru,Support,3,3,13,10.767,3.589,0,0,0.0,0.0
2026-03-12,Bengaluru,Verification,5,5,22,23.656,4.7312,0,0,0.0,0.0
2026-03-12,Delhi,Fulfillment,12,12,44,183.292,15.2743,2,1,0.1667,0.0833
2026-03-12,Delhi,Intake,12,12,51,26.726,2.2272,1,0,0.0833,0.0
2026-03-12,Delhi,Support,7,7,25,34.842,4.9774,0,1,0.0,0.1429
2026-03-12,Delhi,Verification,13,13,54,88.128,6.7791,0,3,0.0,0.2308
2026-03-12,Mumbai,Fulfillment,26,26,98,362.44,13.94,0,3,0.0,0.1154
2026-03-12,Mumbai,Intake,15,15,64,31.102,2.0735,0,0,0.0,0.0
2026-03-12,Mumbai,Support,5,5,21,18.204,3.6408,0,0,0.0,0.0
2026-03-12,Mumbai,Verification,22,20,80,116.431,5.8216,2,4,0.1,0.2
2026-03-12,Pune,Fulfillment,10,10,30,115.997,11.5997,0,0,0.0,0.0
2026-03-12,Pune,Intake,6,5,19,7.449,1.4898,0,0,0.0,0.0
2026-03-12,Pune,Support,2,1,1,2.467,2.467,0,0,0.0,0.0
2026-03-12,Pune,Verification,9,8,35,35.54,4.4425,0,0,0.0,0.0
2026-03-13,Bengaluru,Fulfillment,8,8,34,108.451,13.5564,1,0,0.125,0.0
2026-03-13,Bengaluru,Intake,7,6,19,8.422,1.4037,0,0,0.0,0.0
2026-03-13,Bengaluru,Support,1,1,8,4.7,4.7,0,0,0.0,0.0
2026-03-13,Bengaluru,Verification,15,15,54,80.217,5.3478,0,2,0.0,0.1333
2026-03-13,Delhi,Fulfillment,15,14,69,191.571,13.6836,0,0,0.0,0.0
2026-03-13,Delhi,Intake,7,6,24,14.396,2.3993,0,1,0.0,0.1667
2026-03-13,Delhi,Support,9,8,24,30.532,3.8165,0,1,0.0,0.125
2026-03-13,Delhi,Verification,13,11,32,87.038,7.9125,0,5,0.0,0.4545
2026-03-13,Mumbai,Fulfillment,19,19,88,253.009,13.3163,1,0,0.0526,0.0
2026-03-13,Mumbai,Intake,14,14,43,26.646,1.9033,1,1,0.0714,0.0714
2026-03-13,Mumbai,Support,6,5,27,19.827,3.9654,0,0,0.0,0.0
2026-03-13,Mumbai,Verification,11,10,45,56.091,5.6091,0,1,0.0,0.1
2026-03-13,Pune,Fulfillment,10,10,41,145.615,14.5615,0,1,0.0,0.1
2026-03-13,Pune,Intake,9,9,28,17.478,1.942,0,1,0.0,0.1111
2026-03-13,Pune,Support,1,1,6,5.131,5.131,1,0,1.0,0.0
2026-03-13,Pune,Verification,9,8,27,33.997,4.2496,1,0,0.125,0.0
2026-03-14,Bengaluru,Fulfillment,8,8,31,89.248,11.156,0,0,0.0,0.0
2026-03-14,Bengaluru,Intake,8,7,31,12.361,1.7659,0,0,0.0,0.0
2026-03-14,Bengaluru,Support,2,2,10,2.984,1.492,0,0,0.0,0.0
2026-03-14,Bengaluru,Verification,5,4,14,28.639,7.1598,0,1,0.0,0.25
2026-03-14,Delhi,Fulfillment,13,11,49,156.954,14.2685,0,2,0.0,0.1818
2026-03-14,Delhi,Intake,6,6,20,13.224,2.204,1,0,0.1667,0.0
2026-03-14,Delhi,Verification,4,3,8,18.402,6.134,0,0,0.0,0.0
2026-03-14,Mumbai,Fulfillment,7,7,26,86.219,12.317,0,0,0.0,0.0
2026-03-14,Mumbai,Intake,9,7,32,13.776,1.968,0,0,0.0,0.0
2026-03-14,Mumbai,Support,5,5,16,18.756,3.7512,0,0,0.0,0.0
2026-03-14,Mumbai,Verification,8,8,27,33.665,4.2081,1,0,0.125,0.0
2026-03-14,Pune,Fulfillment,8,8,31,78.476,9.8095,1,0,0.125,0.0
2026-03-14,Pune,Intake,5,5,18,9.709,1.9418,0,0,0.0,0.0
2026-03-14,Pune,Support,1,1,5,11.567,11.567,0,1,0.0,1.0
2026-03-14,Pune,Verification,6,6,23,19.436,3.2393,0,0,0.0,0.0
2026-03-15,Bengaluru,Fulfillment,6,6,38,70.81,11.8017,1,0,0.1667,0.0
2026-03-15,Bengaluru,Intake,8,8,34,13.325,1.6656,0,0,0.0,0.0
2026-03-15,Bengaluru,Verification,4,4,18,26.709,6.6772,0,1,0.0,0.25
2026-03-15,Delhi,Fulfillment,8,8,30,110.232,13.779,0,0,0.0,0.0
2026-03-15,Delhi,Intake,9,8,34,15.772,1.9715,0,0,0.0,0.0
2026-03-15,Delhi,Support,4,4,20,14.7,3.675,0,0,0.0,0.0
2026-03-15,Delhi,Verification,6,5,16,39.886,7.9772,0,2,0.0,0.4
2026-03-15,Mumbai,Fulfillment,2,2,4,14.298,7.149,0,0,0.0,0.0
2026-03-15,Mumbai,Intake,4,3,12,5.428,1.8093,0,0,0.0,0.0
2026-03-15,Mumbai,Support,5,5,15,13.954,2.7908,0,0,0.0,0.0
2026-03-15,Mumbai,Verification,8,8,35,42.798,5.3498,0,2,0.0,0.25
2026-03-15,Pune,Fulfillment,6,6,24,86.509,14.4182,0,1,0.0,0.1667
2026-03-15,Pune,Intake,1,1,3,1.267,1.267,0,0,0.0,0.0
2026-03-15,Pune,Verification,5,4,16,20.458,5.1145,0,0,0.0,0.0
2026-03-16,Bengaluru,Fulfillment,12,10,30,170.934,17.0934,0,2,0.0,0.2
2026-03-16,Bengaluru,Intake,8,7,31,16.829,2.4041,1,0,0.1429,0.0
2026-03-16,Bengaluru,Support,5,5,22,14.714,2.9428,0,0,0.0,0.0
2026-03-16,Bengaluru,Verification,11,10,38,59.907,5.9907,0,1,0.0,0.1
2026-03-16,Delhi,Fulfillment,12,12,47,252.546,21.0455,0,4,0.0,0.3333
2026-03-16,Delhi,Intake,15,14,64,35.97,2.5693,1,1,0.0714,0.0714
2026-03-16,Delhi,Support,6,6,26,23.888,3.9813,0,0,0.0,0.0
2026-03-16,Delhi,Verification,14,14,64,139.162,9.9401,2,8,0.1429,0.5714
2026-03-16,Mumbai,Fulfillment,24,23,84,432.613,18.8093,0,6,0.0,0.2609
2026-03-16,Mumbai,Intake,25,25,108,75.117,3.0047,2,5,0.08,0.2
2026-03-16,Mumbai,Support,8,7,25,25.573,3.6533,0,0,0.0,0.0
2026-03-16,Mumbai,Verification,19,19,72,121.121,6.3748,1,3,0.0526,0.1579
2026-03-16,Pune,Fulfillment,14,13,53,236.336,18.1797,0,2,0.0,0.1538
2026-03-16,Pune,Intake,13,13,53,30.611,2.3547,0,0,0.0,0.0
2026-03-16,Pune,Support,3,3,11,9.501,3.167,0,0,0.0,0.0
2026-03-16,Pune,Verification,10,10,38,55.608,5.5608,1,2,0.1,0.2
2026-03-17,Bengaluru,Fulfillment,8,7,19,113.679,16.2399,0,2,0.0,0.2857
2026-03-17,Bengaluru,Intake,11,10,38,19.263,1.9263,2,0,0.2,0.0
2026-03-17,Bengaluru,Support,3,2,6,6.642,3.321,0,0,0.0,0.0
2026-03-17,Bengaluru,Verification,12,12,48,63.805,5.3171,0,2,0.0,0.1667
2026-03-17,Delhi,Fulfillment,5,5,17,86.662,17.3324,1,0,0.2,0.0
2026-03-17,Delhi,Intake,18,18,72,41.294,2.2941,0,0,0.0,0.0
2026-03-17,Delhi,Support,4,3,11,6.557,2.1857,1,0,0.3333,0.0
2026-03-17,Delhi,Verification,15,15,61,137.927,9.1951,0,7,0.0,0.4667
2026-03-17,Mumbai,Fulfillment,18,18,85,265.823,14.7679,1,2,0.0556,0.1111
2026-03-17,Mumbai,Intake,13,13,58,36.234,2.7872,1,3,0.0769,0.2308
2026-03-17,Mumbai,Support,8,8,32,20.218,2.5272,0,0,0.0,0.0
2026-03-17,Mumbai,Verification,10,10,38,56.079,5.6079,0,1,0.0,0.1
2026-03-17,Pune,Fulfillment,8,8,32,120.237,15.0296,0,1,0.0,0.125
2026-03-17,Pune,Intake,8,8,33,16.547,2.0684,0,1,0.0,0.125
2026-03-17,Pune,Support,2,2,12,4.577,2.2885,0,0,0.0,0.0
2026-03-17,Pune,Verification,12,12,48,54.595,4.5496,1,0,0.0833,0.0
2026-03-18,Bengaluru,Fulfillment,12,11,39,160.707,14.6097,1,0,0.0909,0.0
2026-03-18,Bengaluru,Intake,10,9,34,16.97,1.8856,1,0,0.1111,0.0
2026-03-18,Bengaluru,Support,5,5,25,19.052,3.8104,0,1,0.0,0.2
2026-03-18,Bengaluru,Verification,6,6,24,28.395,4.7325,0,0,0.0,0.0
2026-03-18,Delhi,Fulfillment,11,11,46,148.169,13.4699,0,0,0.0,0.0
2026-03-18,Delhi,Intake,12,12,52,20.254,1.6878,0,0,0.0,0.0
2026-03-18,Delhi,Support,4,4,16,11.059,2.7648,0,0,0.0,0.0
2026-03-18,Delhi,Verification,8,8,23,75.392,9.424,0,4,0.0,0.5
2026-03-18,Mumbai,Fulfillment,14,13,45,225.188,17.3222,0,3,0.0,0.2308
2026-03-18,Mumbai,Intake,17,15,54,35.58,2.372,1,1,0.0667,0.0667
2026-03-18,Mumbai,Support,7,7,23,24.694,3.5277,0,1,0.0,0.1429
2026-03-18,Mumbai,Verification,23,22,88,125.512,5.7051,4,5,0.1818,0.2273
2026-03-18,Pune,Fulfillment,14,13,50,201.261,15.4816,0,1,0.0,0.0769
2026-03-18,Pune,Intake,9,9,34,19.03,2.1144,2,1,0.2222,0.1111
2026-03-18,Pune,Support,3,3,9,6.323,2.1077,0,0,0.0,0.0
2026-03-18,Pune,Verification,12,12,49,68.491,5.7076,0,2,0.0,0.1667
2026-03-19,Bengaluru,Fulfillment,9,8,39,107.578,13.4472,1,2,0.125,0.25
2026-03-19,Bengaluru,Intake,9,9,40,18.747,2.083,0,0,0.0,0.0
2026-03-19,Bengaluru,Support,3,2,7,7.658,3.829,0,0,0.0,0.0
2026-03-19,Bengaluru,Verification,7,7,26,27.336,3.9051,0,0,0.0,0.0
2026-03-19,Delhi,Fulfillment,14,13,51,210.787,16.2144,0,2,0.0,0.1538
2026-03-19,Delhi,Intake,6,6,29,12.024,2.004,1,0,0.1667,0.0
2026-03-19,Delhi,Support,1,1,5,2.726,2.726,0,0,0.0,0.0
2026-03-19,Delhi,Verification,9,7,21,60.002,8.5717,1,5,0.1429,0.7143
2026-03-19,Mumbai,Fulfillment,19,19,60,290.689,15.2994,0,2,0.0,0.1053
2026-03-19,Mumbai,Intake,17,17,72,33.517,1.9716,0,0,0.0,0.0
2026-03-19,Mumbai,Support,4,4,19,22.818,5.7045,1,2,0.25,0.5
2026-03-19,Mumbai,Verification,15,13,66,63.643,4.8956,0,1,0.0,0.0769
2026-03-19,Pune,Fulfillment,10,10,38,113.428,11.3428,0,0,0.0,0.0
2026-03-19,Pune,Intake,12,11,36,22.611,2.0555,1,0,0.0909,0.0
2026-03-19,Pune,Support,3,3,16,12.08,4.0267,0,0,0.0,0.0
2026-03-19,Pune,Verification,10,10,45,47.966,4.7966,1,0,0.1,0.0
2026-03-20,Bengaluru,Fulfillment,8,7,33,131.862,18.8374,0,1,0.0,0.1429
2026-03-20,Bengaluru,Intake,7,7,26,20.195,2.885,0,1,0.0,0.1429
2026-03-20,Bengaluru,Verification,10,10,39,54.805,5.4805,2,2,0.2,0.2
2026-03-20,Delhi,Fulfillment,14,14,49,250.491,17.8922,1,3,0.0714,0.2143
2026-03-20,Delhi,Intake,15,14,48,38.106,2.7219,1,1,0.0714,0.0714
2026-03-20,Delhi,Support,4,4,19,17.421,4.3552,0,1,0.0,0.25
2026-03-20,Delhi,Verification,11,10,37,77.491,7.7491,0,3,0.0,0.3
2026-03-20,Mumbai,Fulfillment,20,19,73,274.197,14.4314,0,0,0.0,0.0
2026-03-20,Mumbai,Intake,22,21,86,41.899,1.9952,1,2,0.0476,0.0952
2026-03-20,Mumbai,Support,5,5,20,20.215,4.043,0,0,0.0,0.0
2026-03-20,Mumbai,Verification,17,17,57,81.256,4.7798,1,3,0.0588,0.1765
2026-03-20,Pune,Fulfillment,9,9,39,101.61,11.29,1,0,0.1111,0.0
2026-03-20,Pune,Intake,11,11,46,19.648,1.7862,1,1,0.0909,0.0909
2026-03-20,Pune,Support,8,8,36,32.09,4.0113,1,1,0.125,0.125
2026-03-20,Pune,Verification,6,6,21,33.792,5.632,1,1,0.1667,0.1667
2026-03-21,Bengaluru,Fulfillment,4,4,14,57.07,14.2675,0,1,0.0,0.25
2026-03-21,Bengaluru,Intake,5,5,25,14.313,2.8626,1,1,0.2,0.2
2026-03-21,Bengaluru,Support,2,2,6,6.143,3.0715,0,0,0.0,0.0
2026-03-21,Bengaluru,Verification,6,5,26,26.195,5.239,0,1,0.0,0.2
2026-03-21,Delhi,Fulfillment,5,4,18,69.428,17.357,0,1,0.0,0.25
2026-03-21,Delhi,Intake,5,5,22,7.321,1.4642,0,0,0.0,0.0
2026-03-21,Delhi,Support,2,2,9,6.767,3.3835,0,0,0.0,0.0
2026-03-21,Delhi,Verification,8,8,32,60.955,7.6194,0,3,0.0,0.375
2026-03-21,Mumbai,Fulfillment,18,18,70,226.294,12.5719,1,0,0.0556,0.0
2026-03-21,Mumbai,Intake,8,8,35,13.213,1.6516,0,0,0.0,0.0
2026-03-21,Mumbai,Support,3,3,10,9.893,3.2977,0,0,0.0,0.0
2026-03-21,Mumbai,Verification,13,12,48,79.342,6.6118,0,4,0.0,0.3333
2026-03-21,Pune,Fulfillment,4,4,15,40.018,10.0045,0,0,0.0,0.0
2026-03-21,Pune,Intake,9,9,29,16.793,1.8659,0,0,0.0,0.0
2026-03-21,Pune,Support,2,2,15,6.666,3.333,0,0,0.0,0.0
2026-03-21,Pune,Verification,6,5,21,24.081,4.8162,0,0,0.0,0.0
2026-03-22,Bengaluru,Fulfillment,4,4,19,44.454,11.1135,0,0,0.0,0.0
2026-03-22,Bengaluru,Intake,9,9,45,14.14,1.5711,1,0,0.1111,0.0
2026-03-22,Bengaluru,Verification,3,3,13,14.483,4.8277,0,0,0.0,0.0
2026-03-22,Delhi,Fulfillment,7,7,27,79.894,11.4134,0,0,0.0,0.0
2026-03-22,Delhi,Intake,9,8,26,16.231,2.0289,0,1,0.0,0.125
2026-03-22,Delhi,Support,1,1,4,2.541,2.541,0,0,0.0,0.0
2026-03-22,Delhi,Verification,4,4,17,30.333,7.5832,0,1,0.0,0.25
2026-03-22,Mumbai,Fulfillment,5,5,24,60.628,12.1256,0,0,0.0,0.0
2026-03-22,Mumbai,Intake,5,4,16,6.67,1.6675,0,0,0.0,0.0
2026-03-22,Mumbai,Support,4,4,15,9.807,2.4518,0,0,0.0,0.0
2026-03-22,Mumbai,Verification,10,9,48,42.804,4.756,0,1,0.0,0.1111
2026-03-22,Pune,Fulfillment,3,3,11,46.619,15.5397,0,0,0.0,0.0
2026-03-22,Pune,Intake,4,4,17,7.265,1.8162,0,0,0.0,0.0
2026-03-22,Pune,Support,3,3,15,9.075,3.025,0,0,0.0,0.0
2026-03-22,Pune,Verification,4,4,15,17.523,4.3808,1,0,0.25,0.0
2026-03-23,Bengaluru,Fulfillment,14,14,52,284.845,20.3461,0,3,0.0,0.2143
2026-03-23,Bengaluru,Intake,14,13,49,33.227,2.5559,0,1,0.0,0.0769
2026-03-23,Bengaluru,Support,7,5,26,24.776,4.9552,1,1,0.2,0.2
2026-03-23,Bengaluru,Verification,15,14,64,67.255,4.8039,1,2,0.0714,0.1429
2026-03-23,Delhi,Fulfillment,12,12,45,255.913,21.3261,0,4,0.0,0.3333
2026-03-23,Delhi,Intake,10,10,36,19.67,1.967,1,0,0.1,0.0
2026-03-23,Delhi,Support,3,3,16,12.392,4.1307,0,1,0.0,0.3333
2026-03-23,Delhi,Verification,16,16,58,137.252,8.5782,0,8,0.0,0.5
2026-03-23,Mumbai,Fulfillment,16,16,59,285.0,17.8125,0,5,0.0,0.3125
2026-03-23,Mumbai,Intake,23,21,79,46.762,2.2268,1,2,0.0476,0.0952
2026-03-23,Mumbai,Support,7,7,32,20.393,2.9133,0,0,0.0,0.0
2026-03-23,Mumbai,Verification,19,18,80,134.94,7.4967,1,6,0.0556,0.3333
2026-03-23,Pune,Fulfillment,12,12,41,191.214,15.9345,1,1,0.0833,0.0833
2026-03-23,Pune,Intake,12,10,40,21.363,2.1363,0,1,0.0,0.1
2026-03-23,Pune,Support,3,3,16,9.85,3.2833,0,1,0.0,0.3333
2026-03-23,Pune,Verification,10,10,44,62.622,6.2622,1,2,0.1,0.2
2026-03-24,Bengaluru,Fulfillment,13,13,51,195.163,15.0125,1,2,0.0769,0.1538
2026-03-24,Bengaluru,Intake,11,11,46,25.963,2.3603,0,0,0.0,0.0
2026-03-24,Bengaluru,Support,5,5,25,17.986,3.5972,2,1,0.4,0.2
2026-03-24,Bengaluru,Verification,14,13,63,64.682,4.9755,0,1,0.0,0.0769
2026-03-24,Delhi,Fulfillment,11,10,40,162.985,16.2985,3,1,0.3,0.1
2026-03-24,Delhi,Intake,15,15,54,36.181,2.4121,1,2,0.0667,0.1333
2026-03-24,Delhi,Support,7,7,38,26.751,3.8216,2,1,0.2857,0.1429
2026-03-24,Delhi,Verification,20,20,83,228.946,11.4473,4,15,0.2,0.75
2026-03-24,Mumbai,Fulfillment,17,16,66,234.617,14.6636,0,1,0.0,0.0625
2026-03-24,Mumbai,Intake,27,25,106,53.333,2.1333,1,1,0.04,0.04
2026-03-24,Mumbai,Support,4,4,14,16.101,4.0252,0,1,0.0,0.25
2026-03-24,Mumbai,Verification,20,19,77,116.517,6.1325,0,5,0.0,0.2632
2026-03-24,Pune,Fulfillment,13,12,57,250.278,20.8565,0,4,0.0,0.3333
2026-03-24,Pune,Intake,13,13,49,31.328,2.4098,0,0,0.0,0.0
2026-03-24,Pune,Support,7,7,36,21.919,3.1313,1,0,0.1429,0.0
2026-03-24,Pune,Verification,5,5,24,30.015,6.003,0,1,0.0,0.2
2026-03-25,Bengaluru,Fulfillment,15,15,45,268.928,17.9285,0,2,0.0,0.1333
2026-03-25,Bengaluru,Intake,6,6,24,14.117,2.3528,0,1,0.0,0.1667
2026-03-25,Bengaluru,Support,3,3,13,13.448,4.4827,0,1,0.0,0.3333
2026-03-25,Bengaluru,Verification,10,10,35,64.055,6.4055,1,4,0.1,0.4
2026-03-25,Delhi,Fulfillment,9,9,37,141.139,15.6821,3,1,0.3333,0.1111
2026-03-25,Delhi,Intake,11,11,39,20.762,1.8875,0,0,0.0,0.0
2026-03-25,Delhi,Support,4,3,12,9.034,3.0113,0,0,0.0,0.0
2026-03-25,Delhi,Verification,17,17,62,117.526,6.9133,3,4,0.1765,0.2353
2026-03-25,Mumbai,Fulfillment,10,9,42,124.888,13.8764,1,0,0.1111,0.0
2026-03-25,Mumbai,Intake,15,15,70,28.529,1.9019,0,0,0.0,0.0
2026-03-25,Mumbai,Support,4,4,16,22.524,5.631,1,2,0.25,0.5
2026-03-25,Mumbai,Verification,20,20,74,114.682,5.7341,0,4,0.0,0.2
2026-03-25,Pune,Fulfillment,9,9,35,115.172,12.7969,0,0,0.0,0.0
2026-03-25,Pune,Intake,15,15,51,26.674,1.7783,1,0,0.0667,0.0
2026-03-25,Pune,Support,6,6,30,20.958,3.493,0,1,0.0,0.1667
2026-03-25,Pune,Verification,8,7,31,40.399,5.7713,1,1,0.1429,0.1429
2026-03-26,Bengaluru,Fulfillment,9,9,37,170.212,18.9124,1,1,0.1111,0.1111
2026-03-26,Bengaluru,Intake,15,13,54,26.089,2.0068,0,0,0.0,0.0
2026-03-26,Bengaluru,Support,2,2,6,11.562,5.781,0,1,0.0,0.5
2026-03-26,Bengaluru,Verification,10,10,49,50.993,5.0993,0,1,0.0,0.1
2026-03-26,Delhi,Fulfillment,11,10,31,178.649,17.8649,0,2,0.0,0.2
2026-03-26,Delhi,Intake,10,10,40,25.418,2.5418,0,1,0.0,0.1
2026-03-26,Delhi,Support,7,7,26,33.258,4.7511,1,2,0.1429,0.2857
2026-03-26,Delhi,Verification,13,13,58,127.249,9.7884,0,9,0.0,0.6923
2026-03-26,Mumbai,Fulfillment,16,16,70,241.522,15.0951,1,2,0.0625,0.125
2026-03-26,Mumbai,Intake,18,18,68,40.891,2.2717,0,2,0.0,0.1111
2026-03-26,Mumbai,Support,7,7,33,38.032,5.4331,1,2,0.1429,0.2857
2026-03-26,Mumbai,Verification,26,26,110,143.475,5.5183,3,4,0.1154,0.1538
2026-03-26,Pune,Fulfillment,9,9,34,152.429,16.9366,0,1,0.0,0.1111
2026-03-26,Pune,Intake,15,15,71,30.048,2.0032,0,1,0.0,0.0667
2026-03-26,Pune,Support,2,2,11,7.388,3.694,2,0,1.0,0.0
2026-03-26,Pune,Verification,21,20,81,97.539,4.877,0,2,0.0,0.1
2026-03-27,Bengaluru,Fulfillment,6,6,26,84.918,14.153,1,0,0.1667,0.0
2026-03-27,Bengaluru,Intake,11,11,43,20.068,1.8244,0,0,0.0,0.0
2026-03-27,Bengaluru,Support,4,3,12,6.794,2.2647,1,0,0.3333,0.0
2026-03-27,Bengaluru,Verification,13,13,49,60.987,4.6913,1,1,0.0769,0.0769
2026-03-27,Delhi,Fulfillment,8,8,38,136.395,17.0494,1,1,0.125,0.125
2026-03-27,Delhi,Intake,9,9,40,17.471,1.9412,0,0,0.0,0.0
2026-03-27,Delhi,Support,4,4,19,14.467,3.6168,0,0,0.0,0.0
2026-03-27,Delhi,Verification,10,7,29,64.416,9.2023,0,3,0.0,0.4286
2026-03-27,Mumbai,Fulfillment,16,16,63,266.599,16.6624,0,2,0.0,0.125
2026-03-27,Mumbai,Intake,12,11,49,22.963,2.0875,1,0,0.0909,0.0
2026-03-27,Mumbai,Support,6,6,27,24.969,4.1615,0,0,0.0,0.0
2026-03-27,Mumbai,Verification,14,12,40,52.458,4.3715,1,0,0.0833,0.0
2026-03-27,Pune,Fulfillment,6,6,19,79.24,13.2067,1,0,0.1667,0.0
2026-03-27,Pune,Intake,8,8,34,14.9,1.8625,1,0,0.125,0.0
2026-03-27,Pune,Support,3,3,14,8.407,2.8023,0,0,0.0,0.0
2026-03-27,Pune,Verification,13,13,59,58.294,4.4842,1,1,0.0769,0.0769
2026-03-28,Bengaluru,Fulfillment,7,7,21,86.236,12.3194,0,0,0.0,0.0
2026-03-28,Bengaluru,Intake,8,7,34,13.594,1.942,0,0,0.0,0.0
2026-03-28,Bengaluru,Support,4,4,19,20.675,5.1688,0,2,0.0,0.5
2026-03-28,Bengaluru,Verification,6,6,25,37.128,6.188,0,2,0.0,0.3333
2026-03-28,Delhi,Fulfillment,5,5,20,53.314,10.6628,0,0,0.0,0.0
2026-03-28,Delhi,Intake,9,9,43,16.485,1.8317,0,0,0.0,0.0
2026-03-28,Delhi,Verification,6,6,23,52.03,8.6717,0,2,0.0,0.3333
2026-03-28,Mumbai,Fulfillment,6,6,23,101.649,16.9415,0,2,0.0,0.3333
2026-03-28,Mumbai,Intake,8,8,31,17.854,2.2318,0,1,0.0,0.125
2026-03-28,Mumbai,Support,2,2,9,4.619,2.3095,0,0,0.0,0.0
2026-03-28,Mumbai,Verification,20,20,85,96.222,4.8111,0,1,0.0,0.05
2026-03-28,Pune,Fulfillment,4,4,18,65.183,16.2958,0,1,0.0,0.25
2026-03-28,Pune,Intake,7,7,30,13.055,1.865,0,0,0.0,0.0
2026-03-28,Pune,Support,1,1,6,1.583,1.583,0,0,0.0,0.0
2026-03-28,Pune,Verification,2,2,9,8.472,4.236,0,0,0.0,0.0
2026-03-29,Bengaluru,Fulfillment,3,2,9,32.848,16.424,0,0,0.0,0.0
2026-03-29,Bengaluru,Intake,5,5,22,9.496,1.8992,0,0,0.0,0.0
2026-03-29,Bengaluru,Support,5,5,25,15.229,3.0458,0,0,0.0,0.0
2026-03-29,Bengaluru,Verification,3,2,6,15.267,7.6335,0,1,0.0,0.5
2026-03-29,Delhi,Fulfillment,5,5,15,60.108,12.0216,0,0,0.0,0.0
2026-03-29,Delhi,Intake,9,9,43,17.818,1.9798,0,1,0.0,0.1111
2026-03-29,Delhi,Support,3,3,10,10.541,3.5137,0,0,0.0,0.0
2026-03-29,Delhi,Verification,7,7,30,55.145,7.8779,0,3,0.0,0.4286
2026-03-29,Mumbai,Fulfillment,7,7,24,99.956,14.2794,0,1,0.0,0.1429
2026-03-29,Mumbai,Intake,12,12,39,24.028,2.0023,1,1,0.0833,0.0833
2026-03-29,Mumbai,Support,2,2,6,11.179,5.5895,0,1,0.0,0.5
2026-03-29,Mumbai,Verification,11,11,44,61.991,5.6355,0,3,0.0,0.2727
2026-03-29,Pune,Fulfillment,5,5,19,62.994,12.5988,0,1,0.0,0.2
2026-03-29,Pune,Intake,7,5,19,8.836,1.7672,0,0,0.0,0.0
2026-03-29,Pune,Support,2,2,9,5.87,2.935,0,0,0.0,0.0
2026-03-29,Pune,Verification,6,6,16,24.355,4.0592,0,0,0.0,0.0
2026-03-30,Bengaluru,Fulfillment,14,13,50,210.78,16.2138,0,0,0.0,0.0
2026-03-30,Bengaluru,Intake,17,17,60,44.818,2.6364,1,5,0.0588,0.2941
2026-03-30,Bengaluru,Support,4,4,14,15.889,3.9722,0,0,0.0,0.0
2026-03-30,Bengaluru,Verification,9,9,35,65.943,7.327,1,1,0.1111,0.1111
2026-03-30,Delhi,Fulfillment,15,15,64,334.141,22.2761,0,4,0.0,0.2667
2026-03-30,Delhi,Intake,14,14,61,36.859,2.6328,0,2,0.0,0.1429
2026-03-30,Delhi,Support,2,2,6,7.316,3.658,1,0,0.5,0.0
2026-03-30,Delhi,Verification,12,11,49,119.243,10.8403,0,6,0.0,0.5455
2026-03-30,Mumbai,Fulfillment,24,24,101,434.26,18.0942,3,8,0.125,0.3333
2026-03-30,Mumbai,Intake,20,19,66,52.846,2.7814,0,3,0.0,0.1579
2026-03-30,Mumbai,Support,7,7,22,34.866,4.9809,0,1,0.0,0.1429
2026-03-30,Mumbai,Verification,17,16,62,104.197,6.5123,1,2,0.0625,0.125
2026-03-30,Pune,Fulfillment,15,14,60,209.495,14.9639,2,1,0.1429,0.0714
2026-03-30,Pune,Intake,22,22,102,52.64,2.3927,3,2,0.1364,0.0909
2026-03-30,Pune,Support,1,1,3,4.859,4.859,0,0,0.0,0.0
2026-03-30,Pune,Verification,8,8,22,47.24,5.905,0,2,0.0,0.25
2026-03-31,Bengaluru,Fulfillment,8,8,31,183.251,22.9064,0,3,0.0,0.375
2026-03-31,Bengaluru,Intake,14,13,51,30.338,2.3337,0,0,0.0,0.0
2026-03-31,Bengaluru,Support,4,4,14,18.779,4.6948,0,0,0.0,0.0
2026-03-31,Bengaluru,Verification,8,8,28,42.91,5.3637,1,0,0.125,0.0
2026-03-31,Delhi,Fulfillment,19,18,79,292.91,16.2728,1,3,0.0556,0.1667
2026-03-31,Delhi,Intake,20,20,75,48.171,2.4086,2,1,0.1,0.05
2026-03-31,Delhi,Support,4,4,14,16.04,4.01,0,0,0.0,0.0
2026-03-31,Delhi,Verification,12,12,43,109.161,9.0968,0,8,0.0,0.6667
2026-03-31,Mumbai,Fulfillment,22,22,80,385.353,17.516,0,4,0.0,0.1818
2026-03-31,Mumbai,Intake,23,22,92,52.071,2.3669,1,2,0.0455,0.0909
2026-03-31,Mumbai,Support,10,9,48,32.446,3.6051,0,2,0.0,0.2222
2026-03-31,Mumbai,Verification,13,13,54,64.795,4.9842,3,1,0.2308,0.0769
2026-03-31,Pune,Fulfillment,12,12,54,179.174,14.9312,0,2,0.0,0.1667
2026-03-31,Pune,Intake,11,11,56,25.627,2.3297,0,0,0.0,0.0
2026-03-31,Pune,Support,4,3,14,10.152,3.384,1,0,0.3333,0.0
2026-03-31,Pune,Verification,12,12,40,68.165,5.6804,0,3,0.0,0.25
2026-04-01,Bengaluru,Fulfillment,13,13,59,222.894,17.1457,0,3,0.0,0.2308
2026-04-01,Bengaluru,Intake,10,10,35,22.046,2.2046,1,1,0.1,0.1
2026-04-01,Bengaluru,Support,2,2,5,10.981,5.4905,0,0,0.0,0.0
2026-04-01,Bengaluru,Verification,9,9,42,46.452,5.1613,0,0,0.0,0.0
2026-04-01,Delhi,Fulfillment,22,21,86,364.417,17.3532,3,3,0.1429,0.1429
2026-04-01,Delhi,Intake,18,18,62,39.534,2.1963,1,1,0.0556,0.0556
2026-04-01,Delhi,Support,2,2,4,7.491,3.7455,1,0,0.5,0.0
2026-04-01,Delhi,Verification,14,12,53,103.388,8.6157,1,5,0.0833,0.4167
2026-04-01,Mumbai,Fulfillment,16,16,75,302.371,18.8982,0,4,0.0,0.25
2026-04-01,Mumbai,Intake,18,16,55,29.84,1.865,0,0,0.0,0.0
2026-04-01,Mumbai,Support,6,6,26,21.777,3.6295,0,1,0.0,0.1667
2026-04-01,Mumbai,Verification,8,8,44,43.611,5.4514,1,1,0.125,0.125
2026-04-01,Pune,Fulfillment,9,9,39,131.7,14.6333,2,2,0.2222,0.2222
2026-04-01,Pune,Intake,7,7,27,13.946,1.9923,0,0,0.0,0.0
2026-04-01,Pune,Support,3,3,6,14.422,4.8073,0,1,0.0,0.3333
2026-04-01,Pune,Verification,5,5,20,19.593,3.9186,0,0,0.0,0.0
2026-04-02,Bengaluru,Fulfillment,7,7,26,121.999,17.4284,1,2,0.1429,0.2857
2026-04-02,Bengaluru,Intake,7,7,33,12.618,1.8026,0,0,0.0,0.0
2026-04-02,Bengaluru,Support,2,2,6,9.349,4.6745,1,0,0.5,0.0
2026-04-02,Bengaluru,Verification,11,9,33,57.262,6.3624,0,1,0.0,0.1111
2026-04-02,Delhi,Fulfillment,10,10,36,158.651,15.8651,0,1,0.0,0.1
2026-04-02,Delhi,Intake,12,12,38,26.351,2.1959,0,1,0.0,0.0833
2026-04-02,Delhi,Support,4,4,20,12.781,3.1952,0,1,0.0,0.25
2026-04-02,Delhi,Verification,14,14,54,134.967,9.6405,0,10,0.0,0.7143
2026-04-02,Mumbai,Fulfillment,25,24,102,401.471,16.728,1,2,0.0417,0.0833
2026-04-02,Mumbai,Intake,14,13,50,29.561,2.2739,3,0,0.2308,0.0
2026-04-02,Mumbai,Support,3,3,13,11.026,3.6753,0,1,0.0,0.3333
2026-04-02,Mumbai,Verification,16,16,68,83.5,5.2188,1,1,0.0625,0.0625
2026-04-02,Pune,Fulfillment,11,10,40,127.43,12.743,0,0,0.0,0.0
2026-04-02,Pune,Intake,8,7,29,16.545,2.3636,0,0,0.0,0.0
2026-04-02,Pune,Support,4,4,13,10.635,2.6588,1,0,0.25,0.0
2026-04-02,Pune,Verification,19,15,64,65.878,4.3919,0,0,0.0,0.0
2026-04-03,Bengaluru,Fulfillment,8,7,24,91.929,13.1327,0,1,0.0,0.1429
2026-04-03,Bengaluru,Intake,10,10,46,19.462,1.9462,0,0,0.0,0.0
2026-04-03,Bengaluru,Support,4,4,14,21.135,5.2837,0,2,0.0,0.5
2026-04-03,Bengaluru,Verification,10,9,40,37.028,4.1142,2,0,0.2222,0.0
2026-04-03,Delhi,Fulfillment,9,8,34,131.381,16.4226,0,2,0.0,0.25
2026-04-03,Delhi,Intake,10,9,32,19.495,2.1661,0,0,0.0,0.0
2026-04-03,Delhi,Support,2,2,9,6.816,3.408,0,0,0.0,0.0
2026-04-03,Delhi,Verification,14,14,52,135.662,9.6901,1,8,0.0714,0.5714
2026-04-03,Mumbai,Fulfillment,17,17,56,230.511,13.5595,1,1,0.0588,0.0588
2026-04-03,Mumbai,Intake,11,11,50,25.126,2.2842,0,0,0.0,0.0
2026-04-03,Mumbai,Support,3,3,12,13.31,4.4367,0,0,0.0,0.0
2026-04-03,Mumbai,Verification,14,14,50,72.328,5.1663,0,1,0.0,0.0714
2026-04-03,Pune,Fulfillment,8,8,36,99.116,12.3895,0,1,0.0,0.125
2026-04-03,Pune,Intake,9,9,35,16.267,1.8074,0,0,0.0,0.0
2026-04-03,Pune,Support,4,4,13,16.568,4.142,0,1,0.0,0.25
2026-04-03,Pune,Verification,12,11,50,58.029,5.2754,0,0,0.0,0.0
2026-04-04,Bengaluru,Fulfillment,8,8,28,122.996,15.3745,0,1,0.0,0.125
2026-04-04,Bengaluru,Intake,9,9,28,18.159,2.0177,0,2,0.0,0.2222
2026-04-04,Bengaluru,Support,2,1,3,2.7,2.7,0,0,0.0,0.0
2026-04-04,Bengaluru,Verification,9,8,26,30.793,3.8491,0,1,0.0,0.125
2026-04-04,Delhi,Fulfillment,5,4,21,66.564,16.641,0,1,0.0,0.25
2026-04-04,Delhi,Intake,8,7,26,14.539,2.077,1,0,0.1429,0.0
2026-04-04,Delhi,Support,2,2,5,7.462,3.731,0,0,0.0,0.0
2026-04-04,Delhi,Verification,9,8,35,60.944,7.618,1,2,0.125,0.25
2026-04-04,Mumbai,Fulfillment,15,15,58,204.184,13.6123,2,2,0.1333,0.1333
2026-04-04,Mumbai,Intake,14,14,45,26.714,1.9081,0,1,0.0,0.0714
2026-04-04,Mumbai,Support,4,4,16,8.445,2.1112,0,0,0.0,0.0
2026-04-04,Mumbai,Verification,16,16,57,82.985,5.1866,2,2,0.125,0.125
2026-04-04,Pune,Fulfillment,2,2,8,27.295,13.6475,0,0,0.0,0.0
2026-04-04,Pune,Intake,5,5,24,8.441,1.6882,0,0,0.0,0.0
2026-04-04,Pune,Support,1,1,5,2.464,2.464,0,0,0.0,0.0
2026-04-04,Pune,Verification,7,7,28,37.805,5.4007,0,0,0.0,0.0
2026-04-05,Bengaluru,Fulfillment,3,3,14,29.098,9.6993,1,0,0.3333,0.0
2026-04-05,Bengaluru,Intake,5,5,20,7.519,1.5038,1,0,0.2,0.0
2026-04-05,Bengaluru,Support,2,2,9,6.02,3.01,0,0,0.0,0.0
2026-04-05,Bengaluru,Verification,2,2,13,11.218,5.609,0,0,0.0,0.0
2026-04-05,Delhi,Fulfillment,6,6,26,58.916,9.8193,0,0,0.0,0.0
2026-04-05,Delhi,Intake,8,8,26,21.646,2.7058,0,0,0.0,0.0
2026-04-05,Delhi,Support,7,7,40,26.976,3.8537,0,0,0.0,0.0
2026-04-05,Delhi,Verification,6,6,34,49.796,8.2993,1,4,0.1667,0.6667
2026-04-05,Mumbai,Fulfillment,12,12,38,178.943,14.9119,0,2,0.0,0.1667
2026-04-05,Mumbai,Intake,7,7,26,10.068,1.4383,0,0,0.0,0.0
2026-04-05,Mumbai,Support,5,5,17,29.053,5.8106,0,3,0.0,0.6
2026-04-05,Mumbai,Verification,7,7,27,33.771,4.8244,0,1,0.0,0.1429
2026-04-05,Pune,Fulfillment,9,9,36,74.878,8.3198,0,0,0.0,0.0
2026-04-05,Pune,Intake,3,3,9,5.843,1.9477,0,0,0.0,0.0
2026-04-05,Pune,Verification,7,7,24,28.479,4.0684,0,0,0.0,0.0
2026-04-06,Bengaluru,Fulfillment,5,5,24,75.481,15.0962,0,0,0.0,0.0
2026-04-06,Bengaluru,Intake,14,14,54,32.852,2.3466,0,3,0.0,0.2143
2026-04-06,Bengaluru,Support,6,6,33,26.07,4.345,0,2,0.0,0.3333
2026-04-06,Bengaluru,Verification,20,20,81,167.186,8.3593,1,10,0.05,0.5
2026-04-06,Delhi,Fulfillment,22,22,84,349.822,15.901,1,0,0.0455,0.0
2026-04-06,Delhi,Intake,9,9,37,20.79,2.31,1,0,0.1111,0.0
2026-04-06,Delhi,Support,3,2,6,9.533,4.7665,0,0,0.0,0.0
2026-04-06,Delhi,Verification,18,16,69,169.017,10.5636,3,11,0.1875,0.6875
2026-04-06,Mumbai,Fulfillment,16,16,61,313.75,19.6094,1,4,0.0625,0.25
2026-04-06,Mumbai,Intake,17,17,66,47.621,2.8012,0,2,0.0,0.1176
2026-04-06,Mumbai,Support,11,10,33,35.799,3.5799,0,1,0.0,0.1
2026-04-06,Mumbai,Verification,21,21,84,148.891,7.09,0,7,0.0,0.3333
2026-04-06,Pune,Fulfillment,10,10,43,146.08,14.608,1,1,0.1,0.1
2026-04-06,Pune,Intake,14,14,68,31.499,2.2499,2,1,0.1429,0.0714
2026-04-06,Pune,Support,4,3,11,10.484,3.4947,0,0,0.0,0.0
2026-04-06,Pune,Verification,13,13,59,67.648,5.2037,0,1,0.0,0.0769
2026-04-07,Bengaluru,Fulfillment,14,13,62,197.933,15.2256,2,2,0.1538,0.1538
2026-04-07,Bengaluru,Intake,16,15,51,30.185,2.0123,1,0,0.0667,0.0
2026-04-07,Bengaluru,Support,5,4,11,12.517,3.1292,0,0,0.0,0.0
2026-04-07,Bengaluru,Verification,13,13,56,73.495,5.6535,0,0,0.0,0.0
2026-04-07,Delhi,Fulfillment,18,18,77,298.614,16.5897,1,2,0.0556,0.1111
2026-04-07,Delhi,Intake,8,8,40,15.117,1.8896,0,1,0.0,0.125
2026-04-07,Delhi,Support,4,4,16,15.216,3.804,0,1,0.0,0.25
2026-04-07,Delhi,Verification,12,12,53,146.941,12.2451,1,9,0.0833,0.75
2026-04-07,Mumbai,Fulfillment,11,11,43,193.896,17.6269,2,1,0.1818,0.0909
2026-04-07,Mumbai,Intake,15,13,40,29.641,2.2801,0,2,0.0,0.1538
2026-04-07,Mumbai,Support,6,6,20,22.554,3.759,0,1,0.0,0.1667
2026-04-07,Mumbai,Verification,15,14,60,88.683,6.3345,0,5,0.0,0.3571
2026-04-07,Pune,Fulfillment,6,6,25,100.583,16.7638,0,1,0.0,0.1667
2026-04-07,Pune,Intake,10,10,43,22.208,2.2208,1,1,0.1,0.1
2026-04-07,Pune,Support,4,4,15,17.05,4.2625,0,1,0.0,0.25
2026-04-07,Pune,Verification,10,10,43,44.365,4.4365,0,0,0.0,0.0
2026-04-08,Bengaluru,Fulfillment,7,7,33,139.372,19.9103,1,2,0.1429,0.2857
2026-04-08,Bengaluru,Intake,13,13,63,31.139,2.3953,0,2,0.0,0.1538
2026-04-08,Bengaluru,Support,2,2,14,5.684,2.842,0,0,0.0,0.0
2026-04-08,Bengaluru,Verification,10,10,41,59.332,5.9332,0,1,0.0,0.1
2026-04-08,Delhi,Fulfillment,11,11,41,159.734,14.5213,0,1,0.0,0.0909
2026-04-08,Delhi,Intake,16,16,63,29.074,1.8171,0,1,0.0,0.0625
2026-04-08,Delhi,Support,5,5,17,17.072,3.4144,0,0,0.0,0.0
2026-04-08,Delhi,Verification,7,6,20,59.174,9.8623,1,3,0.1667,0.5
2026-04-08,Mumbai,Fulfillment,12,12,51,186.514,15.5428,0,2,0.0,0.1667
2026-04-08,Mumbai,Intake,28,28,115,55.425,1.9795,1,1,0.0357,0.0357
2026-04-08,Mumbai,Support,4,4,15,12.908,3.227,0,1,0.0,0.25
2026-04-08,Mumbai,Verification,15,14,55,55.404,3.9574,0,0,0.0,0.0
2026-04-08,Pune,Fulfillment,7,6,26,60.657,10.1095,0,0,0.0,0.0
2026-04-08,Pune,Intake,7,7,24,14.094,2.0134,0,1,0.0,0.1429
2026-04-08,Pune,Support,4,4,14,10.797,2.6992,0,0,0.0,0.0
2026-04-08,Pune,Verification,6,6,20,28.714,4.7857,0,0,0.0,0.0
2026-04-09,Bengaluru,Fulfillment,17,17,63,261.8,15.4,1,4,0.0588,0.2353
2026-04-09,Bengaluru,Intake,7,7,28,15.016,2.1451,1,0,0.1429,0.0
2026-04-09,Bengaluru,Support,4,4,22,14.868,3.717,1,0,0.25,0.0
2026-04-09,Bengaluru,Verification,7,7,26,40.996,5.8566,0,0,0.0,0.0
2026-04-09,Delhi,Fulfillment,9,8,21,102.142,12.7678,0,0,0.0,0.0
2026-04-09,Delhi,Intake,18,18,83,39.514,2.1952,2,1,0.1111,0.0556
2026-04-09,Delhi,Support,3,3,12,8.345,2.7817,0,0,0.0,0.0
2026-04-09,Delhi,Verification,8,8,35,70.811,8.8514,0,4,0.0,0.5
2026-04-09,Mumbai,Fulfillment,20,20,88,371.312,18.5656,0,5,0.0,0.25
2026-04-09,Mumbai,Intake,15,15,67,38.323,2.5549,0,1,0.0,0.0667
2026-04-09,Mumbai,Support,5,5,16,31.665,6.333,0,2,0.0,0.4
2026-04-09,Mumbai,Verification,19,18,77,101.208,5.6227,0,3,0.0,0.1667
2026-04-09,Pune,Fulfillment,14,13,53,169.485,13.0373,0,1,0.0,0.0769
2026-04-09,Pune,Intake,7,7,28,13.65,1.95,0,0,0.0,0.0
2026-04-09,Pune,Support,4,4,19,12.839,3.2098,0,1,0.0,0.25
2026-04-09,Pune,Verification,12,11,41,47.976,4.3615,0,0,0.0,0.0
2026-04-10,Bengaluru,Fulfillment,8,6,12,81.915,13.6525,1,0,0.1667,0.0
2026-04-10,Bengaluru,Intake,8,7,35,19.342,2.7631,0,1,0.0,0.1429
2026-04-10,Bengaluru,Support,2,2,6,6.66,3.33,0,0,0.0,0.0
2026-04-10,Bengaluru,Verification,11,9,33,48.565,5.3961,1,2,0.1111,0.2222
2026-04-10,Delhi,Fulfillment,6,6,20,68.132,11.3553,0,0,0.0,0.0
2026-04-10,Delhi,Intake,16,16,68,35.587,2.2242,1,0,0.0625,0.0
2026-04-10,Delhi,Support,2,2,8,7.754,3.877,0,0,0.0,0.0
2026-04-10,Delhi,Verification,12,12,56,105.947,8.8289,1,8,0.0833,0.6667
2026-04-10,Mumbai,Fulfillment,14,13,51,149.91,11.5315,1,1,0.0769,0.0769
2026-04-10,Mumbai,Intake,17,17,87,31.171,1.8336,1,0,0.0588,0.0
2026-04-10,Mumbai,Support,4,4,18,18.669,4.6672,0,1,0.0,0.25
2026-04-10,Mumbai,Verification,19,19,74,111.275,5.8566,0,3,0.0,0.1579
2026-04-10,Pune,Fulfillment,8,7,29,70.487,10.0696,0,0,0.0,0.0
2026-04-10,Pune,Intake,7,7,26,14.881,2.1259,0,0,0.0,0.0
2026-04-10,Pune,Support,2,2,3,3.887,1.9435,1,0,0.5,0.0
2026-04-10,Pune,Verification,8,8,33,28.271,3.5339,0,0,0.0,0.0
2026-04-11,Bengaluru,Fulfillment,5,4,11,52.408,13.102,0,0,0.0,0.0
2026-04-11,Bengaluru,Intake,7,6,22,9.742,1.6237,0,0,0.0,0.0
2026-04-11,Bengaluru,Support,6,6,29,27.161,4.5268,0,1,0.0,0.1667
2026-04-11,Bengaluru,Verification,2,2,8,4.981,2.4905,0,0,0.0,0.0
2026-04-11,Delhi,Fulfillment,11,10,37,134.253,13.4253,0,1,0.0,0.1
2026-04-11,Delhi,Intake,7,6,15,9.375,1.5625,0,0,0.0,0.0
2026-04-11,Delhi,Support,3,3,7,9.217,3.0723,0,0,0.0,0.0
2026-04-11,Delhi,Verification,10,9,39,60.711,6.7457,1,2,0.1111,0.2222
2026-04-11,Mumbai,Fulfillment,9,9,33,111.975,12.4417,0,1,0.0,0.1111
2026-04-11,Mumbai,Intake,11,9,33,21.995,2.4439,1,1,0.1111,0.1111
2026-04-11,Mumbai,Support,1,1,7,3.803,3.803,0,0,0.0,0.0
2026-04-11,Mumbai,Verification,15,15,65,75.666,5.0444,0,2,0.0,0.1333
2026-04-11,Pune,Fulfillment,5,4,13,48.698,12.1745,0,0,0.0,0.0
2026-04-11,Pune,Intake,8,7,27,20.003,2.8576,1,2,0.1429,0.2857
2026-04-11,Pune,Support,1,1,5,2.161,2.161,0,0,0.0,0.0
2026-04-11,Pune,Verification,10,9,39,38.867,4.3186,0,0,0.0,0.0
2026-04-12,Bengaluru,Fulfillment,5,5,12,75.275,15.055,1,0,0.2,0.0
2026-04-12,Bengaluru,Intake,2,2,11,3.243,1.6215,0,0,0.0,0.0
2026-04-12,Bengaluru,Verification,6,5,28,25.344,5.0688,0,0,0.0,0.0
2026-04-12,Delhi,Fulfillment,2,2,11,51.093,25.5465,0,1,0.0,0.5
2026-04-12,Delhi,Intake,4,3,16,6.402,2.134,0,0,0.0,0.0
2026-04-12,Delhi,Support,1,0,0,0.0,,0,0,,
2026-04-12,Delhi,Verification,8,8,35,89.294,11.1618,0,4,0.0,0.5
2026-04-12,Mumbai,Fulfillment,5,5,23,66.239,13.2478,0,0,0.0,0.0
2026-04-12,Mumbai,Intake,8,8,23,18.263,2.2829,1,0,0.125,0.0
2026-04-12,Mumbai,Verification,8,7,29,30.112,4.3017,0,0,0.0,0.0
2026-04-12,Pune,Fulfillment,2,2,12,66.326,33.163,0,1,0.0,0.5
2026-04-12,Pune,Intake,5,5,25,10.22,2.044,2,0,0.4,0.0
2026-04-12,Pune,Support,4,4,21,16.252,4.063,0,0,0.0,0.0
2026-04-12,Pune,Verification,9,9,34,30.541,3.3934,0,0,0.0,0.0
2026-04-13,Bengaluru,Fulfillment,12,12,39,179.418,14.9515,0,0,0.0,0.0
2026-04-13,Bengaluru,Intake,11,10,50,27.998,2.7998,0,2,0.0,0.2
2026-04-13,Bengaluru,Support,2,2,6,13.915,6.9575,1,1,0.5,0.5
2026-04-13,Bengaluru,Verification,5,5,24,49.557,9.9114,0,4,0.0,0.8
2026-04-13,Delhi,Fulfillment,17,16,63,213.351,13.3344,0,0,0.0,0.0
2026-04-13,Delhi,Intake,6,5,16,11.137,2.2274,0,1,0.0,0.2
2026-04-13,Delhi,Support,4,4,10,20.058,5.0145,1,1,0.25,0.25
2026-04-13,Delhi,Verification,24,22,81,206.238,9.3745,1,13,0.0455,0.5909
2026-04-13,Mumbai,Fulfillment,18,18,75,272.623,15.1457,1,2,0.0556,0.1111
2026-04-13,Mumbai,Intake,28,24,93,64.621,2.6925,2,3,0.0833,0.125
2026-04-13,Mumbai,Support,2,2,7,8.78,4.39,0,0,0.0,0.0
2026-04-13,Mumbai,Verification,19,18,66,108.058,6.0032,1,3,0.0556,0.1667
2026-04-13,Pune,Fulfillment,14,14,70,218.276,15.5911,0,1,0.0,0.0714
2026-04-13,Pune,Intake,10,9,37,20.994,2.3327,0,1,0.0,0.1111
2026-04-13,Pune,Support,7,7,24,25.765,3.6807,0,0,0.0,0.0
2026-04-13,Pune,Verification,8,7,22,35.363,5.0519,0,0,0.0,0.0
2026-04-14,Bengaluru,Fulfillment,13,13,55,180.71,13.9008,0,0,0.0,0.0
2026-04-14,Bengaluru,Intake,14,14,63,34.117,2.4369,0,2,0.0,0.1429
2026-04-14,Bengaluru,Support,3,3,12,12.953,4.3177,0,0,0.0,0.0
2026-04-14,Bengaluru,Verification,9,8,31,34.281,4.2851,0,0,0.0,0.0
2026-04-14,Delhi,Fulfillment,7,7,37,76.69,10.9557,1,0,0.1429,0.0
2026-04-14,Delhi,Intake,13,11,45,21.43,1.9482,0,0,0.0,0.0
2026-04-14,Delhi,Support,3,3,13,10.728,3.576,1,0,0.3333,0.0
2026-04-14,Delhi,Verification,11,11,42,85.926,7.8115,0,6,0.0,0.5455
2026-04-14,Mumbai,Fulfillment,21,19,82,283.688,14.9309,1,4,0.0526,0.2105
2026-04-14,Mumbai,Intake,18,16,64,42.919,2.6824,0,1,0.0,0.0625
2026-04-14,Mumbai,Support,5,5,26,19.634,3.9268,1,1,0.2,0.2
2026-04-14,Mumbai,Verification,11,9,42,41.384,4.5982,0,1,0.0,0.1111
2026-04-14,Pune,Fulfillment,8,8,22,110.198,13.7748,0,0,0.0,0.0
2026-04-14,Pune,Intake,12,12,46,28.965,2.4138,1,2,0.0833,0.1667
2026-04-14,Pune,Support,5,5,19,17.851,3.5702,0,0,0.0,0.0
2026-04-14,Pune,Verification,10,10,36,46.603,4.6603,0,0,0.0,0.0
2026-04-15,Bengaluru,Fulfillment,14,13,47,205.069,15.7745,0,1,0.0,0.0769
2026-04-15,Bengaluru,Intake,6,6,33,11.177,1.8628,0,0,0.0,0.0
2026-04-15,Bengaluru,Support,4,4,12,16.57,4.1425,0,1,0.0,0.25
2026-04-15,Bengaluru,Verification,12,12,49,64.35,5.3625,0,1,0.0,0.0833
2026-04-15,Delhi,Fulfillment,11,11,49,153.236,13.9305,0,0,0.0,0.0
2026-04-15,Delhi,Intake,11,11,40,26.105,2.3732,0,0,0.0,0.0
2026-04-15,Delhi,Support,5,5,22,17.703,3.5406,0,0,0.0,0.0
2026-04-15,Delhi,Verification,8,8,35,64.874,8.1092,1,4,0.125,0.5
2026-04-15,Mumbai,Fulfillment,16,13,62,242.884,18.6834,0,2,0.0,0.1538
2026-04-15,Mumbai,Intake,24,23,89,54.254,2.3589,3,2,0.1304,0.087
2026-04-15,Mumbai,Support,3,3,13,9.006,3.002,0,0,0.0,0.0
2026-04-15,Mumbai,Verification,16,14,53,73.802,5.2716,1,2,0.0714,0.1429
2026-04-15,Pune,Fulfillment,14,14,53,212.67,15.1907,0,2,0.0,0.1429
2026-04-15,Pune,Intake,8,8,21,16.655,2.0819,1,0,0.125,0.0
2026-04-15,Pune,Support,4,4,14,13.697,3.4242,0,0,0.0,0.0
2026-04-15,Pune,Verification,13,13,47,57.638,4.4337,0,0,0.0,0.0
2026-04-16,Bengaluru,Fulfillment,6,5,21,98.643,19.7286,0,1,0.0,0.2
2026-04-16,Bengaluru,Intake,8,8,28,18.471,2.3089,0,1,0.0,0.125
2026-04-16,Bengaluru,Support,2,2,10,5.799,2.8995,0,0,0.0,0.0
2026-04-16,Bengaluru,Verification,13,13,64,71.974,5.5365,0,3,0.0,0.2308
2026-04-16,Delhi,Fulfillment,6,6,30,117.153,19.5255,0,2,0.0,0.3333
2026-04-16,Delhi,Intake,15,15,65,37.471,2.4981,1,3,0.0667,0.2
2026-04-16,Delhi,Support,9,8,37,27.878,3.4848,0,1,0.0,0.125
2026-04-16,Delhi,Verification,9,9,39,81.574,9.0638,0,6,0.0,0.6667
2026-04-16,Mumbai,Fulfillment,18,16,59,253.639,15.8524,1,2,0.0625,0.125
2026-04-16,Mumbai,Intake,13,13,56,38.043,2.9264,0,4,0.0,0.3077
2026-04-16,Mumbai,Support,4,4,16,13.758,3.4395,1,0,0.25,0.0
2026-04-16,Mumbai,Verification,14,13,49,72.206,5.5543,1,1,0.0769,0.0769
2026-04-16,Pune,Fulfillment,12,9,33,112.733,12.5259,0,0,0.0,0.0
2026-04-16,Pune,Intake,8,7,30,11.762,1.6803,1,0,0.1429,0.0
2026-04-16,Pune,Support,1,1,1,3.065,3.065,0,0,0.0,0.0
2026-04-16,Pune,Verification,9,9,36,36.741,4.0823,0,0,0.0,0.0
2026-04-17,Bengaluru,Fulfillment,11,10,43,136.463,13.6463,2,0,0.2,0.0
2026-04-17,Bengaluru,Intake,9,9,37,18.558,2.062,1,0,0.1111,0.0
2026-04-17,Bengaluru,Support,3,3,16,18.379,6.1263,0,1,0.0,0.3333
2026-04-17,Bengaluru,Verification,8,8,33,38.909,4.8636,0,0,0.0,0.0
2026-04-17,Delhi,Fulfillment,11,10,35,143.232,14.3232,2,0,0.2,0.0
2026-04-17,Delhi,Intake,15,14,50,32.237,2.3026,0,0,0.0,0.0
2026-04-17,Delhi,Support,4,4,17,11.98,2.995,0,0,0.0,0.0
2026-04-17,Delhi,Verification,11,11,49,106.398,9.6725,1,9,0.0909,0.8182
2026-04-17,Mumbai,Fulfillment,13,13,56,147.912,11.3778,1,0,0.0769,0.0
2026-04-17,Mumbai,Intake,10,10,39,19.198,1.9198,0,1,0.0,0.1
2026-04-17,Mumbai,Support,6,6,17,19.248,3.208,0,0,0.0,0.0
2026-04-17,Mumbai,Verification,15,15,57,71.562,4.7708,2,0,0.1333,0.0
2026-04-17,Pune,Fulfillment,10,10,38,109.061,10.9061,0,0,0.0,0.0
2026-04-17,Pune,Intake,9,9,41,16.933,1.8814,1,1,0.1111,0.1111
2026-04-17,Pune,Support,4,4,14,8.439,2.1098,2,0,0.5,0.0
2026-04-17,Pune,Verification,7,7,25,33.879,4.8399,0,0,0.0,0.0
2026-04-18,Bengaluru,Fulfillment,10,10,43,159.334,15.9334,0,2,0.0,0.2
2026-04-18,Bengaluru,Intake,9,8,35,16.265,2.0331,0,1,0.0,0.125
2026-04-18,Bengaluru,Verification,5,5,19,27.044,5.4088,0,1,0.0,0.2
2026-04-18,Delhi,Fulfillment,8,8,35,126.283,15.7854,0,1,0.0,0.125
2026-04-18,Delhi,Intake,10,9,37,21.708,2.412,0,1,0.0,0.1111
2026-04-18,Delhi,Support,3,3,16,12.736,4.2453,0,0,0.0,0.0
2026-04-18,Delhi,Verification,6,6,20,54.028,9.0047,1,3,0.1667,0.5
2026-04-18,Mumbai,Fulfillment,10,10,43,123.738,12.3738,0,0,0.0,0.0
2026-04-18,Mumbai,Intake,10,9,36,14.461,1.6068,0,0,0.0,0.0
2026-04-18,Mumbai,Support,4,4,12,10.661,2.6652,0,0,0.0,0.0
2026-04-18,Mumbai,Verification,11,11,34,61.875,5.625,0,1,0.0,0.0909
2026-04-18,Pune,Fulfillment,6,6,16,63.622,10.6037,0,0,0.0,0.0
2026-04-18,Pune,Intake,7,7,33,12.814,1.8306,0,0,0.0,0.0
2026-04-18,Pune,Verification,5,5,19,17.529,3.5058,0,0,0.0,0.0
2026-04-19,Bengaluru,Fulfillment,5,5,19,54.366,10.8732,0,0,0.0,0.0
2026-04-19,Bengaluru,Intake,6,6,21,9.958,1.6597,0,0,0.0,0.0
2026-04-19,Bengaluru,Verification,5,5,15,28.901,5.7802,1,0,0.2,0.0
2026-04-19,Delhi,Fulfillment,8,7,29,96.913,13.8447,1,0,0.1429,0.0
2026-04-19,Delhi,Intake,5,5,20,9.738,1.9476,0,0,0.0,0.0
2026-04-19,Delhi,Support,1,1,5,3.45,3.45,0,0,0.0,0.0
2026-04-19,Delhi,Verification,8,8,32,66.757,8.3446,1,4,0.125,0.5
2026-04-19,Mumbai,Fulfillment,10,10,40,130.578,13.0578,0,0,0.0,0.0
2026-04-19,Mumbai,Intake,7,7,22,14.392,2.056,1,0,0.1429,0.0
2026-04-19,Mumbai,Support,1,1,6,3.686,3.686,0,0,0.0,0.0
2026-04-19,Mumbai,Verification,14,14,58,67.686,4.8347,0,0,0.0,0.0
2026-04-19,Pune,Fulfillment,4,4,14,52.664,13.166,0,0,0.0,0.0
2026-04-19,Pune,Intake,9,8,34,12.996,1.6245,1,0,0.125,0.0
2026-04-19,Pune,Verification,7,7,30,35.37,5.0529,0,0,0.0,0.0
2026-04-20,Bengaluru,Fulfillment,13,11,44,237.104,21.5549,0,3,0.0,0.2727
2026-04-20,Bengaluru,Intake,8,7,26,17.491,2.4987,0,0,0.0,0.0
2026-04-20,Bengaluru,Support,4,4,20,13.517,3.3792,1,0,0.25,0.0
2026-04-20,Bengaluru,Verification,11,11,36,63.611,5.7828,0,3,0.0,0.2727
2026-04-20,Delhi,Fulfillment,17,16,76,269.913,16.8696,2,2,0.125,0.125
2026-04-20,Delhi,Intake,15,15,57,41.309,2.7539,0,4,0.0,0.2667
2026-04-20,Delhi,Support,2,2,8,6.21,3.105,0,0,0.0,0.0
2026-04-20,Delhi,Verification,15,15,51,134.79,8.986,1,7,0.0667,0.4667
2026-04-20,Mumbai,Fulfillment,22,21,83,331.476,15.7846,2,3,0.0952,0.1429
2026-04-20,Mumbai,Intake,24,20,68,52.424,2.6212,3,3,0.15,0.15
2026-04-20,Mumbai,Support,3,3,9,11.956,3.9853,0,0,0.0,0.0
2026-04-20,Mumbai,Verification,23,22,89,153.994,6.9997,1,9,0.0455,0.4091
2026-04-20,Pune,Fulfillment,15,14,60,255.93,18.2807,2,4,0.1429,0.2857
2026-04-20,Pune,Intake,14,13,49,39.706,3.0543,1,3,0.0769,0.2308
2026-04-20,Pune,Support,1,1,2,4.682,4.682,0,0,0.0,0.0
2026-04-20,Pune,Verification,14,14,53,78.12,5.58,0,3,0.0,0.2143
2026-04-21,Bengaluru,Fulfillment,15,15,50,263.558,17.5705,0,2,0.0,0.1333
2026-04-21,Bengaluru,Intake,7,6,19,13.472,2.2453,1,1,0.1667,0.1667
2026-04-21,Bengaluru,Support,5,5,16,21.181,4.2362,0,0,0.0,0.0
2026-04-21,Bengaluru,Verification,7,7,30,37.189,5.3127,0,2,0.0,0.2857
2026-04-21,Delhi,Fulfillment,17,15,68,267.523,17.8349,1,4,0.0667,0.2667
2026-04-21,Delhi,Intake,19,18,60,45.469,2.5261,1,1,0.0556,0.0556
2026-04-21,Delhi,Support,3,3,18,6.781,2.2603,1,0,0.3333,0.0
2026-04-21,Delhi,Verification,13,13,45,126.891,9.7608,2,8,0.1538,0.6154
2026-04-21,Mumbai,Fulfillment,20,19,80,262.469,13.8142,1,1,0.0526,0.0526
2026-04-21,Mumbai,Intake,16,16,81,29.859,1.8662,1,0,0.0625,0.0
2026-04-21,Mumbai,Support,4,4,17,20.485,5.1212,0,2,0.0,0.5
2026-04-21,Mumbai,Verification,15,14,55,73.924,5.2803,1,1,0.0714,0.0714
2026-04-21,Pune,Fulfillment,12,10,37,150.858,15.0858,0,1,0.0,0.1
2026-04-21,Pune,Intake,12,12,48,24.14,2.0117,0,0,0.0,0.0
2026-04-21,Pune,Support,2,2,9,6.667,3.3335,0,0,0.0,0.0
2026-04-21,Pune,Verification,12,12,51,72.312,6.026,1,3,0.0833,0.25
2026-04-22,Bengaluru,Fulfillment,9,9,37,127.234,14.1371,1,0,0.1111,0.0
2026-04-22,Bengaluru,Intake,8,8,32,16.451,2.0564,0,0,0.0,0.0
2026-04-22,Bengaluru,Support,3,3,17,14.677,4.8923,0,1,0.0,0.3333
2026-04-22,Bengaluru,Verification,11,10,44,63.99,6.399,0,3,0.0,0.3
2026-04-22,Delhi,Fulfillment,8,7,24,99.71,14.2443,0,0,0.0,0.0
2026-04-22,Delhi,Intake,14,13,57,28.541,2.1955,1,0,0.0769,0.0
2026-04-22,Delhi,Support,4,4,18,11.079,2.7698,0,0,0.0,0.0
2026-04-22,Delhi,Verification,9,9,40,97.131,10.7923,0,8,0.0,0.8889
2026-04-22,Mumbai,Fulfillment,14,13,44,186.496,14.3458,0,1,0.0,0.0769
2026-04-22,Mumbai,Intake,12,11,38,25.326,2.3024,1,2,0.0909,0.1818
2026-04-22,Mumbai,Support,6,6,28,21.217,3.5362,0,0,0.0,0.0
2026-04-22,Mumbai,Verification,14,14,59,85.257,6.0898,0,4,0.0,0.2857
2026-04-22,Pune,Fulfillment,9,8,36,92.908,11.6135,0,0,0.0,0.0
2026-04-22,Pune,Intake,12,12,45,21.283,1.7736,0,0,0.0,0.0
2026-04-22,Pune,Support,5,5,22,19.531,3.9062,0,0,0.0,0.0
2026-04-22,Pune,Verification,7,7,29,23.081,3.2973,0,1,0.0,0.1429
2026-04-23,Bengaluru,Fulfillment,7,7,24,118.284,16.8977,0,1,0.0,0.1429
2026-04-23,Bengaluru,Intake,12,11,44,22.123,2.0112,0,1,0.0,0.0909
2026-04-23,Bengaluru,Support,4,3,18,9.141,3.047,0,0,0.0,0.0
2026-04-23,Bengaluru,Verification,10,10,37,38.541,3.8541,0,0,0.0,0.0
2026-04-23,Delhi,Fulfillment,16,14,47,203.144,14.5103,0,1,0.0,0.0714
2026-04-23,Delhi,Intake,15,15,63,33.022,2.2015,1,1,0.0667,0.0667
2026-04-23,Delhi,Support,5,4,14,10.217,2.5542,0,0,0.0,0.0
2026-04-23,Delhi,Verification,10,10,40,86.986,8.6986,1,5,0.1,0.5
2026-04-23,Mumbai,Fulfillment,14,14,50,215.265,15.3761,2,1,0.1429,0.0714
2026-04-23,Mumbai,Intake,14,14,55,27.735,1.9811,0,0,0.0,0.0
2026-04-23,Mumbai,Support,5,5,19,17.369,3.4738,0,1,0.0,0.2
2026-04-23,Mumbai,Verification,21,18,64,101.026,5.6126,1,2,0.0556,0.1111
2026-04-23,Pune,Fulfillment,9,9,26,153.311,17.0346,0,1,0.0,0.1111
2026-04-23,Pune,Intake,10,10,41,18.971,1.8971,1,0,0.1,0.0
2026-04-23,Pune,Support,5,5,18,17.169,3.4338,0,0,0.0,0.0
2026-04-23,Pune,Verification,6,6,19,29.034,4.839,0,0,0.0,0.0
2026-04-24,Bengaluru,Fulfillment,4,4,20,54.011,13.5028,0,0,0.0,0.0
2026-04-24,Bengaluru,Intake,8,8,37,14.544,1.818,0,0,0.0,0.0
2026-04-24,Bengaluru,Verification,11,11,50,74.731,6.7937,0,4,0.0,0.3636
2026-04-24,Delhi,Fulfillment,5,5,26,77.752,15.5504,0,1,0.0,0.2
2026-04-24,Delhi,Intake,8,7,29,15.94,2.2771,0,0,0.0,0.0
2026-04-24,Delhi,Support,5,5,16,15.9,3.18,0,0,0.0,0.0
2026-04-24,Delhi,Verification,12,12,46,95.448,7.954,2,4,0.1667,0.3333
2026-04-24,Mumbai,Fulfillment,9,9,34,108.871,12.0968,0,0,0.0,0.0
2026-04-24,Mumbai,Intake,14,14,61,32.765,2.3404,0,1,0.0,0.0714
2026-04-24,Mumbai,Support,9,9,35,37.041,4.1157,0,0,0.0,0.0
2026-04-24,Mumbai,Verification,17,16,65,94.886,5.9304,0,3,0.0,0.1875
2026-04-24,Pune,Fulfillment,12,9,41,112.186,12.4651,0,1,0.0,0.1111
2026-04-24,Pune,Intake,2,2,5,5.314,2.657,0,0,0.0,0.0
2026-04-24,Pune,Support,3,3,10,10.499,3.4997,0,0,0.0,0.0
2026-04-24,Pune,Verification,8,6,19,25.106,4.1843,0,0,0.0,0.0
2026-04-25,Bengaluru,Fulfillment,2,2,6,23.278,11.639,0,0,0.0,0.0
2026-04-25,Bengaluru,Intake,4,4,17,6.618,1.6545,0,0,0.0,0.0
2026-04-25,Bengaluru,Support,4,4,12,12.704,3.176,1,0,0.25,0.0
2026-04-25,Bengaluru,Verification,5,5,19,22.026,4.4052,0,1,0.0,0.2
2026-04-25,Delhi,Fulfillment,7,7,24,107.62,15.3743,1,1,0.1429,0.1429
2026-04-25,Delhi,Intake,10,10,40,26.273,2.6273,0,1,0.0,0.1
2026-04-25,Delhi,Support,1,1,6,1.933,1.933,0,0,0.0,0.0
2026-04-25,Delhi,Verification,9,9,37,61.607,6.8452,1,2,0.1111,0.2222
2026-04-25,Mumbai,Fulfillment,12,9,34,137.879,15.3199,0,1,0.0,0.1111
2026-04-25,Mumbai,Intake,9,9,39,16.28,1.8089,1,0,0.1111,0.0
2026-04-25,Mumbai,Support,3,3,11,17.166,5.722,0,1,0.0,0.3333
2026-04-25,Mumbai,Verification,18,17,60,83.685,4.9226,1,2,0.0588,0.1176
2026-04-25,Pune,Fulfillment,4,4,18,36.712,9.178,0,0,0.0,0.0
2026-04-25,Pune,Intake,3,3,12,5.549,1.8497,0,0,0.0,0.0
2026-04-25,Pune,Support,1,1,2,3.235,3.235,0,0,0.0,0.0
2026-04-25,Pune,Verification,3,3,12,15.724,5.2413,0,0,0.0,0.0
2026-04-26,Bengaluru,Fulfillment,6,6,19,77.562,12.927,1,1,0.1667,0.1667
2026-04-26,Bengaluru,Intake,3,3,10,5.114,1.7047,2,0,0.6667,0.0
2026-04-26,Bengaluru,Support,4,4,17,17.216,4.304,0,0,0.0,0.0
2026-04-26,Bengaluru,Verification,2,2,9,6.048,3.024,0,0,0.0,0.0
2026-04-26,Delhi,Fulfillment,9,9,43,139.265,15.4739,0,0,0.0,0.0
2026-04-26,Delhi,Intake,4,4,18,7.96,1.99,0,0,0.0,0.0
2026-04-26,Delhi,Support,1,1,5,3.167,3.167,1,0,1.0,0.0
2026-04-26,Delhi,Verification,4,4,11,38.076,9.519,1,3,0.25,0.75
2026-04-26,Mumbai,Fulfillment,17,17,76,212.203,12.4825,0,1,0.0,0.0588
2026-04-26,Mumbai,Intake,7,7,26,14.194,2.0277,0,0,0.0,0.0
2026-04-26,Mumbai,Support,4,4,15,18.596,4.649,0,1,0.0,0.25
2026-04-26,Mumbai,Verification,11,10,49,37.079,3.7079,0,0,0.0,0.0
2026-04-26,Pune,Fulfillment,2,2,5,22.684,11.342,0,0,0.0,0.0
2026-04-26,Pune,Intake,5,5,22,8.205,1.641,0,0,0.0,0.0
2026-04-26,Pune,Support,3,3,11,9.103,3.0343,0,0,0.0,0.0
2026-04-26,Pune,Verification,12,12,44,47.219,3.9349,0,0,0.0,0.0
2026-04-27,Bengaluru,Fulfillment,17,17,68,246.04,14.4729,0,1,0.0,0.0588
2026-04-27,Bengaluru,Intake,9,9,40,24.165,2.685,0,2,0.0,0.2222
2026-04-27,Bengaluru,Support,2,2,5,8.471,4.2355,1,0,0.5,0.0
2026-04-27,Bengaluru,Verification,9,9,32,57.522,6.3913,2,2,0.2222,0.2222
2026-04-27,Delhi,Fulfillment,14,13,51,219.945,16.9188,2,1,0.1538,0.0769
2026-04-27,Delhi,Intake,23,23,107,58.179,2.5295,2,2,0.087,0.087
2026-04-27,Delhi,Support,5,5,14,19.741,3.9482,0,0,0.0,0.0
2026-04-27,Delhi,Verification,12,12,42,177.894,14.8245,3,11,0.25,0.9167
2026-04-27,Mumbai,Fulfillment,18,17,72,341.116,20.0656,1,2,0.0588,0.1176
2026-04-27,Mumbai,Intake,27,25,109,60.33,2.4132,1,1,0.04,0.04
2026-04-27,Mumbai,Support,3,3,14,15.403,5.1343,0,1,0.0,0.3333
2026-04-27,Mumbai,Verification,13,12,41,85.035,7.0862,0,5,0.0,0.4167
2026-04-27,Pune,Fulfillment,14,14,60,220.653,15.7609,3,2,0.2143,0.1429
2026-04-27,Pune,Intake,20,20,73,45.306,2.2653,1,2,0.05,0.1
2026-04-27,Pune,Support,7,5,24,16.417,3.2834,0,0,0.0,0.0
2026-04-27,Pune,Verification,12,12,50,66.107,5.5089,1,3,0.0833,0.25
2026-04-28,Bengaluru,Fulfillment,12,10,41,154.599,15.4599,0,0,0.0,0.0
2026-04-28,Bengaluru,Intake,12,12,45,33.531,2.7942,1,1,0.0833,0.0833
2026-04-28,Bengaluru,Support,2,2,6,7.009,3.5045,0,0,0.0,0.0
2026-04-28,Bengaluru,Verification,8,7,30,46.488,6.6411,1,1,0.1429,0.1429
2026-04-28,Delhi,Fulfillment,16,16,63,219.274,13.7046,0,1,0.0,0.0625
2026-04-28,Delhi,Intake,13,13,57,28.935,2.2258,1,1,0.0769,0.0769
2026-04-28,Delhi,Support,7,6,25,28.667,4.7778,1,1,0.1667,0.1667
2026-04-28,Delhi,Verification,16,14,44,145.701,10.4072,2,11,0.1429,0.7857
2026-04-28,Mumbai,Fulfillment,22,21,109,359.471,17.1177,0,4,0.0,0.1905
2026-04-28,Mumbai,Intake,20,20,78,41.462,2.0731,0,1,0.0,0.05
2026-04-28,Mumbai,Support,7,7,34,36.684,5.2406,0,3,0.0,0.4286
2026-04-28,Mumbai,Verification,24,22,103,153.276,6.9671,1,7,0.0455,0.3182
2026-04-28,Pune,Fulfillment,12,11,32,149.836,13.6215,1,0,0.0909,0.0
2026-04-28,Pune,Intake,5,5,20,8.642,1.7284,0,0,0.0,0.0
2026-04-28,Pune,Support,3,2,8,11.543,5.7715,0,1,0.0,0.5
2026-04-28,Pune,Verification,11,10,31,54.021,5.4021,0,3,0.0,0.3
2026-04-29,Bengaluru,Fulfillment,12,12,48,194.158,16.1798,1,1,0.0833,0.0833
2026-04-29,Bengaluru,Intake,7,7,23,11.477,1.6396,0,0,0.0,0.0
2026-04-29,Bengaluru,Support,4,4,14,13.467,3.3668,0,0,0.0,0.0
2026-04-29,Bengaluru,Verification,8,8,30,41.938,5.2422,0,1,0.0,0.125
2026-04-29,Delhi,Fulfillment,18,17,60,249.678,14.6869,0,0,0.0,0.0
2026-04-29,Delhi,Intake,10,10,37,16.31,1.631,0,0,0.0,0.0
2026-04-29,Delhi,Support,5,5,20,16.909,3.3818,0,0,0.0,0.0
2026-04-29,Delhi,Verification,20,19,58,173.693,9.1417,0,12,0.0,0.6316
2026-04-29,Mumbai,Fulfillment,18,18,82,279.883,15.5491,0,1,0.0,0.0556
2026-04-29,Mumbai,Intake,20,18,75,36.13,2.0072,2,0,0.1111,0.0
2026-04-29,Mumbai,Support,2,2,8,6.023,3.0115,0,0,0.0,0.0
2026-04-29,Mumbai,Verification,16,15,59,69.745,4.6497,3,1,0.2,0.0667
2026-04-29,Pune,Fulfillment,5,4,20,54.889,13.7222,0,0,0.0,0.0
2026-04-29,Pune,Intake,9,8,33,16.473,2.0591,0,0,0.0,0.0
2026-04-29,Pune,Support,5,5,20,16.643,3.3286,0,0,0.0,0.0
2026-04-29,Pune,Verification,8,8,29,40.685,5.0856,0,1,0.0,0.125
2026-04-30,Bengaluru,Fulfillment,8,7,32,115.099,16.4427,0,1,0.0,0.1429
2026-04-30,Bengaluru,Intake,8,8,21,14.149,1.7686,1,0,0.125,0.0
2026-04-30,Bengaluru,Support,3,3,9,13.078,4.3593,0,1,0.0,0.3333
2026-04-30,Bengaluru,Verification,14,14,54,76.784,5.4846,0,2,0.0,0.1429
2026-04-30,Delhi,Fulfillment,14,13,54,228.017,17.5398,0,2,0.0,0.1538
2026-04-30,Delhi,Intake,12,12,48,32.428,2.7023,0,3,0.0,0.25
2026-04-30,Delhi,Support,2,1,5,2.958,2.958,0,0,0.0,0.0
2026-04-30,Delhi,Verification,12,12,39,97.62,8.135,2,6,0.1667,0.5
2026-04-30,Mumbai,Fulfillment,12,12,44,191.825,15.9854,0,2,0.0,0.1667
2026-04-30,Mumbai,Intake,14,13,54,28.291,2.1762,1,1,0.0769,0.0769
2026-04-30,Mumbai,Support,3,3,7,8.742,2.914,0,0,0.0,0.0
2026-04-30,Mumbai,Verification,23,22,88,146.895,6.677,0,6,0.0,0.2727
2026-04-30,Pune,Fulfillment,4,4,17,47.918,11.9795,0,0,0.0,0.0
2026-04-30,Pune,Intake,11,11,51,19.973,1.8157,0,0,0.0,0.0
2026-04-30,Pune,Support,4,3,8,9.451,3.1503,0,0,0.0,0.0
2026-04-30,Pune,Verification,7,7,29,23.942,3.4203,0,0,0.0,0.0
2026-05-01,Bengaluru,Fulfillment,10,10,49,134.752,13.4752,1,1,0.1,0.1
2026-05-01,Bengaluru,Intake,6,5,20,7.859,1.5718,0,0,0.0,0.0
2026-05-01,Bengaluru,Support,5,4,16,14.272,3.568,0,0,0.0,0.0
2026-05-01,Bengaluru,Verification,8,8,29,44.545,5.5681,0,1,0.0,0.125
2026-05-01,Delhi,Fulfillment,6,6,23,107.346,17.891,1,0,0.1667,0.0
2026-05-01,Delhi,Intake,11,11,49,26.203,2.3821,0,1,0.0,0.0909
2026-05-01,Delhi,Support,6,6,22,23.998,3.9997,0,1,0.0,0.1667
2026-05-01,Delhi,Verification,11,10,37,80.539,8.0539,1,4,0.1,0.4
2026-05-01,Mumbai,Fulfillment,8,8,28,134.398,16.7998,1,2,0.125,0.25
2026-05-01,Mumbai,Intake,16,15,67,26.787,1.7858,1,0,0.0667,0.0
2026-05-01,Mumbai,Support,6,6,15,20.633,3.4388,0,1,0.0,0.1667
2026-05-01,Mumbai,Verification,20,19,72,95.533,5.0281,0,3,0.0,0.1579
2026-05-01,Pune,Fulfillment,10,9,42,115.718,12.8576,2,1,0.2222,0.1111
2026-05-01,Pune,Intake,7,7,34,11.555,1.6507,0,0,0.0,0.0
2026-05-01,Pune,Support,3,3,10,14.138,4.7127,0,1,0.0,0.3333
2026-05-01,Pune,Verification,7,7,27,30.001,4.2859,0,0,0.0,0.0
2026-05-02,Bengaluru,Fulfillment,8,8,25,90.86,11.3575,1,0,0.125,0.0
2026-05-02,Bengaluru,Intake,7,7,31,14.928,2.1326,0,0,0.0,0.0
2026-05-02,Bengaluru,Support,4,4,13,19.196,4.799,0,1,0.0,0.25
2026-05-02,Bengaluru,Verification,7,7,27,30.047,4.2924,0,0,0.0,0.0
2026-05-02,Delhi,Fulfillment,8,8,34,142.341,17.7926,2,2,0.25,0.25
2026-05-02,Delhi,Intake,5,5,18,7.589,1.5178,0,0,0.0,0.0
2026-05-02,Delhi,Support,1,1,4,3.3,3.3,0,0,0.0,0.0
2026-05-02,Delhi,Verification,4,4,11,32.693,8.1732,0,3,0.0,0.75
2026-05-02,Mumbai,Fulfillment,8,8,42,125.898,15.7372,1,0,0.125,0.0
2026-05-02,Mumbai,Intake,12,12,53,26.965,2.2471,0,1,0.0,0.0833
2026-05-02,Mumbai,Support,4,4,21,16.515,4.1288,0,1,0.0,0.25
2026-05-02,Mumbai,Verification,13,13,47,71.934,5.5334,0,1,0.0,0.0769
2026-05-02,Pune,Fulfillment,12,11,54,162.0,14.7273,1,1,0.0909,0.0909
2026-05-02,Pune,Intake,3,3,11,3.673,1.2243,0,0,0.0,0.0
2026-05-02,Pune,Support,1,1,4,2.011,2.011,0,0,0.0,0.0
2026-05-02,Pune,Verification,2,2,9,6.436,3.218,0,0,0.0,0.0
2026-05-03,Bengaluru,Fulfillment,5,5,20,78.279,15.6558,0,1,0.0,0.2
2026-05-03,Bengaluru,Intake,3,3,9,5.857,1.9523,0,0,0.0,0.0
2026-05-03,Bengaluru,Support,2,2,7,7.65,3.825,0,0,0.0,0.0
2026-05-03,Bengaluru,Verification,4,4,15,15.782,3.9455,0,0,0.0,0.0
2026-05-03,Delhi,Fulfillment,3,3,13,62.593,20.8643,0,1,0.0,0.3333
2026-05-03,Delhi,Intake,5,5,15,12.348,2.4696,0,0,0.0,0.0
2026-05-03,Delhi,Support,2,2,5,6.571,3.2855,0,0,0.0,0.0
2026-05-03,Delhi,Verification,2,2,6,10.689,5.3445,0,0,0.0,0.0
2026-05-03,Mumbai,Fulfillment,6,5,22,62.043,12.4086,0,0,0.0,0.0
2026-05-03,Mumbai,Intake,6,5,21,9.536,1.9072,0,0,0.0,0.0
2026-05-03,Mumbai,Support,3,3,12,10.533,3.511,0,0,0.0,0.0
2026-05-03,Mumbai,Verification,6,5,16,16.981,3.3962,0,0,0.0,0.0
2026-05-03,Pune,Fulfillment,3,2,9,13.012,6.506,0,0,0.0,0.0
2026-05-03,Pune,Intake,5,5,19,4.592,0.9184,0,0,0.0,0.0
2026-05-03,Pune,Support,1,1,4,3.4,3.4,0,0,0.0,0.0
2026-05-03,Pune,Verification,7,6,20,26.488,4.4147,0,0,0.0,0.0
2026-05-04,Bengaluru,Fulfillment,5,5,18,95.813,19.1626,0,1,0.0,0.2
2026-05-04,Bengaluru,Intake,10,10,33,31.388,3.1388,0,2,0.0,0.2
2026-05-04,Bengaluru,Support,5,5,21,17.405,3.481,0,0,0.0,0.0
2026-05-04,Bengaluru,Verification,10,9,47,63.478,7.0531,0,2,0.0,0.2222
2026-05-04,Delhi,Fulfillment,19,19,77,336.046,17.6866,2,2,0.1053,0.1053
2026-05-04,Delhi,Intake,18,17,72,47.111,2.7712,2,4,0.1176,0.2353
2026-05-04,Delhi,Support,4,4,16,16.132,4.033,0,1,0.0,0.25
2026-05-04,Delhi,Verification,13,12,49,112.564,9.3803,2,7,0.1667,0.5833
2026-05-04,Mumbai,Fulfillment,18,18,64,295.3,16.4056,2,2,0.1111,0.1111
2026-05-04,Mumbai,Intake,26,25,102,65.306,2.6122,2,2,0.08,0.08
2026-05-04,Mumbai,Support,6,6,21,17.991,2.9985,0,1,0.0,0.1667
2026-05-04,Mumbai,Verification,21,20,72,132.932,6.6466,1,6,0.05,0.3
2026-05-04,Pune,Fulfillment,16,16,59,296.05,18.5031,2,4,0.125,0.25
2026-05-04,Pune,Intake,19,18,75,47.468,2.6371,3,4,0.1667,0.2222
2026-05-04,Pune,Support,8,8,21,37.831,4.7289,0,3,0.0,0.375
2026-05-04,Pune,Verification,10,10,33,52.14,5.214,2,1,0.2,0.1
2026-05-05,Bengaluru,Fulfillment,11,11,48,210.97,19.1791,2,3,0.1818,0.2727
2026-05-05,Bengaluru,Intake,15,15,61,30.226,2.0151,0,0,0.0,0.0
2026-05-05,Bengaluru,Support,5,5,19,19.275,3.855,0,0,0.0,0.0
2026-05-05,Bengaluru,Verification,17,17,63,86.774,5.1044,1,2,0.0588,0.1176
2026-05-05,Delhi,Fulfillment,15,15,67,258.31,17.2207,2,1,0.1333,0.0667
2026-05-05,Delhi,Intake,13,12,56,29.237,2.4364,1,1,0.0833,0.0833
2026-05-05,Delhi,Support,5,5,20,26.849,5.3698,0,2,0.0,0.4
2026-05-05,Delhi,Verification,11,10,40,103.624,10.3624,0,6,0.0,0.6
2026-05-05,Mumbai,Fulfillment,16,15,54,314.235,20.949,1,5,0.0667,0.3333
2026-05-05,Mumbai,Intake,20,20,82,44.942,2.2471,1,1,0.05,0.05
2026-05-05,Mumbai,Support,8,8,23,32.611,4.0764,0,1,0.0,0.125
2026-05-05,Mumbai,Verification,27,27,102,154.472,5.7212,1,5,0.037,0.1852
2026-05-05,Pune,Fulfillment,12,11,41,151.482,13.7711,0,1,0.0,0.0909
2026-05-05,Pune,Intake,11,11,42,26.075,2.3705,0,0,0.0,0.0
2026-05-05,Pune,Support,4,4,23,11.21,2.8025,0,0,0.0,0.0
2026-05-05,Pune,Verification,9,9,29,40.602,4.5113,1,0,0.1111,0.0
2026-05-06,Bengaluru,Fulfillment,10,9,34,164.822,18.3136,0,2,0.0,0.2222
2026-05-06,Bengaluru,Intake,11,11,35,25.38,2.3073,0,1,0.0,0.0909
2026-05-06,Bengaluru,Support,2,2,8,16.722,8.361,1,1,0.5,0.5
2026-05-06,Bengaluru,Verification,11,11,41,48.883,4.4439,0,0,0.0,0.0
2026-05-06,Delhi,Fulfillment,12,12,52,152.829,12.7358,0,0,0.0,0.0
2026-05-06,Delhi,Intake,10,10,44,17.244,1.7244,1,0,0.1,0.0
2026-05-06,Delhi,Support,7,7,30,27.101,3.8716,0,1,0.0,0.1429
2026-05-06,Delhi,Verification,12,12,52,100.579,8.3816,1,5,0.0833,0.4167
2026-05-06,Mumbai,Fulfillment,19,17,68,274.99,16.1759,0,2,0.0,0.1176
2026-05-06,Mumbai,Intake,15,13,38,32.59,2.5069,1,1,0.0769,0.0769
2026-05-06,Mumbai,Support,2,1,3,3.149,3.149,0,0,0.0,0.0
2026-05-06,Mumbai,Verification,14,14,53,77.213,5.5152,0,3,0.0,0.2143
2026-05-06,Pune,Fulfillment,8,8,33,162.237,20.2796,0,3,0.0,0.375
2026-05-06,Pune,Intake,9,9,34,20.233,2.2481,0,2,0.0,0.2222
2026-05-06,Pune,Support,1,1,1,4.129,4.129,0,0,0.0,0.0
2026-05-06,Pune,Verification,9,8,36,34.241,4.2801,0,1,0.0,0.125
2026-05-07,Bengaluru,Fulfillment,8,8,26,119.454,14.9318,0,1,0.0,0.125
2026-05-07,Bengaluru,Intake,10,9,39,20.828,2.3142,0,0,0.0,0.0
2026-05-07,Bengaluru,Verification,13,11,53,48.629,4.4208,1,0,0.0909,0.0
2026-05-07,Delhi,Fulfillment,12,12,50,209.372,17.4477,2,2,0.1667,0.1667
2026-05-07,Delhi,Intake,7,7,24,19.82,2.8314,1,1,0.1429,0.1429
2026-05-07,Delhi,Support,4,4,22,15.719,3.9298,0,1,0.0,0.25
2026-05-07,Delhi,Verification,18,18,70,138.876,7.7153,2,7,0.1111,0.3889
2026-05-07,Mumbai,Fulfillment,18,18,67,249.403,13.8557,1,1,0.0556,0.0556
2026-05-07,Mumbai,Intake,17,16,60,32.846,2.0529,1,0,0.0625,0.0
2026-05-07,Mumbai,Support,9,9,35,38.86,4.3178,1,3,0.1111,0.3333
2026-05-07,Mumbai,Verification,30,30,122,182.301,6.0767,2,3,0.0667,0.1
2026-05-07,Pune,Fulfillment,10,10,35,141.77,14.177,1,1,0.1,0.1
2026-05-07,Pune,Intake,11,11,34,27.295,2.4814,0,2,0.0,0.1818
2026-05-07,Pune,Support,3,3,11,8.22,2.74,1,0,0.3333,0.0
2026-05-07,Pune,Verification,11,9,39,41.541,4.6157,0,1,0.0,0.1111
2026-05-08,Bengaluru,Fulfillment,7,7,29,107.547,15.3639,1,0,0.1429,0.0
2026-05-08,Bengaluru,Intake,6,6,24,12.865,2.1442,0,0,0.0,0.0
2026-05-08,Bengaluru,Support,4,4,11,13.026,3.2565,0,1,0.0,0.25
2026-05-08,Bengaluru,Verification,9,9,34,49.602,5.5113,0,1,0.0,0.1111
2026-05-08,Delhi,Fulfillment,14,14,57,240.702,17.193,0,3,0.0,0.2143
2026-05-08,Delhi,Intake,18,16,48,34.645,2.1653,2,1,0.125,0.0625
2026-05-08,Delhi,Support,4,4,17,13.232,3.308,1,0,0.25,0.0
2026-05-08,Delhi,Verification,13,12,50,107.01,8.9175,2,4,0.1667,0.3333
2026-05-08,Mumbai,Fulfillment,20,20,70,320.621,16.031,0,3,0.0,0.15
2026-05-08,Mumbai,Intake,20,20,74,35.97,1.7985,1,0,0.05,0.0
2026-05-08,Mumbai,Support,5,5,15,20.963,4.1926,0,0,0.0,0.0
2026-05-08,Mumbai,Verification,15,14,66,77.149,5.5106,2,1,0.1429,0.0714
2026-05-08,Pune,Fulfillment,11,11,51,156.933,14.2666,0,2,0.0,0.1818
2026-05-08,Pune,Intake,9,9,35,22.761,2.529,1,2,0.1111,0.2222
2026-05-08,Pune,Support,3,2,8,5.638,2.819,0,0,0.0,0.0
2026-05-08,Pune,Verification,15,14,63,78.628,5.6163,1,1,0.0714,0.0714
2026-05-09,Bengaluru,Fulfillment,7,7,32,94.419,13.4884,0,0,0.0,0.0
2026-05-09,Bengaluru,Intake,10,10,48,19.96,1.996,0,0,0.0,0.0
2026-05-09,Bengaluru,Support,6,6,23,21.054,3.509,0,0,0.0,0.0
2026-05-09,Bengaluru,Verification,3,3,16,14.554,4.8513,0,0,0.0,0.0
2026-05-09,Delhi,Fulfillment,4,4,20,41.536,10.384,0,0,0.0,0.0
2026-05-09,Delhi,Intake,8,8,29,14.259,1.7824,1,0,0.125,0.0
2026-05-09,Delhi,Support,2,2,9,3.464,1.732,0,0,0.0,0.0
2026-05-09,Delhi,Verification,7,6,17,64.104,10.684,1,4,0.1667,0.6667
2026-05-09,Mumbai,Fulfillment,5,5,23,96.46,19.292,0,2,0.0,0.4
2026-05-09,Mumbai,Intake,10,10,42,25.301,2.5301,0,1,0.0,0.1
2026-05-09,Mumbai,Support,3,3,9,7.494,2.498,0,0,0.0,0.0
2026-05-09,Mumbai,Verification,11,11,45,50.624,4.6022,0,0,0.0,0.0
2026-05-09,Pune,Fulfillment,5,5,20,55.872,11.1744,0,0,0.0,0.0
2026-05-09,Pune,Intake,3,3,19,4.888,1.6293,0,0,0.0,0.0
2026-05-09,Pune,Support,1,1,5,1.509,1.509,0,0,0.0,0.0
2026-05-09,Pune,Verification,10,9,31,40.362,4.4847,0,0,0.0,0.0
2026-05-10,Bengaluru,Fulfillment,6,6,19,76.04,12.6733,0,0,0.0,0.0
2026-05-10,Bengaluru,Intake,7,7,25,16.778,2.3969,0,0,0.0,0.0
2026-05-10,Bengaluru,Support,6,4,16,19.276,4.819,0,2,0.0,0.5
2026-05-10,Bengaluru,Verification,4,4,18,16.927,4.2318,0,0,0.0,0.0
2026-05-10,Delhi,Fulfillment,4,4,10,58.246,14.5615,0,1,0.0,0.25
2026-05-10,Delhi,Intake,6,6,23,16.286,2.7143,0,2,0.0,0.3333
2026-05-10,Delhi,Verification,3,3,17,37.648,12.5493,0,2,0.0,0.6667
2026-05-10,Mumbai,Fulfillment,6,5,19,78.888,15.7776,0,1,0.0,0.2
2026-05-10,Mumbai,Intake,7,6,20,9.681,1.6135,1,0,0.1667,0.0
2026-05-10,Mumbai,Support,3,3,13,7.059,2.353,0,0,0.0,0.0
2026-05-10,Mumbai,Verification,11,11,48,61.086,5.5533,1,1,0.0909,0.0909
2026-05-10,Pune,Fulfillment,2,2,8,29.233,14.6165,0,0,0.0,0.0
2026-05-10,Pune,Intake,4,4,16,7.804,1.951,0,0,0.0,0.0
2026-05-10,Pune,Support,1,1,2,3.083,3.083,0,0,0.0,0.0
2026-05-10,Pune,Verification,7,7,26,28.249,4.0356,1,0,0.1429,0.0
2026-05-11,Bengaluru,Fulfillment,10,9,42,150.213,16.6903,2,2,0.2222,0.2222
2026-05-11,Bengaluru,Intake,13,12,55,31.691,2.6409,1,2,0.0833,0.1667
2026-05-11,Bengaluru,Support,4,4,16,13.521,3.3802,0,0,0.0,0.0
2026-05-11,Bengaluru,Verification,11,11,40,61.714,5.6104,0,0,0.0,0.0
2026-05-11,Delhi,Fulfillment,12,12,43,194.9,16.2417,0,1,0.0,0.0833
2026-05-11,Delhi,Intake,18,18,64,51.164,2.8424,1,2,0.0556,0.1111
2026-05-11,Delhi,Support,7,7,30,34.486,4.9266,1,2,0.1429,0.2857
2026-05-11,Delhi,Verification,17,17,61,195.256,11.4856,0,12,0.0,0.7059
2026-05-11,Mumbai,Fulfillment,22,22,78,381.667,17.3485,2,1,0.0909,0.0455
2026-05-11,Mumbai,Intake,27,27,97,78.211,2.8967,2,6,0.0741,0.2222
2026-05-11,Mumbai,Support,8,7,36,30.604,4.372,2,2,0.2857,0.2857
2026-05-11,Mumbai,Verification,23,22,94,132.298,6.0135,0,4,0.0,0.1818
2026-05-11,Pune,Fulfillment,9,8,31,108.483,13.5604,0,0,0.0,0.0
2026-05-11,Pune,Intake,11,9,29,22.782,2.5313,2,1,0.2222,0.1111
2026-05-11,Pune,Support,6,6,28,25.293,4.2155,0,0,0.0,0.0
2026-05-11,Pune,Verification,10,10,40,60.085,6.0085,0,1,0.0,0.1
2026-05-12,Bengaluru,Fulfillment,12,11,50,164.592,14.9629,1,2,0.0909,0.1818
2026-05-12,Bengaluru,Intake,6,6,18,15.404,2.5673,0,0,0.0,0.0
2026-05-12,Bengaluru,Support,2,2,12,8.666,4.333,0,0,0.0,0.0
2026-05-12,Bengaluru,Verification,7,7,27,47.117,6.731,0,2,0.0,0.2857
2026-05-12,Delhi,Fulfillment,15,15,57,229.816,15.3211,0,1,0.0,0.0667
2026-05-12,Delhi,Intake,23,21,74,42.284,2.0135,0,1,0.0,0.0476
2026-05-12,Delhi,Support,7,7,32,34.045,4.8636,0,2,0.0,0.2857
2026-05-12,Delhi,Verification,11,10,42,82.241,8.2241,0,6,0.0,0.6
2026-05-12,Mumbai,Fulfillment,18,18,75,296.821,16.4901,2,2,0.1111,0.1111
2026-05-12,Mumbai,Intake,19,19,70,42.86,2.2558,2,2,0.1053,0.1053
2026-05-12,Mumbai,Support,10,9,34,26.969,2.9966,1,1,0.1111,0.1111
2026-05-12,Mumbai,Verification,21,20,74,119.303,5.9651,5,3,0.25,0.15
2026-05-12,Pune,Fulfillment,8,8,34,114.063,14.2579,0,0,0.0,0.0
2026-05-12,Pune,Intake,9,9,34,12.869,1.4299,0,0,0.0,0.0
2026-05-12,Pune,Support,4,4,13,16.186,4.0465,0,0,0.0,0.0
2026-05-12,Pune,Verification,13,13,49,56.383,4.3372,1,1,0.0769,0.0769
2026-05-13,Bengaluru,Fulfillment,12,10,52,165.042,16.5042,0,1,0.0,0.1
2026-05-13,Bengaluru,Intake,8,8,25,14.017,1.7521,0,0,0.0,0.0
2026-05-13,Bengaluru,Support,4,3,14,14.8,4.9333,0,1,0.0,0.3333
2026-05-13,Bengaluru,Verification,12,11,44,56.608,5.1462,0,2,0.0,0.1818
2026-05-13,Delhi,Fulfillment,14,14,54,203.955,14.5682,0,0,0.0,0.0
2026-05-13,Delhi,Intake,12,11,45,21.625,1.9659,1,1,0.0909,0.0909
2026-05-13,Delhi,Support,1,1,1,3.817,3.817,0,0,0.0,0.0
2026-05-13,Delhi,Verification,14,14,62,140.041,10.0029,0,9,0.0,0.6429
2026-05-13,Mumbai,Fulfillment,15,15,63,182.408,12.1605,0,1,0.0,0.0667
2026-05-13,Mumbai,Intake,15,15,57,30.958,2.0639,2,0,0.1333,0.0
2026-05-13,Mumbai,Support,5,5,21,24.738,4.9476,0,3,0.0,0.6
2026-05-13,Mumbai,Verification,17,16,72,81.218,5.0761,0,2,0.0,0.125
2026-05-13,Pune,Fulfillment,5,5,21,64.208,12.8416,0,1,0.0,0.2
2026-05-13,Pune,Intake,7,7,37,11.828,1.6897,1,0,0.1429,0.0
2026-05-13,Pune,Support,4,4,24,14.924,3.731,1,0,0.25,0.0
2026-05-13,Pune,Verification,9,9,31,54.772,6.0858,0,2,0.0,0.2222
2026-05-14,Bengaluru,Fulfillment,5,5,21,65.836,13.1672,0,0,0.0,0.0
2026-05-14,Bengaluru,Intake,14,14,62,36.379,2.5985,0,2,0.0,0.1429
2026-05-14,Bengaluru,Support,1,1,4,2.723,2.723,0,0,0.0,0.0
2026-05-14,Bengaluru,Verification,19,18,74,113.524,6.3069,1,5,0.0556,0.2778
2026-05-14,Delhi,Fulfillment,16,16,67,246.822,15.4264,1,2,0.0625,0.125
2026-05-14,Delhi,Intake,17,16,56,35.727,2.2329,1,1,0.0625,0.0625
2026-05-14,Delhi,Support,2,2,7,6.295,3.1475,0,0,0.0,0.0
2026-05-14,Delhi,Verification,13,11,50,96.647,8.7861,0,7,0.0,0.6364
2026-05-14,Mumbai,Fulfillment,19,19,76,297.215,15.6429,2,3,0.1053,0.1579
2026-05-14,Mumbai,Intake,17,16,72,32.063,2.0039,0,1,0.0,0.0625
2026-05-14,Mumbai,Support,4,4,12,13.434,3.3585,0,0,0.0,0.0
2026-05-14,Mumbai,Verification,17,16,60,97.13,6.0706,1,3,0.0625,0.1875
2026-05-14,Pune,Fulfillment,8,8,31,130.221,16.2776,0,2,0.0,0.25
2026-05-14,Pune,Intake,9,7,21,14.199,2.0284,0,0,0.0,0.0
2026-05-14,Pune,Support,2,1,4,3.594,3.594,0,0,0.0,0.0
2026-05-14,Pune,Verification,14,14,51,76.268,5.4477,0,1,0.0,0.0714
2026-05-15,Bengaluru,Fulfillment,11,11,45,215.406,19.5824,0,2,0.0,0.1818
2026-05-15,Bengaluru,Intake,10,9,40,18.208,2.0231,0,1,0.0,0.1111
2026-05-15,Bengaluru,Support,1,1,7,7.081,7.081,0,1,0.0,1.0
2026-05-15,Bengaluru,Verification,15,14,61,69.719,4.9799,1,2,0.0714,0.1429
2026-05-15,Delhi,Fulfillment,9,9,31,108.066,12.0073,1,0,0.1111,0.0
2026-05-15,Delhi,Intake,13,12,42,20.367,1.6972,1,0,0.0833,0.0
2026-05-15,Delhi,Support,3,3,12,8.728,2.9093,0,0,0.0,0.0
2026-05-15,Delhi,Verification,8,8,27,57.424,7.178,1,3,0.125,0.375
2026-05-15,Mumbai,Fulfillment,14,11,57,167.774,15.2522,0,2,0.0,0.1818
2026-05-15,Mumbai,Intake,13,12,49,26.943,2.2452,1,0,0.0833,0.0
2026-05-15,Mumbai,Support,7,7,26,13.492,1.9274,0,0,0.0,0.0
2026-05-15,Mumbai,Verification,9,8,33,34.14,4.2675,1,0,0.125,0.0
2026-05-15,Pune,Fulfillment,5,5,15,73.128,14.6256,0,1,0.0,0.2
2026-05-15,Pune,Intake,6,6,27,9.922,1.6537,2,0,0.3333,0.0
2026-05-15,Pune,Support,4,3,7,8.137,2.7123,0,0,0.0,0.0
2026-05-15,Pune,Verification,9,9,33,40.252,4.4724,1,1,0.1111,0.1111
2026-05-16,Bengaluru,Fulfillment,3,3,15,55.483,18.4943,1,1,0.3333,0.3333
2026-05-16,Bengaluru,Intake,11,10,34,21.694,2.1694,0,0,0.0,0.0
2026-05-16,Bengaluru,Support,3,3,14,11.995,3.9983,1,0,0.3333,0.0
2026-05-16,Bengaluru,Verification,9,8,30,50.788,6.3485,1,3,0.125,0.375
2026-05-16,Delhi,Fulfillment,5,4,26,55.801,13.9502,0,0,0.0,0.0
2026-05-16,Delhi,Intake,3,3,11,6.232,2.0773,0,0,0.0,0.0
2026-05-16,Delhi,Support,1,1,2,6.857,6.857,0,1,0.0,1.0
2026-05-16,Delhi,Verification,6,6,22,50.083,8.3472,0,2,0.0,0.3333
2026-05-16,Mumbai,Fulfillment,10,10,47,155.562,15.5562,1,2,0.1,0.2
2026-05-16,Mumbai,Intake,8,8,33,13.038,1.6298,0,0,0.0,0.0
2026-05-16,Mumbai,Support,2,2,6,3.911,1.9555,0,0,0.0,0.0
2026-05-16,Mumbai,Verification,8,8,33,44.234,5.5292,0,2,0.0,0.25
2026-05-16,Pune,Fulfillment,5,5,22,44.203,8.8406,0,0,0.0,0.0
2026-05-16,Pune,Intake,8,8,29,19.206,2.4008,0,0,0.0,0.0
2026-05-16,Pune,Support,1,1,5,4.333,4.333,0,0,0.0,0.0
2026-05-16,Pune,Verification,8,8,36,45.793,5.7241,0,2,0.0,0.25
2026-05-17,Bengaluru,Fulfillment,2,2,6,57.865,28.9325,0,1,0.0,0.5
2026-05-17,Bengaluru,Intake,7,7,29,12.731,1.8187,0,0,0.0,0.0
2026-05-17,Bengaluru,Support,1,1,6,2.824,2.824,0,0,0.0,0.0
2026-05-17,Bengaluru,Verification,4,4,12,12.458,3.1145,0,0,0.0,0.0
2026-05-17,Delhi,Fulfillment,3,3,13,44.792,14.9307,0,0,0.0,0.0
2026-05-17,Delhi,Intake,6,6,21,13.016,2.1693,0,0,0.0,0.0
2026-05-17,Delhi,Support,4,3,11,9.961,3.3203,0,0,0.0,0.0
2026-05-17,Delhi,Verification,3,2,6,10.284,5.142,0,0,0.0,0.0
2026-05-17,Mumbai,Fulfillment,10,10,36,111.884,11.1884,0,0,0.0,0.0
2026-05-17,Mumbai,Intake,10,10,33,22.926,2.2926,0,0,0.0,0.0
2026-05-17,Mumbai,Support,5,5,27,21.709,4.3418,0,1,0.0,0.2
2026-05-17,Mumbai,Verification,5,5,19,18.67,3.734,0,0,0.0,0.0
2026-05-17,Pune,Fulfillment,4,4,17,37.025,9.2562,0,0,0.0,0.0
2026-05-17,Pune,Intake,3,3,11,4.553,1.5177,0,0,0.0,0.0
2026-05-17,Pune,Support,1,1,2,2.52,2.52,0,0,0.0,0.0
2026-05-17,Pune,Verification,5,5,21,21.871,4.3742,0,0,0.0,0.0
2026-05-18,Bengaluru,Fulfillment,17,16,72,322.404,20.1502,0,3,0.0,0.1875
2026-05-18,Bengaluru,Intake,18,18,77,49.965,2.7758,0,3,0.0,0.1667
2026-05-18,Bengaluru,Support,4,4,14,21.84,5.46,0,2,0.0,0.5
2026-05-18,Bengaluru,Verification,11,11,36,86.675,7.8795,0,4,0.0,0.3636
2026-05-18,Delhi,Fulfillment,14,14,51,239.818,17.1299,2,3,0.1429,0.2143
2026-05-18,Delhi,Intake,14,14,58,32.266,2.3047,1,1,0.0714,0.0714
2026-05-18,Delhi,Support,4,4,11,16.097,4.0242,0,2,0.0,0.5
2026-05-18,Delhi,Verification,15,15,52,159.5,10.6333,0,13,0.0,0.8667
2026-05-18,Mumbai,Fulfillment,20,20,93,417.228,20.8614,0,7,0.0,0.35
2026-05-18,Mumbai,Intake,20,20,90,59.818,2.9909,1,4,0.05,0.2
2026-05-18,Mumbai,Support,5,5,16,21.881,4.3762,1,1,0.2,0.2
2026-05-18,Mumbai,Verification,17,16,51,124.073,7.7546,1,9,0.0625,0.5625
2026-05-18,Pune,Fulfillment,21,19,78,360.548,18.9762,1,4,0.0526,0.2105
2026-05-18,Pune,Intake,14,13,52,29.219,2.2476,2,1,0.1538,0.0769
2026-05-18,Pune,Support,3,3,13,11.806,3.9353,0,0,0.0,0.0
2026-05-18,Pune,Verification,11,11,36,62.082,5.6438,0,3,0.0,0.2727
2026-05-19,Bengaluru,Fulfillment,14,14,58,269.355,19.2396,1,4,0.0714,0.2857
2026-05-19,Bengaluru,Intake,13,11,45,30.179,2.7435,0,1,0.0,0.0909
2026-05-19,Bengaluru,Support,2,2,11,8.883,4.4415,0,0,0.0,0.0
2026-05-19,Bengaluru,Verification,10,9,30,60.969,6.7743,1,1,0.1111,0.1111
2026-05-19,Delhi,Fulfillment,11,11,48,178.799,16.2545,0,1,0.0,0.0909
2026-05-19,Delhi,Intake,20,17,67,41.319,2.4305,1,1,0.0588,0.0588
2026-05-19,Delhi,Support,9,8,36,27.868,3.4835,0,0,0.0,0.0
2026-05-19,Delhi,Verification,18,18,72,162.973,9.0541,0,8,0.0,0.4444
2026-05-19,Mumbai,Fulfillment,23,23,66,442.637,19.2451,2,7,0.087,0.3043
2026-05-19,Mumbai,Intake,20,19,80,40.532,2.1333,3,1,0.1579,0.0526
2026-05-19,Mumbai,Support,3,3,11,10.215,3.405,1,0,0.3333,0.0
2026-05-19,Mumbai,Verification,22,19,82,118.615,6.2429,2,4,0.1053,0.2105
2026-05-19,Pune,Fulfillment,15,14,53,182.731,13.0522,0,0,0.0,0.0
2026-05-19,Pune,Intake,10,8,28,18.829,2.3536,1,0,0.125,0.0
2026-05-19,Pune,Support,2,2,7,6.351,3.1755,1,0,0.5,0.0
2026-05-19,Pune,Verification,8,6,31,31.11,5.185,0,1,0.0,0.1667
2026-05-20,Bengaluru,Fulfillment,10,9,29,125.649,13.961,1,1,0.1111,0.1111
2026-05-20,Bengaluru,Intake,9,8,34,16.472,2.059,0,0,0.0,0.0
2026-05-20,Bengaluru,Support,6,6,25,20.115,3.3525,0,0,0.0,0.0
2026-05-20,Bengaluru,Verification,9,8,25,38.29,4.7862,1,1,0.125,0.125
2026-05-20,Delhi,Fulfillment,12,12,39,155.238,12.9365,0,1,0.0,0.0833
2026-05-20,Delhi,Intake,9,9,36,20.54,2.2822,0,0,0.0,0.0
2026-05-20,Delhi,Support,6,5,22,30.576,6.1152,0,2,0.0,0.4
2026-05-20,Delhi,Verification,12,11,56,111.073,10.0975,0,7,0.0,0.6364
2026-05-20,Mumbai,Fulfillment,15,14,51,249.697,17.8355,2,2,0.1429,0.1429
2026-05-20,Mumbai,Intake,17,16,57,32.806,2.0504,2,0,0.125,0.0
2026-05-20,Mumbai,Support,7,6,16,29.838,4.973,0,2,0.0,0.3333
2026-05-20,Mumbai,Verification,12,12,55,73.213,6.1011,0,3,0.0,0.25
2026-05-20,Pune,Fulfillment,9,9,36,122.073,13.5637,0,0,0.0,0.0
2026-05-20,Pune,Intake,11,10,34,16.891,1.6891,0,0,0.0,0.0
2026-05-20,Pune,Support,4,4,18,7.883,1.9708,0,0,0.0,0.0
2026-05-20,Pune,Verification,8,8,33,36.327,4.5409,0,0,0.0,0.0
2026-05-21,Bengaluru,Fulfillment,9,8,24,95.372,11.9215,0,0,0.0,0.0
2026-05-21,Bengaluru,Intake,12,11,41,27.437,2.4943,0,1,0.0,0.0909
2026-05-21,Bengaluru,Support,1,1,4,2.851,2.851,0,0,0.0,0.0
2026-05-21,Bengaluru,Verification,10,9,33,49.894,5.5438,0,1,0.0,0.1111
2026-05-21,Delhi,Fulfillment,12,12,41,166.228,13.8523,0,1,0.0,0.0833
2026-05-21,Delhi,Intake,17,17,78,36.66,2.1565,1,0,0.0588,0.0
2026-05-21,Delhi,Support,4,3,9,13.786,4.5953,0,1,0.0,0.3333
2026-05-21,Delhi,Verification,14,14,51,110.854,7.9181,2,5,0.1429,0.3571
2026-05-21,Mumbai,Fulfillment,11,11,46,144.064,13.0967,1,0,0.0909,0.0
2026-05-21,Mumbai,Intake,14,13,59,32.651,2.5116,1,0,0.0769,0.0
2026-05-21,Mumbai,Support,4,4,13,16.215,4.0538,1,0,0.25,0.0
2026-05-21,Mumbai,Verification,9,8,37,34.623,4.3279,0,0,0.0,0.0
2026-05-21,Pune,Fulfillment,15,13,57,225.335,17.3335,2,2,0.1538,0.1538
2026-05-21,Pune,Intake,10,10,44,19.23,1.923,1,0,0.1,0.0
2026-05-21,Pune,Support,4,4,13,11.272,2.818,0,0,0.0,0.0
2026-05-21,Pune,Verification,12,12,45,64.378,5.3648,0,2,0.0,0.1667
2026-05-22,Bengaluru,Fulfillment,12,12,41,144.658,12.0548,1,1,0.0833,0.0833
2026-05-22,Bengaluru,Intake,6,6,21,14.145,2.3575,0,0,0.0,0.0
2026-05-22,Bengaluru,Support,4,4,16,11.801,2.9502,0,0,0.0,0.0
2026-05-22,Bengaluru,Verification,6,5,18,25.778,5.1556,0,1,0.0,0.2
2026-05-22,Delhi,Fulfillment,11,11,44,154.635,14.0577,0,0,0.0,0.0
2026-05-22,Delhi,Intake,12,12,59,25.997,2.1664,0,0,0.0,0.0
2026-05-22,Delhi,Support,6,6,24,26.984,4.4973,0,1,0.0,0.1667
2026-05-22,Delhi,Verification,15,15,62,125.064,8.3376,1,7,0.0667,0.4667
2026-05-22,Mumbai,Fulfillment,15,15,67,178.639,11.9093,1,0,0.0667,0.0
2026-05-22,Mumbai,Intake,19,18,81,39.758,2.2088,0,1,0.0,0.0556
2026-05-22,Mumbai,Support,3,3,11,6.687,2.229,0,0,0.0,0.0
2026-05-22,Mumbai,Verification,19,16,93,84.916,5.3072,0,1,0.0,0.0625
2026-05-22,Pune,Fulfillment,11,11,43,149.961,13.6328,0,0,0.0,0.0
2026-05-22,Pune,Intake,9,9,40,16.699,1.8554,0,1,0.0,0.1111
2026-05-22,Pune,Support,5,5,14,18.439,3.6878,0,1,0.0,0.2
2026-05-22,Pune,Verification,9,8,32,37.084,4.6355,0,1,0.0,0.125
2026-05-23,Bengaluru,Fulfillment,9,9,38,136.42,15.1578,1,1,0.1111,0.1111
2026-05-23,Bengaluru,Intake,6,6,16,12.401,2.0668,0,0,0.0,0.0
2026-05-23,Bengaluru,Verification,5,5,18,18.084,3.6168,0,0,0.0,0.0
2026-05-23,Delhi,Fulfillment,11,9,36,132.66,14.74,0,1,0.0,0.1111
2026-05-23,Delhi,Intake,9,7,29,10.142,1.4489,0,0,0.0,0.0
2026-05-23,Delhi,Support,2,2,8,6.75,3.375,0,0,0.0,0.0
2026-05-23,Delhi,Verification,7,7,24,45.816,6.5451,0,1,0.0,0.1429
2026-05-23,Mumbai,Fulfillment,11,10,37,102.08,10.208,0,0,0.0,0.0
2026-05-23,Mumbai,Intake,11,11,44,16.05,1.4591,0,0,0.0,0.0
2026-05-23,Mumbai,Support,1,1,7,3.974,3.974,0,0,0.0,0.0
2026-05-23,Mumbai,Verification,19,19,79,93.554,4.9239,0,1,0.0,0.0526
2026-05-23,Pune,Fulfillment,3,3,9,39.129,13.043,0,0,0.0,0.0
2026-05-23,Pune,Intake,7,7,27,16.583,2.369,0,0,0.0,0.0
2026-05-23,Pune,Support,3,3,12,10.441,3.4803,0,0,0.0,0.0
2026-05-23,Pune,Verification,7,7,30,30.275,4.325,0,0,0.0,0.0
2026-05-24,Bengaluru,Fulfillment,6,5,26,63.145,12.629,0,0,0.0,0.0
2026-05-24,Bengaluru,Intake,5,5,21,8.787,1.7574,0,0,0.0,0.0
2026-05-24,Bengaluru,Support,1,1,2,5.083,5.083,0,0,0.0,0.0
2026-05-24,Bengaluru,Verification,6,6,18,36.7,6.1167,0,2,0.0,0.3333
2026-05-24,Delhi,Fulfillment,7,6,23,80.619,13.4365,0,0,0.0,0.0
2026-05-24,Delhi,Intake,4,4,14,6.813,1.7032,0,0,0.0,0.0
2026-05-24,Delhi,Verification,4,4,24,35.919,8.9797,0,2,0.0,0.5
2026-05-24,Mumbai,Fulfillment,10,9,41,111.336,12.3707,0,0,0.0,0.0
2026-05-24,Mumbai,Intake,12,12,44,24.318,2.0265,0,0,0.0,0.0
2026-05-24,Mumbai,Support,4,4,13,18.319,4.5798,1,1,0.25,0.25
2026-05-24,Mumbai,Verification,10,9,31,49.162,5.4624,0,1,0.0,0.1111
2026-05-24,Pune,Fulfillment,9,9,36,125.642,13.9602,0,0,0.0,0.0
2026-05-24,Pune,Intake,4,4,19,9.133,2.2833,0,0,0.0,0.0
2026-05-24,Pune,Verification,4,4,10,23.329,5.8322,0,1,0.0,0.25
2026-05-25,Bengaluru,Fulfillment,14,13,45,210.797,16.2152,0,1,0.0,0.0769
2026-05-25,Bengaluru,Intake,12,12,47,40.554,3.3795,2,3,0.1667,0.25
2026-05-25,Bengaluru,Support,2,1,6,1.867,1.867,0,0,0.0,0.0
2026-05-25,Bengaluru,Verification,11,11,39,74.412,6.7647,0,4,0.0,0.3636
2026-05-25,Delhi,Fulfillment,10,10,41,151.021,15.1021,1,1,0.1,0.1
2026-05-25,Delhi,Intake,20,19,79,60.93,3.2068,2,5,0.1053,0.2632
2026-05-25,Delhi,Support,5,5,22,24.354,4.8708,0,1,0.0,0.2
2026-05-25,Delhi,Verification,13,13,52,113.954,8.7657,1,9,0.0769,0.6923
2026-05-25,Mumbai,Fulfillment,28,27,113,536.402,19.8667,2,8,0.0741,0.2963
2026-05-25,Mumbai,Intake,22,21,83,54.646,2.6022,2,3,0.0952,0.1429
2026-05-25,Mumbai,Support,8,8,30,45.377,5.6721,1,4,0.125,0.5
2026-05-25,Mumbai,Verification,20,19,71,117.675,6.1934,2,6,0.1053,0.3158
2026-05-25,Pune,Fulfillment,13,12,51,199.339,16.6116,1,1,0.0833,0.0833
2026-05-25,Pune,Intake,10,9,34,17.92,1.9911,0,1,0.0,0.1111
2026-05-25,Pune,Support,1,1,6,4.867,4.867,0,0,0.0,0.0
2026-05-25,Pune,Verification,12,10,45,48.909,4.8909,1,0,0.1,0.0
2026-05-26,Bengaluru,Fulfillment,18,18,60,324.03,18.0017,1,5,0.0556,0.2778
2026-05-26,Bengaluru,Intake,12,12,58,28.067,2.3389,0,0,0.0,0.0
2026-05-26,Bengaluru,Support,2,2,10,8.419,4.2095,0,0,0.0,0.0
2026-05-26,Bengaluru,Verification,8,8,28,38.409,4.8011,1,0,0.125,0.0
2026-05-26,Delhi,Fulfillment,14,14,59,229.11,16.365,0,3,0.0,0.2143
2026-05-26,Delhi,Intake,26,24,99,52.64,2.1933,1,1,0.0417,0.0417
2026-05-26,Delhi,Support,5,5,16,15.827,3.1654,0,0,0.0,0.0
2026-05-26,Delhi,Verification,17,16,75,135.12,8.445,0,7,0.0,0.4375
2026-05-26,Mumbai,Fulfillment,16,16,60,281.735,17.6084,1,4,0.0625,0.25
2026-05-26,Mumbai,Intake,14,14,53,30.666,2.1904,1,0,0.0714,0.0
2026-05-26,Mumbai,Support,15,15,67,60.055,4.0037,0,2,0.0,0.1333
2026-05-26,Mumbai,Verification,21,18,75,99.242,5.5134,0,3,0.0,0.1667
2026-05-26,Pune,Fulfillment,6,5,25,52.597,10.5194,0,0,0.0,0.0
2026-05-26,Pune,Intake,10,10,57,20.45,2.045,1,1,0.1,0.1
2026-05-26,Pune,Support,5,5,20,21.683,4.3366,1,1,0.2,0.2
2026-05-26,Pune,Verification,10,9,28,38.546,4.2829,0,0,0.0,0.0
2026-05-27,Bengaluru,Fulfillment,12,12,58,157.452,13.121,1,0,0.0833,0.0
2026-05-27,Bengaluru,Intake,14,13,45,25.347,1.9498,1,0,0.0769,0.0
2026-05-27,Bengaluru,Support,3,3,10,11.144,3.7147,0,0,0.0,0.0
2026-05-27,Bengaluru,Verification,7,7,38,55.731,7.9616,1,2,0.1429,0.2857
2026-05-27,Delhi,Fulfillment,10,10,36,163.999,16.3999,0,2,0.0,0.2
2026-05-27,Delhi,Intake,12,11,45,21.384,1.944,1,1,0.0909,0.0909
2026-05-27,Delhi,Support,4,3,12,11.386,3.7953,0,0,0.0,0.0
2026-05-27,Delhi,Verification,8,8,28,69.838,8.7297,0,5,0.0,0.625
2026-05-27,Mumbai,Fulfillment,12,12,46,237.448,19.7873,0,4,0.0,0.3333
2026-05-27,Mumbai,Intake,27,25,112,50.474,2.019,1,1,0.04,0.04
2026-05-27,Mumbai,Support,5,5,15,24.132,4.8264,1,2,0.2,0.4
2026-05-27,Mumbai,Verification,19,18,58,108.421,6.0234,0,3,0.0,0.1667
2026-05-27,Pune,Fulfillment,18,18,78,287.642,15.9801,0,4,0.0,0.2222
2026-05-27,Pune,Intake,12,12,55,22.176,1.848,1,0,0.0833,0.0
2026-05-27,Pune,Support,3,3,15,6.846,2.282,0,0,0.0,0.0
2026-05-27,Pune,Verification,4,4,20,21.567,5.3918,0,1,0.0,0.25
2026-05-28,Bengaluru,Fulfillment,13,12,44,183.0,15.25,0,1,0.0,0.0833
2026-05-28,Bengaluru,Intake,9,9,31,22.307,2.4786,1,0,0.1111,0.0
2026-05-28,Bengaluru,Support,3,3,6,10.682,3.5607,0,0,0.0,0.0
2026-05-28,Bengaluru,Verification,12,10,38,69.694,6.9694,1,3,0.1,0.3
2026-05-28,Delhi,Fulfillment,13,13,50,195.122,15.0094,0,2,0.0,0.1538
2026-05-28,Delhi,Intake,14,14,44,27.299,1.9499,1,1,0.0714,0.0714
2026-05-28,Delhi,Support,5,5,18,23.992,4.7984,1,1,0.2,0.2
2026-05-28,Delhi,Verification,13,13,61,125.565,9.6588,1,8,0.0769,0.6154
2026-05-28,Mumbai,Fulfillment,21,18,68,284.788,15.8216,1,2,0.0556,0.1111
2026-05-28,Mumbai,Intake,12,12,42,29.426,2.4522,0,1,0.0,0.0833
2026-05-28,Mumbai,Support,7,7,31,23.936,3.4194,0,0,0.0,0.0
2026-05-28,Mumbai,Verification,11,11,44,61.624,5.6022,1,2,0.0909,0.1818
2026-05-28,Pune,Fulfillment,10,10,42,126.923,12.6923,0,1,0.0,0.1
2026-05-28,Pune,Intake,7,6,26,9.154,1.5257,0,0,0.0,0.0
2026-05-28,Pune,Support,1,1,4,2.441,2.441,0,0,0.0,0.0
2026-05-28,Pune,Verification,8,7,27,23.412,3.3446,0,0,0.0,0.0
2026-05-29,Bengaluru,Fulfillment,10,9,41,131.032,14.5591,0,0,0.0,0.0
2026-05-29,Bengaluru,Intake,7,6,24,14.867,2.4778,0,0,0.0,0.0
2026-05-29,Bengaluru,Support,2,2,12,5.925,2.9625,0,0,0.0,0.0
2026-05-29,Bengaluru,Verification,7,7,29,43.973,6.2819,2,2,0.2857,0.2857
2026-05-29,Delhi,Fulfillment,10,9,40,169.233,18.8037,2,1,0.2222,0.1111
2026-05-29,Delhi,Intake,12,10,39,21.419,2.1419,0,2,0.0,0.2
2026-05-29,Delhi,Support,5,5,22,14.359,2.8718,0,0,0.0,0.0
2026-05-29,Delhi,Verification,10,10,41,65.165,6.5165,1,3,0.1,0.3
2026-05-29,Mumbai,Fulfillment,21,20,83,308.796,15.4398,1,2,0.05,0.1
2026-05-29,Mumbai,Intake,18,18,78,38.207,2.1226,0,0,0.0,0.0
2026-05-29,Mumbai,Support,4,4,14,13.189,3.2972,0,0,0.0,0.0
2026-05-29,Mumbai,Verification,17,17,52,95.584,5.6226,1,1,0.0588,0.0588
2026-05-29,Pune,Fulfillment,4,4,16,52.666,13.1665,0,0,0.0,0.0
2026-05-29,Pune,Intake,14,14,52,23.543,1.6816,4,0,0.2857,0.0
2026-05-29,Pune,Support,2,2,9,4.925,2.4625,1,0,0.5,0.0
2026-05-29,Pune,Verification,12,12,62,52.421,4.3684,0,2,0.0,0.1667
2026-05-30,Bengaluru,Fulfillment,11,10,51,122.622,12.2622,0,0,0.0,0.0
2026-05-30,Bengaluru,Intake,3,3,15,5.855,1.9517,0,0,0.0,0.0
2026-05-30,Bengaluru,Support,4,3,10,10.343,3.4477,0,0,0.0,0.0
2026-05-30,Bengaluru,Verification,8,8,34,41.769,5.2211,0,0,0.0,0.0
2026-05-30,Delhi,Fulfillment,7,7,30,90.978,12.9969,0,0,0.0,0.0
2026-05-30,Delhi,Intake,7,7,18,15.687,2.241,0,0,0.0,0.0
2026-05-30,Delhi,Support,3,2,8,9.567,4.7835,0,1,0.0,0.5
2026-05-30,Delhi,Verification,5,5,21,31.229,6.2458,0,1,0.0,0.2
2026-05-30,Mumbai,Fulfillment,15,14,57,199.388,14.242,0,1,0.0,0.0714
2026-05-30,Mumbai,Intake,6,6,15,9.653,1.6088,0,0,0.0,0.0
2026-05-30,Mumbai,Support,6,6,22,18.808,3.1347,0,0,0.0,0.0
2026-05-30,Mumbai,Verification,8,8,39,34.239,4.2799,0,0,0.0,0.0
2026-05-30,Pune,Fulfillment,9,8,32,93.892,11.7365,0,0,0.0,0.0
2026-05-30,Pune,Intake,8,8,37,13.847,1.7309,0,0,0.0,0.0
2026-05-30,Pune,Support,3,3,18,11.2,3.7333,0,0,0.0,0.0
2026-05-30,Pune,Verification,4,4,8,20.746,5.1865,0,1,0.0,0.25
2026-05-31,Bengaluru,Fulfillment,6,6,25,70.042,11.6737,0,0,0.0,0.0
2026-05-31,Bengaluru,Intake,4,4,22,6.576,1.644,0,0,0.0,0.0
2026-05-31,Bengaluru,Support,1,1,6,2.667,2.667,0,0,0.0,0.0
2026-05-31,Bengaluru,Verification,8,8,25,39.555,4.9444,0,0,0.0,0.0
2026-05-31,Delhi,Fulfillment,7,7,28,83.575,11.9393,0,0,0.0,0.0
2026-05-31,Delhi,Intake,7,7,25,15.124,2.1606,0,1,0.0,0.1429
2026-05-31,Delhi,Support,3,3,11,7.955,2.6517,0,0,0.0,0.0
2026-05-31,Delhi,Verification,5,4,20,30.052,7.513,0,2,0.0,0.5
2026-05-31,Mumbai,Fulfillment,9,9,41,132.481,14.7201,0,0,0.0,0.0
2026-05-31,Mumbai,Intake,8,8,30,17.787,2.2234,0,0,0.0,0.0
2026-05-31,Mumbai,Support,5,5,20,15.177,3.0354,0,0,0.0,0.0
2026-05-31,Mumbai,Verification,9,8,34,42.048,5.256,0,2,0.0,0.25
2026-05-31,Pune,Fulfillment,4,4,15,43.347,10.8368,1,0,0.25,0.0
2026-05-31,Pune,Intake,15,15,60,26.437,1.7625,0,0,0.0,0.0
2026-05-31,Pune,Support,3,3,13,12.196,4.0653,0,0,0.0,0.0
2026-05-31,Pune,Verification,4,3,8,16.843,5.6143,0,0,0.0,0.0
2026-06-01,Bengaluru,Fulfillment,10,10,42,149.463,14.9463,0,0,0.0,0.0
2026-06-01,Bengaluru,Intake,10,10,35,34.596,3.4596,0,3,0.0,0.3
2026-06-01,Bengaluru,Support,3,3,14,13.241,4.4137,0,1,0.0,0.3333
2026-06-01,Bengaluru,Verification,12,12,50,76.386,6.3655,0,3,0.0,0.25
2026-06-01,Delhi,Fulfillment,22,21,92,359.968,17.1413,2,4,0.0952,0.1905
2026-06-01,Delhi,Intake,17,17,72,40.975,2.4103,1,2,0.0588,0.1176
2026-06-01,Delhi,Support,9,8,29,34.824,4.353,1,0,0.125,0.0
2026-06-01,Delhi,Verification,16,16,64,133.758,8.3599,0,7,0.0,0.4375
2026-06-01,Mumbai,Fulfillment,26,25,118,431.815,17.2726,3,4,0.12,0.16
2026-06-01,Mumbai,Intake,11,11,44,25.867,2.3515,0,1,0.0,0.0909
2026-06-01,Mumbai,Support,11,11,37,42.352,3.8502,1,2,0.0909,0.1818
2026-06-01,Mumbai,Verification,16,15,55,87.565,5.8377,1,2,0.0667,0.1333
2026-06-01,Pune,Fulfillment,10,9,34,171.082,19.0091,1,3,0.1111,0.3333
2026-06-01,Pune,Intake,12,12,44,26.893,2.2411,0,0,0.0,0.0
2026-06-01,Pune,Support,2,1,2,5.81,5.81,0,0,0.0,0.0
2026-06-01,Pune,Verification,11,11,36,56.205,5.1095,0,1,0.0,0.0909
2026-06-02,Bengaluru,Fulfillment,14,14,57,278.768,19.912,0,5,0.0,0.3571
2026-06-02,Bengaluru,Intake,9,7,33,19.335,2.7621,1,1,0.1429,0.1429
2026-06-02,Bengaluru,Support,2,2,10,8.85,4.425,0,0,0.0,0.0
2026-06-02,Bengaluru,Verification,8,8,22,39.3,4.9125,0,1,0.0,0.125
2026-06-02,Delhi,Fulfillment,8,7,24,120.504,17.2149,0,1,0.0,0.1429
2026-06-02,Delhi,Intake,17,16,59,30.513,1.9071,0,0,0.0,0.0
2026-06-02,Delhi,Support,5,5,21,17.609,3.5218,1,0,0.2,0.0
2026-06-02,Delhi,Verification,11,10,46,86.812,8.6812,0,5,0.0,0.5
2026-06-02,Mumbai,Fulfillment,21,20,77,336.537,16.8268,1,4,0.05,0.2
2026-06-02,Mumbai,Intake,23,22,83,46.161,2.0982,4,0,0.1818,0.0
2026-06-02,Mumbai,Support,5,5,18,24.142,4.8284,0,2,0.0,0.4
2026-06-02,Mumbai,Verification,25,25,97,128.35,5.134,1,3,0.04,0.12
2026-06-02,Pune,Fulfillment,12,11,39,221.652,20.1502,0,2,0.0,0.1818
2026-06-02,Pune,Intake,12,12,48,25.771,2.1476,0,1,0.0,0.0833
2026-06-02,Pune,Support,5,5,15,20.855,4.171,1,1,0.2,0.2
2026-06-02,Pune,Verification,10,9,43,40.144,4.4604,0,0,0.0,0.0
2026-06-03,Bengaluru,Fulfillment,10,9,43,196.489,21.8321,1,4,0.1111,0.4444
2026-06-03,Bengaluru,Intake,11,11,48,25.21,2.2918,1,1,0.0909,0.0909
2026-06-03,Bengaluru,Support,4,4,17,16.87,4.2175,0,1,0.0,0.25
2026-06-03,Bengaluru,Verification,7,7,30,41.66,5.9514,2,1,0.2857,0.1429
2026-06-03,Delhi,Fulfillment,12,11,37,173.434,15.7667,0,1,0.0,0.0909
2026-06-03,Delhi,Intake,17,15,56,37.089,2.4726,0,2,0.0,0.1333
2026-06-03,Delhi,Support,4,4,19,23.779,5.9448,0,2,0.0,0.5
2026-06-03,Delhi,Verification,12,11,44,127.878,11.6253,1,9,0.0909,0.8182
2026-06-03,Mumbai,Fulfillment,25,23,92,381.542,16.5888,1,4,0.0435,0.1739
2026-06-03,Mumbai,Intake,21,20,89,38.986,1.9493,0,1,0.0,0.05
2026-06-03,Mumbai,Support,7,7,27,27.337,3.9053,0,1,0.0,0.1429
2026-06-03,Mumbai,Verification,24,21,90,133.731,6.3681,1,6,0.0476,0.2857
2026-06-03,Pune,Fulfillment,14,13,64,205.087,15.7759,1,2,0.0769,0.1538
2026-06-03,Pune,Intake,15,15,60,30.787,2.0525,2,1,0.1333,0.0667
2026-06-03,Pune,Support,3,3,16,8.676,2.892,0,0,0.0,0.0
2026-06-03,Pune,Verification,9,9,34,39.601,4.4001,0,0,0.0,0.0
2026-06-04,Bengaluru,Fulfillment,6,6,28,65.907,10.9845,1,0,0.1667,0.0
2026-06-04,Bengaluru,Intake,10,10,37,19.464,1.9464,0,1,0.0,0.1
2026-06-04,Bengaluru,Support,2,2,6,7.734,3.867,1,0,0.5,0.0
2026-06-04,Bengaluru,Verification,7,5,17,28.487,5.6974,0,0,0.0,0.0
2026-06-04,Delhi,Fulfillment,8,8,41,100.986,12.6232,0,1,0.0,0.125
2026-06-04,Delhi,Intake,9,8,29,15.651,1.9564,1,0,0.125,0.0
2026-06-04,Delhi,Support,2,2,8,13.9,6.95,0,1,0.0,0.5
2026-06-04,Delhi,Verification,12,11,43,98.554,8.9595,1,4,0.0909,0.3636
2026-06-04,Mumbai,Fulfillment,16,16,57,248.703,15.5439,0,1,0.0,0.0625
2026-06-04,Mumbai,Intake,27,27,106,55.805,2.0669,1,1,0.037,0.037
2026-06-04,Mumbai,Support,8,7,29,25.605,3.6579,1,0,0.1429,0.0
2026-06-04,Mumbai,Verification,20,18,77,113.982,6.3323,0,5,0.0,0.2778
2026-06-04,Pune,Fulfillment,10,10,32,147.817,14.7817,1,1,0.1,0.1
2026-06-04,Pune,Intake,10,10,29,20.283,2.0283,0,1,0.0,0.1
2026-06-04,Pune,Support,2,2,5,8.573,4.2865,0,1,0.0,0.5
2026-06-04,Pune,Verification,7,7,35,29.462,4.2089,0,0,0.0,0.0
2026-06-05,Bengaluru,Fulfillment,9,9,37,125.294,13.9216,1,1,0.1111,0.1111
2026-06-05,Bengaluru,Intake,9,9,38,17.531,1.9479,0,0,0.0,0.0
2026-06-05,Bengaluru,Support,2,2,7,6.441,3.2205,0,0,0.0,0.0
2026-06-05,Bengaluru,Verification,11,10,33,53.999,5.3999,1,2,0.1,0.2
2026-06-05,Delhi,Fulfillment,14,14,55,187.311,13.3794,1,0,0.0714,0.0
2026-06-05,Delhi,Intake,12,12,48,26.64,2.22,1,0,0.0833,0.0
2026-06-05,Delhi,Support,1,1,2,2.515,2.515,0,0,0.0,0.0
2026-06-05,Delhi,Verification,13,13,53,104.784,8.0603,0,4,0.0,0.3077
2026-06-05,Mumbai,Fulfillment,13,13,60,216.086,16.622,1,3,0.0769,0.2308
2026-06-05,Mumbai,Intake,10,10,32,17.299,1.7299,0,0,0.0,0.0
2026-06-05,Mumbai,Support,6,6,23,22.919,3.8198,0,0,0.0,0.0
2026-06-05,Mumbai,Verification,21,18,66,125.346,6.9637,0,3,0.0,0.1667
2026-06-05,Pune,Fulfillment,11,10,43,133.928,13.3928,0,0,0.0,0.0
2026-06-05,Pune,Intake,8,8,33,11.452,1.4315,0,0,0.0,0.0
2026-06-05,Pune,Support,1,1,4,5.017,5.017,0,0,0.0,0.0
2026-06-05,Pune,Verification,7,7,37,30.992,4.4274,0,0,0.0,0.0
2026-06-06,Bengaluru,Fulfillment,4,4,9,59.414,14.8535,0,0,0.0,0.0
2026-06-06,Bengaluru,Intake,4,4,12,7.578,1.8945,0,0,0.0,0.0
2026-06-06,Bengaluru,Support,4,3,13,10.098,3.366,0,0,0.0,0.0
2026-06-06,Bengaluru,Verification,3,3,13,14.274,4.758,0,0,0.0,0.0
2026-06-06,Delhi,Fulfillment,5,5,23,86.753,17.3506,0,0,0.0,0.0
2026-06-06,Delhi,Intake,3,2,5,3.468,1.734,1,0,0.5,0.0
2026-06-06,Delhi,Support,3,3,17,10.039,3.3463,0,0,0.0,0.0
2026-06-06,Delhi,Verification,9,8,35,72.301,9.0376,0,4,0.0,0.5
2026-06-06,Mumbai,Fulfillment,10,10,44,139.844,13.9844,1,1,0.1,0.1
2026-06-06,Mumbai,Intake,8,8,37,18.181,2.2726,0,1,0.0,0.125
2026-06-06,Mumbai,Support,5,5,19,14.147,2.8294,0,0,0.0,0.0
2026-06-06,Mumbai,Verification,14,14,56,71.605,5.1146,0,3,0.0,0.2143
2026-06-06,Pune,Fulfillment,4,4,14,47.946,11.9865,0,0,0.0,0.0
2026-06-06,Pune,Intake,2,2,8,2.054,1.027,0,0,0.0,0.0
2026-06-06,Pune,Support,1,1,5,1.311,1.311,0,0,0.0,0.0
2026-06-06,Pune,Verification,13,13,43,72.278,5.5598,0,3,0.0,0.2308
2026-06-07,Bengaluru,Fulfillment,4,4,20,65.957,16.4892,0,0,0.0,0.0
2026-06-07,Bengaluru,Intake,10,9,33,16.496,1.8329,0,0,0.0,0.0
2026-06-07,Bengaluru,Support,1,1,2,4.583,4.583,0,0,0.0,0.0
2026-06-07,Bengaluru,Verification,4,4,14,17.737,4.4343,0,0,0.0,0.0
2026-06-07,Delhi,Fulfillment,4,3,13,33.757,11.2523,0,0,0.0,0.0
2026-06-07,Delhi,Intake,3,3,12,4.572,1.524,0,0,0.0,0.0
2026-06-07,Delhi,Support,2,2,8,5.713,2.8565,0,0,0.0,0.0
2026-06-07,Delhi,Verification,6,6,25,51.285,8.5475,0,3,0.0,0.5
2026-06-07,Mumbai,Fulfillment,8,8,36,107.595,13.4494,2,1,0.25,0.125
2026-06-07,Mumbai,Intake,8,8,41,17.951,2.2439,1,1,0.125,0.125
2026-06-07,Mumbai,Support,3,3,12,10.033,3.3443,0,0,0.0,0.0
2026-06-07,Mumbai,Verification,6,6,20,38.471,6.4118,0,1,0.0,0.1667
2026-06-07,Pune,Fulfillment,4,4,16,79.406,19.8515,0,1,0.0,0.25
2026-06-07,Pune,Intake,4,4,21,5.111,1.2778,0,0,0.0,0.0
2026-06-07,Pune,Verification,7,7,30,33.806,4.8294,0,0,0.0,0.0
2026-06-08,Bengaluru,Fulfillment,12,10,41,160.229,16.0229,0,1,0.0,0.1
2026-06-08,Bengaluru,Intake,7,7,27,16.945,2.4207,0,1,0.0,0.1429
2026-06-08,Bengaluru,Support,2,2,8,6.973,3.4865,0,0,0.0,0.0
2026-06-08,Bengaluru,Verification,13,13,59,73.217,5.6321,1,1,0.0769,0.0769
2026-06-08,Delhi,Fulfillment,20,20,77,437.613,21.8806,2,6,0.1,0.3
2026-06-08,Delhi,Intake,20,20,88,57.123,2.8562,1,3,0.05,0.15
2026-06-08,Delhi,Support,8,8,26,38.339,4.7924,0,1,0.0,0.125
2026-06-08,Delhi,Verification,15,13,57,126.475,9.7288,1,9,0.0769,0.6923
2026-06-08,Mumbai,Fulfillment,17,17,65,380.609,22.3888,0,6,0.0,0.3529
2026-06-08,Mumbai,Intake,24,22,88,48.419,2.2009,0,1,0.0,0.0455
2026-06-08,Mumbai,Support,8,8,31,34.631,4.3289,0,1,0.0,0.125
2026-06-08,Mumbai,Verification,16,15,65,99.967,6.6645,1,5,0.0667,0.3333
2026-06-08,Pune,Fulfillment,7,5,18,109.565,21.913,0,2,0.0,0.4
2026-06-08,Pune,Intake,10,10,36,22.954,2.2954,1,0,0.1,0.0
2026-06-08,Pune,Support,6,4,11,18.685,4.6713,0,2,0.0,0.5
2026-06-08,Pune,Verification,10,10,35,52.183,5.2183,1,1,0.1,0.1
2026-06-09,Bengaluru,Fulfillment,12,11,49,172.339,15.6672,1,1,0.0909,0.0909
2026-06-09,Bengaluru,Intake,9,8,26,20.536,2.567,0,1,0.0,0.125
2026-06-09,Bengaluru,Support,2,2,15,11.747,5.8735,0,1,0.0,0.5
2026-06-09,Bengaluru,Verification,11,10,42,51.774,5.1774,0,1,0.0,0.1
2026-06-09,Delhi,Fulfillment,15,13,54,233.365,17.9512,1,2,0.0769,0.1538
2026-06-09,Delhi,Intake,14,14,55,29.44,2.1029,2,1,0.1429,0.0714
2026-06-09,Delhi,Support,3,2,8,3.452,1.726,0,0,0.0,0.0
2026-06-09,Delhi,Verification,15,14,36,122.066,8.719,2,7,0.1429,0.5
2026-06-09,Mumbai,Fulfillment,33,31,114,474.248,15.2983,1,4,0.0323,0.129
2026-06-09,Mumbai,Intake,24,22,100,51.431,2.3378,1,1,0.0455,0.0455
2026-06-09,Mumbai,Support,7,7,29,22.483,3.2119,0,0,0.0,0.0
2026-06-09,Mumbai,Verification,22,22,84,132.069,6.0031,2,3,0.0909,0.1364
2026-06-09,Pune,Fulfillment,9,9,40,163.754,18.1949,1,2,0.1111,0.2222
2026-06-09,Pune,Intake,15,15,66,34.338,2.2892,0,2,0.0,0.1333
2026-06-09,Pune,Support,2,2,7,4.945,2.4725,0,0,0.0,0.0
2026-06-09,Pune,Verification,13,13,52,79.185,6.0912,0,3,0.0,0.2308
2026-06-10,Bengaluru,Fulfillment,4,4,16,75.914,18.9785,0,1,0.0,0.25
2026-06-10,Bengaluru,Intake,4,4,13,8.502,2.1255,0,0,0.0,0.0
2026-06-10,Bengaluru,Support,5,5,19,18.601,3.7202,0,0,0.0,0.0
2026-06-10,Bengaluru,Verification,5,4,17,15.711,3.9278,0,0,0.0,0.0
2026-06-10,Delhi,Fulfillment,19,19,77,372.762,19.6191,1,4,0.0526,0.2105
2026-06-10,Delhi,Intake,10,10,38,17.279,1.7279,0,0,0.0,0.0
2026-06-10,Delhi,Support,5,5,16,17.939,3.5878,1,1,0.2,0.2
2026-06-10,Delhi,Verification,16,14,57,133.768,9.5549,1,9,0.0714,0.6429
2026-06-10,Mumbai,Fulfillment,18,16,57,216.637,13.5398,2,1,0.125,0.0625
2026-06-10,Mumbai,Intake,14,14,58,27.526,1.9661,1,0,0.0714,0.0
2026-06-10,Mumbai,Support,5,4,19,16.81,4.2025,0,0,0.0,0.0
2026-06-10,Mumbai,Verification,24,24,104,127.392,5.308,4,3,0.1667,0.125
2026-06-10,Pune,Fulfillment,12,11,56,162.751,14.7955,0,1,0.0,0.0909
2026-06-10,Pune,Intake,7,7,29,12.974,1.8534,0,0,0.0,0.0
2026-06-10,Pune,Support,6,6,24,30.168,5.028,0,1,0.0,0.1667
2026-06-10,Pune,Verification,10,10,40,39.088,3.9088,0,0,0.0,0.0
2026-06-11,Bengaluru,Fulfillment,13,12,43,195.442,16.2868,1,3,0.0833,0.25
2026-06-11,Bengaluru,Intake,17,17,66,32.545,1.9144,3,0,0.1765,0.0
2026-06-11,Bengaluru,Support,2,1,3,5.271,5.271,0,0,0.0,0.0
2026-06-11,Bengaluru,Verification,10,10,34,54.547,5.4547,1,2,0.1,0.2
2026-06-11,Delhi,Fulfillment,12,10,45,118.207,11.8207,0,0,0.0,0.0
2026-06-11,Delhi,Intake,13,12,48,28.432,2.3693,0,0,0.0,0.0
2026-06-11,Delhi,Support,3,3,16,9.675,3.225,0,0,0.0,0.0
2026-06-11,Delhi,Verification,13,12,56,87.564,7.297,0,5,0.0,0.4167
2026-06-11,Mumbai,Fulfillment,11,11,49,176.869,16.079,0,2,0.0,0.1818
2026-06-11,Mumbai,Intake,11,11,49,23.895,2.1723,0,0,0.0,0.0
2026-06-11,Mumbai,Support,5,5,21,19.177,3.8354,0,1,0.0,0.2
2026-06-11,Mumbai,Verification,18,18,61,104.286,5.7937,0,4,0.0,0.2222
2026-06-11,Pune,Fulfillment,15,14,58,206.287,14.7348,1,1,0.0714,0.0714
2026-06-11,Pune,Intake,11,11,45,23.986,2.1805,0,1,0.0,0.0909
2026-06-11,Pune,Support,7,7,19,29.581,4.2259,2,1,0.2857,0.1429
2026-06-11,Pune,Verification,6,6,25,29.002,4.8337,1,0,0.1667,0.0
2026-06-12,Bengaluru,Fulfillment,8,8,33,106.85,13.3562,1,0,0.125,0.0
2026-06-12,Bengaluru,Intake,8,8,32,14.611,1.8264,0,0,0.0,0.0
2026-06-12,Bengaluru,Support,3,3,15,6.718,2.2393,0,0,0.0,0.0
2026-06-12,Bengaluru,Verification,7,7,24,37.268,5.324,0,2,0.0,0.2857
2026-06-12,Delhi,Fulfillment,13,13,54,215.718,16.5937,0,2,0.0,0.1538
2026-06-12,Delhi,Intake,14,14,52,26.089,1.8635,0,0,0.0,0.0
2026-06-12,Delhi,Support,5,5,17,17.804,3.5608,0,0,0.0,0.0
2026-06-12,Delhi,Verification,14,13,60,108.005,8.3081,1,7,0.0769,0.5385
2026-06-12,Mumbai,Fulfillment,18,18,67,277.056,15.392,1,2,0.0556,0.1111
2026-06-12,Mumbai,Intake,20,19,85,43.748,2.3025,2,1,0.1053,0.0526
2026-06-12,Mumbai,Support,5,5,20,20.488,4.0976,0,0,0.0,0.0
2026-06-12,Mumbai,Verification,14,14,58,78.183,5.5845,0,1,0.0,0.0714
2026-06-12,Pune,Fulfillment,9,8,32,89.598,11.1998,0,0,0.0,0.0
2026-06-12,Pune,Intake,13,12,39,21.02,1.7517,0,0,0.0,0.0
2026-06-12,Pune,Support,2,1,5,2.629,2.629,0,0,0.0,0.0
2026-06-12,Pune,Verification,14,13,65,61.496,4.7305,1,1,0.0769,0.0769
2026-06-13,Bengaluru,Fulfillment,3,3,16,45.238,15.0793,0,0,0.0,0.0
2026-06-13,Bengaluru,Intake,5,5,19,8.589,1.7178,0,0,0.0,0.0
2026-06-13,Bengaluru,Support,1,1,3,3.117,3.117,0,0,0.0,0.0
2026-06-13,Bengaluru,Verification,5,4,16,26.827,6.7068,0,1,0.0,0.25
2026-06-13,Delhi,Fulfillment,9,8,27,124.876,15.6095,1,2,0.125,0.25
2026-06-13,Delhi,Intake,7,7,30,15.206,2.1723,0,0,0.0,0.0
2026-06-13,Delhi,Support,2,2,12,6.817,3.4085,0,0,0.0,0.0
2026-06-13,Delhi,Verification,6,6,26,42.913,7.1522,0,3,0.0,0.5
2026-06-13,Mumbai,Fulfillment,11,10,33,169.921,16.9921,0,3,0.0,0.3
2026-06-13,Mumbai,Intake,8,8,40,17.987,2.2484,0,0,0.0,0.0
2026-06-13,Mumbai,Support,3,3,11,6.96,2.32,0,0,0.0,0.0
2026-06-13,Mumbai,Verification,4,3,8,13.709,4.5697,0,0,0.0,0.0
2026-06-13,Pune,Fulfillment,9,8,30,97.333,12.1666,0,1,0.0,0.125
2026-06-13,Pune,Intake,4,3,17,6.301,2.1003,0,0,0.0,0.0
2026-06-13,Pune,Support,3,3,10,11.952,3.984,0,0,0.0,0.0
2026-06-13,Pune,Verification,7,7,27,32.435,4.6336,0,1,0.0,0.1429
2026-06-14,Bengaluru,Fulfillment,2,2,7,29.616,14.808,0,0,0.0,0.0
2026-06-14,Bengaluru,Intake,10,10,45,21.396,2.1396,1,0,0.1,0.0
2026-06-14,Bengaluru,Support,2,2,7,6.6,3.3,0,0,0.0,0.0
2026-06-14,Bengaluru,Verification,9,8,31,37.611,4.7014,0,0,0.0,0.0
2026-06-14,Delhi,Fulfillment,4,4,11,39.747,9.9368,0,0,0.0,0.0
2026-06-14,Delhi,Intake,4,4,11,9.159,2.2898,0,0,0.0,0.0
2026-06-14,Delhi,Support,2,2,6,4.781,2.3905,0,0,0.0,0.0
2026-06-14,Delhi,Verification,4,4,11,28.25,7.0625,1,2,0.25,0.5
2026-06-14,Mumbai,Fulfillment,4,4,15,43.614,10.9035,0,0,0.0,0.0
2026-06-14,Mumbai,Intake,3,3,5,7.319,2.4397,0,1,0.0,0.3333
2026-06-14,Mumbai,Support,5,4,19,13.033,3.2582,0,0,0.0,0.0
2026-06-14,Mumbai,Verification,6,6,19,31.26,5.21,1,1,0.1667,0.1667
2026-06-14,Pune,Fulfillment,4,4,15,52.072,13.018,0,1,0.0,0.25
2026-06-14,Pune,Intake,9,8,40,15.494,1.9368,0,0,0.0,0.0
2026-06-14,Pune,Support,2,1,5,3.286,3.286,0,0,0.0,0.0
2026-06-14,Pune,Verification,4,4,20,28.08,7.02,1,1,0.25,0.25
2026-06-15,Bengaluru,Fulfillment,5,5,20,86.962,17.3924,0,0,0.0,0.0
2026-06-15,Bengaluru,Intake,16,15,61,35.641,2.3761,0,2,0.0,0.1333
2026-06-15,Bengaluru,Support,2,2,8,8.295,4.1475,0,0,0.0,0.0
2026-06-15,Bengaluru,Verification,11,11,46,94.397,8.5815,1,4,0.0909,0.3636
2026-06-15,Delhi,Fulfillment,17,16,60,303.639,18.9774,1,4,0.0625,0.25
2026-06-15,Delhi,Intake,17,15,57,34.423,2.2949,0,0,0.0,0.0
2026-06-15,Delhi,Support,1,1,3,2.283,2.283,0,0,0.0,0.0
2026-06-15,Delhi,Verification,13,13,53,140.504,10.808,0,9,0.0,0.6923
2026-06-15,Mumbai,Fulfillment,22,22,81,342.275,15.558,0,2,0.0,0.0909
2026-06-15,Mumbai,Intake,17,15,47,40.388,2.6925,1,2,0.0667,0.1333
2026-06-15,Mumbai,Support,4,4,16,12.231,3.0578,0,0,0.0,0.0
2026-06-15,Mumbai,Verification,21,20,73,124.728,6.2364,0,3,0.0,0.15
2026-06-15,Pune,Fulfillment,18,18,81,321.28,17.8489,1,3,0.0556,0.1667
2026-06-15,Pune,Intake,15,15,58,25.698,1.7132,1,0,0.0667,0.0
2026-06-15,Pune,Support,5,5,22,17.776,3.5552,0,0,0.0,0.0
2026-06-15,Pune,Verification,12,10,26,60.921,6.0921,1,3,0.1,0.3
2026-06-16,Bengaluru,Fulfillment,16,16,63,277.872,17.367,0,1,0.0,0.0625
2026-06-16,Bengaluru,Intake,9,9,33,22.346,2.4829,0,2,0.0,0.2222
2026-06-16,Bengaluru,Support,3,3,10,8.356,2.7853,1,0,0.3333,0.0
2026-06-16,Bengaluru,Verification,5,5,16,33.475,6.695,1,2,0.2,0.4
2026-06-16,Delhi,Fulfillment,12,12,56,188.936,15.7447,2,0,0.1667,0.0
2026-06-16,Delhi,Intake,12,11,41,21.531,1.9574,0,0,0.0,0.0
2026-06-16,Delhi,Support,4,4,16,12.256,3.064,0,0,0.0,0.0
2026-06-16,Delhi,Verification,15,14,64,134.245,9.5889,1,7,0.0714,0.5
2026-06-16,Mumbai,Fulfillment,19,18,59,320.92,17.8289,0,5,0.0,0.2778
2026-06-16,Mumbai,Intake,29,29,141,56.974,1.9646,2,0,0.069,0.0
2026-06-16,Mumbai,Support,13,13,54,63.224,4.8634,1,4,0.0769,0.3077
2026-06-16,Mumbai,Verification,14,13,59,94.237,7.249,0,3,0.0,0.2308
2026-06-16,Pune,Fulfillment,17,17,65,246.666,14.5098,2,1,0.1176,0.0588
2026-06-16,Pune,Intake,14,13,50,30.675,2.3596,0,1,0.0,0.0769
2026-06-16,Pune,Support,5,5,22,16.076,3.2152,0,0,0.0,0.0
2026-06-16,Pune,Verification,12,11,44,47.335,4.3032,0,0,0.0,0.0
2026-06-17,Bengaluru,Fulfillment,4,4,13,60.044,15.011,0,0,0.0,0.0
2026-06-17,Bengaluru,Intake,10,9,53,15.143,1.6826,0,0,0.0,0.0
2026-06-17,Bengaluru,Support,4,4,14,18.133,4.5332,0,1,0.0,0.25
2026-06-17,Bengaluru,Verification,11,11,39,76.154,6.9231,0,3,0.0,0.2727
2026-06-17,Delhi,Fulfillment,16,15,59,201.513,13.4342,0,2,0.0,0.1333
2026-06-17,Delhi,Intake,15,15,59,29.114,1.9409,0,1,0.0,0.0667
2026-06-17,Delhi,Support,4,4,17,17.277,4.3192,0,0,0.0,0.0
2026-06-17,Delhi,Verification,16,15,69,107.257,7.1505,0,5,0.0,0.3333
2026-06-17,Mumbai,Fulfillment,13,12,51,141.486,11.7905,1,1,0.0833,0.0833
2026-06-17,Mumbai,Intake,12,11,39,23.512,2.1375,0,1,0.0,0.0909
2026-06-17,Mumbai,Support,1,1,4,2.0,2.0,0,0,0.0,0.0
2026-06-17,Mumbai,Verification,9,9,37,41.638,4.6264,0,0,0.0,0.0
2026-06-17,Pune,Fulfillment,8,8,42,121.593,15.1991,1,2,0.125,0.25
2026-06-17,Pune,Intake,7,7,36,13.313,1.9019,0,0,0.0,0.0
2026-06-17,Pune,Support,2,1,5,3.85,3.85,0,0,0.0,0.0
2026-06-17,Pune,Verification,9,9,38,43.461,4.829,0,0,0.0,0.0
2026-06-18,Bengaluru,Fulfillment,9,8,28,122.018,15.2522,0,0,0.0,0.0
2026-06-18,Bengaluru,Intake,10,9,33,21.165,2.3517,0,1,0.0,0.1111
2026-06-18,Bengaluru,Support,4,3,12,6.609,2.203,0,0,0.0,0.0
2026-06-18,Bengaluru,Verification,13,12,45,66.694,5.5578,0,2,0.0,0.1667
2026-06-18,Delhi,Fulfillment,16,16,50,198.077,12.3798,0,0,0.0,0.0
2026-06-18,Delhi,Intake,14,13,48,33.606,2.5851,0,1,0.0,0.0769
2026-06-18,Delhi,Support,1,1,1,2.569,2.569,1,0,1.0,0.0
2026-06-18,Delhi,Verification,13,13,59,130.921,10.0708,0,8,0.0,0.6154
2026-06-18,Mumbai,Fulfillment,16,16,67,225.289,14.0806,0,2,0.0,0.125
2026-06-18,Mumbai,Intake,9,9,36,21.483,2.387,0,2,0.0,0.2222
2026-06-18,Mumbai,Support,5,5,19,22.895,4.579,0,1,0.0,0.2
2026-06-18,Mumbai,Verification,19,18,82,87.087,4.8382,0,1,0.0,0.0556
2026-06-18,Pune,Fulfillment,8,8,30,110.073,13.7591,0,1,0.0,0.125
2026-06-18,Pune,Intake,12,11,47,22.124,2.0113,1,1,0.0909,0.0909
2026-06-18,Pune,Support,5,5,25,14.664,2.9328,0,0,0.0,0.0
2026-06-18,Pune,Verification,11,11,44,61.855,5.6232,0,1,0.0,0.0909
2026-06-19,Bengaluru,Fulfillment,8,8,30,103.612,12.9515,0,1,0.0,0.125
2026-06-19,Bengaluru,Intake,11,11,36,21.965,1.9968,0,1,0.0,0.0909
2026-06-19,Bengaluru,Support,4,4,24,15.302,3.8255,0,0,0.0,0.0
2026-06-19,Bengaluru,Verification,13,13,47,61.986,4.7682,1,1,0.0769,0.0769
2026-06-19,Delhi,Fulfillment,10,10,42,150.652,15.0652,0,1,0.0,0.1
2026-06-19,Delhi,Intake,12,12,41,25.607,2.1339,0,1,0.0,0.0833
2026-06-19,Delhi,Support,3,3,18,11.513,3.8377,0,0,0.0,0.0
2026-06-19,Delhi,Verification,16,15,65,144.372,9.6248,0,10,0.0,0.6667
2026-06-19,Mumbai,Fulfillment,12,11,51,167.327,15.2115,2,1,0.1818,0.0909
2026-06-19,Mumbai,Intake,18,16,63,35.275,2.2047,0,1,0.0,0.0625
2026-06-19,Mumbai,Support,5,5,16,14.244,2.8488,0,0,0.0,0.0
2026-06-19,Mumbai,Verification,19,19,78,101.852,5.3606,4,1,0.2105,0.0526
2026-06-19,Pune,Fulfillment,10,9,35,136.048,15.1164,0,1,0.0,0.1111
2026-06-19,Pune,Intake,11,11,48,21.124,1.9204,0,1,0.0,0.0909
2026-06-19,Pune,Support,3,2,8,4.255,2.1275,1,0,0.5,0.0
2026-06-19,Pune,Verification,13,10,35,57.339,5.7339,1,2,0.1,0.2
2026-06-20,Bengaluru,Fulfillment,4,4,23,49.688,12.422,1,0,0.25,0.0
2026-06-20,Bengaluru,Intake,9,9,37,21.586,2.3984,0,1,0.0,0.1111
2026-06-20,Bengaluru,Support,2,2,9,4.511,2.2555,0,0,0.0,0.0
2026-06-20,Bengaluru,Verification,4,4,18,18.471,4.6178,1,0,0.25,0.0
2026-06-20,Delhi,Fulfillment,6,6,25,77.3,12.8833,0,0,0.0,0.0
2026-06-20,Delhi,Intake,8,8,32,13.303,1.6629,0,0,0.0,0.0
2026-06-20,Delhi,Support,2,2,11,4.6,2.3,0,0,0.0,0.0
2026-06-20,Delhi,Verification,9,8,33,55.549,6.9436,0,3,0.0,0.375
2026-06-20,Mumbai,Fulfillment,9,9,41,83.999,9.3332,0,0,0.0,0.0
2026-06-20,Mumbai,Intake,20,20,88,43.627,2.1814,3,3,0.15,0.15
2026-06-20,Mumbai,Support,1,1,6,1.886,1.886,0,0,0.0,0.0
2026-06-20,Mumbai,Verification,12,11,51,56.506,5.1369,0,2,0.0,0.1818
2026-06-20,Pune,Fulfillment,6,6,19,87.53,14.5883,0,0,0.0,0.0
2026-06-20,Pune,Intake,6,6,29,9.32,1.5533,0,0,0.0,0.0
2026-06-20,Pune,Support,1,1,2,1.918,1.918,0,0,0.0,0.0
2026-06-20,Pune,Verification,5,4,19,17.02,4.255,0,0,0.0,0.0
2026-06-21,Bengaluru,Fulfillment,5,5,19,65.19,13.038,0,1,0.0,0.2
2026-06-21,Bengaluru,Intake,3,3,7,5.353,1.7843,0,0,0.0,0.0
2026-06-21,Bengaluru,Support,4,4,16,15.569,3.8922,0,0,0.0,0.0
2026-06-21,Bengaluru,Verification,6,5,24,22.82,4.564,0,0,0.0,0.0
2026-06-21,Delhi,Fulfillment,6,6,19,102.454,17.0757,0,1,0.0,0.1667
2026-06-21,Delhi,Intake,8,8,31,17.376,2.172,0,0,0.0,0.0
2026-06-21,Delhi,Support,2,2,10,8.399,4.1995,0,0,0.0,0.0
2026-06-21,Delhi,Verification,2,2,9,17.561,8.7805,0,2,0.0,1.0
2026-06-21,Mumbai,Fulfillment,13,13,53,181.625,13.9712,0,0,0.0,0.0
2026-06-21,Mumbai,Intake,7,5,14,10.609,2.1218,0,0,0.0,0.0
2026-06-21,Mumbai,Support,5,5,21,15.672,3.1344,1,0,0.2,0.0
2026-06-21,Mumbai,Verification,5,5,14,27.993,5.5986,0,1,0.0,0.2
2026-06-21,Pune,Fulfillment,4,4,11,50.609,12.6522,0,0,0.0,0.0
2026-06-21,Pune,Intake,4,4,16,8.081,2.0202,0,0,0.0,0.0
2026-06-21,Pune,Support,3,3,18,10.349,3.4497,0,0,0.0,0.0
2026-06-21,Pune,Verification,5,4,13,21.502,5.3755,0,0,0.0,0.0
2026-06-22,Bengaluru,Fulfillment,8,7,27,109.522,15.646,0,0,0.0,0.0
2026-06-22,Bengaluru,Intake,10,10,47,26.193,2.6193,0,2,0.0,0.2
2026-06-22,Bengaluru,Support,4,4,14,17.816,4.454,0,1,0.0,0.25
2026-06-22,Bengaluru,Verification,5,4,16,22.313,5.5782,1,0,0.25,0.0
2026-06-22,Delhi,Fulfillment,18,18,62,304.822,16.9346,1,3,0.0556,0.1667
2026-06-22,Delhi,Intake,11,10,31,35.816,3.5816,1,3,0.1,0.3
2026-06-22,Delhi,Support,7,6,25,26.611,4.4352,1,2,0.1667,0.3333
2026-06-22,Delhi,Verification,18,18,78,173.561,9.6423,2,11,0.1111,0.6111
2026-06-22,Mumbai,Fulfillment,25,25,97,467.979,18.7192,1,7,0.04,0.28
2026-06-22,Mumbai,Intake,23,22,90,66.432,3.0196,0,4,0.0,0.1818
2026-06-22,Mumbai,Support,10,9,34,39.939,4.4377,1,0,0.1111,0.0
2026-06-22,Mumbai,Verification,16,16,56,93.535,5.8459,0,1,0.0,0.0625
2026-06-22,Pune,Fulfillment,18,17,70,274.779,16.1635,1,1,0.0588,0.0588
2026-06-22,Pune,Intake,12,12,46,26.442,2.2035,2,0,0.1667,0.0
2026-06-22,Pune,Support,5,4,15,13.265,3.3162,0,0,0.0,0.0
2026-06-22,Pune,Verification,8,8,32,37.476,4.6845,0,0,0.0,0.0
2026-06-23,Bengaluru,Fulfillment,13,12,57,164.319,13.6932,1,0,0.0833,0.0
2026-06-23,Bengaluru,Intake,9,9,40,18.056,2.0062,1,0,0.1111,0.0
2026-06-23,Bengaluru,Support,4,4,10,15.194,3.7985,0,0,0.0,0.0
2026-06-23,Bengaluru,Verification,6,5,20,32.891,6.5782,0,2,0.0,0.4
2026-06-23,Delhi,Fulfillment,9,8,26,155.613,19.4516,0,1,0.0,0.125
2026-06-23,Delhi,Intake,18,17,69,35.017,2.0598,1,1,0.0588,0.0588
2026-06-23,Delhi,Support,1,1,5,1.7,1.7,0,0,0.0,0.0
2026-06-23,Delhi,Verification,21,21,72,153.592,7.3139,2,6,0.0952,0.2857
2026-06-23,Mumbai,Fulfillment,12,11,45,166.717,15.1561,0,2,0.0,0.1818
2026-06-23,Mumbai,Intake,16,16,73,35.678,2.2299,1,0,0.0625,0.0
2026-06-23,Mumbai,Support,5,5,13,14.829,2.9658,0,0,0.0,0.0
2026-06-23,Mumbai,Verification,20,17,74,83.901,4.9354,1,2,0.0588,0.1176
2026-06-23,Pune,Fulfillment,13,12,41,146.076,12.173,0,1,0.0,0.0833
2026-06-23,Pune,Intake,11,10,42,20.774,2.0774,1,0,0.1,0.0
2026-06-23,Pune,Support,5,3,15,9.136,3.0453,0,0,0.0,0.0
2026-06-23,Pune,Verification,14,13,57,68.47,5.2669,0,2,0.0,0.1538
2026-06-24,Bengaluru,Fulfillment,7,7,30,135.182,19.3117,0,3,0.0,0.4286
2026-06-24,Bengaluru,Intake,13,13,53,29.533,2.2718,0,1,0.0,0.0769
2026-06-24,Bengaluru,Support,4,4,16,19.48,4.87,1,2,0.25,0.5
2026-06-24,Bengaluru,Verification,9,7,28,35.438,5.0626,1,1,0.1429,0.1429
2026-06-24,Delhi,Fulfillment,17,17,55,238.493,14.029,3,3,0.1765,0.1765
2026-06-24,Delhi,Intake,25,24,106,63.154,2.6314,2,1,0.0833,0.0417
2026-06-24,Delhi,Support,9,9,29,50.502,5.6113,0,3,0.0,0.3333
2026-06-24,Delhi,Verification,11,10,39,88.954,8.8954,0,5,0.0,0.5
2026-06-24,Mumbai,Fulfillment,17,16,69,322.928,20.183,0,4,0.0,0.25
2026-06-24,Mumbai,Intake,25,24,86,50.999,2.125,1,1,0.0417,0.0417
2026-06-24,Mumbai,Support,3,3,9,15.625,5.2083,0,1,0.0,0.3333
2026-06-24,Mumbai,Verification,17,16,67,101.655,6.3534,1,4,0.0625,0.25
2026-06-24,Pune,Fulfillment,7,7,32,80.755,11.5364,0,0,0.0,0.0
2026-06-24,Pune,Intake,14,13,44,25.855,1.9888,1,1,0.0769,0.0769
2026-06-24,Pune,Support,2,2,10,5.432,2.716,0,0,0.0,0.0
2026-06-24,Pune,Verification,11,11,45,63.266,5.7515,1,1,0.0909,0.0909
2026-06-25,Bengaluru,Fulfillment,8,8,31,122.776,15.347,0,0,0.0,0.0
2026-06-25,Bengaluru,Intake,11,11,47,22.176,2.016,0,0,0.0,0.0
2026-06-25,Bengaluru,Support,3,2,4,12.991,6.4955,0,1,0.0,0.5
2026-06-25,Bengaluru,Verification,10,10,39,41.339,4.1339,0,0,0.0,0.0
2026-06-25,Delhi,Fulfillment,15,13,59,241.842,18.6032,1,3,0.0769,0.2308
2026-06-25,Delhi,Intake,16,15,68,31.436,2.0957,1,0,0.0667,0.0
2026-06-25,Delhi,Support,3,3,13,9.28,3.0933,0,0,0.0,0.0
2026-06-25,Delhi,Verification,12,12,42,110.842,9.2368,2,7,0.1667,0.5833
2026-06-25,Mumbai,Fulfillment,21,20,79,323.401,16.17,1,3,0.05,0.15
2026-06-25,Mumbai,Intake,17,17,57,36.624,2.1544,2,1,0.1176,0.0588
2026-06-25,Mumbai,Support,4,4,16,12.601,3.1503,2,0,0.5,0.0
2026-06-25,Mumbai,Verification,14,14,61,75.863,5.4188,0,2,0.0,0.1429
2026-06-25,Pune,Fulfillment,9,9,37,112.092,12.4547,0,0,0.0,0.0
2026-06-25,Pune,Intake,14,13,50,26.329,2.0253,1,0,0.0769,0.0
2026-06-25,Pune,Support,4,4,18,8.261,2.0652,0,0,0.0,0.0
2026-06-25,Pune,Verification,6,5,17,21.509,4.3018,0,0,0.0,0.0
2026-06-26,Bengaluru,Fulfillment,11,11,44,133.317,12.1197,0,1,0.0,0.0909
2026-06-26,Bengaluru,Intake,9,9,36,18.183,2.0203,0,0,0.0,0.0
2026-06-26,Bengaluru,Support,3,3,14,10.186,3.3953,0,1,0.0,0.3333
2026-06-26,Bengaluru,Verification,12,11,38,51.789,4.7081,1,0,0.0909,0.0
2026-06-26,Delhi,Fulfillment,9,9,40,130.57,14.5078,0,1,0.0,0.1111
2026-06-26,Delhi,Intake,16,15,65,33.589,2.2393,0,1,0.0,0.0667
2026-06-26,Delhi,Support,9,9,33,23.603,2.6226,2,0,0.2222,0.0
2026-06-26,Delhi,Verification,18,16,60,154.233,9.6396,2,8,0.125,0.5
2026-06-26,Mumbai,Fulfillment,20,19,72,258.032,13.5806,1,0,0.0526,0.0
2026-06-26,Mumbai,Intake,14,13,46,36.464,2.8049,0,4,0.0,0.3077
2026-06-26,Mumbai,Support,3,3,15,10.122,3.374,0,0,0.0,0.0
2026-06-26,Mumbai,Verification,13,12,42,51.289,4.2741,0,0,0.0,0.0
2026-06-26,Pune,Fulfillment,10,9,47,146.368,16.2631,1,0,0.1111,0.0
2026-06-26,Pune,Intake,14,14,45,23.39,1.6707,1,0,0.0714,0.0
2026-06-26,Pune,Support,3,2,9,5.235,2.6175,0,0,0.0,0.0
2026-06-27,Bengaluru,Fulfillment,7,6,27,75.413,12.5688,0,0,0.0,0.0
2026-06-27,Bengaluru,Intake,8,8,33,14.311,1.7889,0,0,0.0,0.0
2026-06-27,Bengaluru,Verification,7,7,29,36.779,5.2541,0,0,0.0,0.0
2026-06-27,Delhi,Fulfillment,8,8,34,126.421,15.8026,0,0,0.0,0.0
2026-06-27,Delhi,Intake,13,13,59,23.576,1.8135,1,1,0.0769,0.0769
2026-06-27,Delhi,Support,1,1,5,1.884,1.884,0,0,0.0,0.0
2026-06-27,Delhi,Verification,5,4,16,37.435,9.3588,0,3,0.0,0.75
2026-06-27,Mumbai,Fulfillment,13,13,49,137.737,10.5952,0,0,0.0,0.0
2026-06-27,Mumbai,Intake,7,7,30,14.818,2.1169,1,0,0.1429,0.0
2026-06-27,Mumbai,Support,3,3,13,13.051,4.3503,0,1,0.0,0.3333
2026-06-27,Mumbai,Verification,12,12,47,53.915,4.4929,0,0,0.0,0.0
2026-06-27,Pune,Fulfillment,2,2,7,28.677,14.3385,0,0,0.0,0.0
2026-06-27,Pune,Intake,8,8,34,15.786,1.9732,0,1,0.0,0.125
2026-06-27,Pune,Support,3,3,7,6.915,2.305,0,0,0.0,0.0
2026-06-27,Pune,Verification,4,4,13,12.863,3.2158,0,0,0.0,0.0
2026-06-28,Bengaluru,Fulfillment,10,10,36,149.849,14.9849,0,1,0.0,0.1
2026-06-28,Bengaluru,Intake,6,6,30,9.459,1.5765,0,0,0.0,0.0
2026-06-28,Bengaluru,Support,3,3,17,6.794,2.2647,0,0,0.0,0.0
2026-06-28,Bengaluru,Verification,3,3,13,10.899,3.633,0,0,0.0,0.0
2026-06-28,Delhi,Fulfillment,5,5,18,95.471,19.0942,0,2,0.0,0.4
2026-06-28,Delhi,Intake,5,5,23,8.083,1.6166,0,0,0.0,0.0
2026-06-28,Delhi,Support,3,3,6,8.252,2.7507,0,0,0.0,0.0
2026-06-28,Delhi,Verification,2,2,11,11.626,5.813,0,0,0.0,0.0
2026-06-28,Mumbai,Fulfillment,5,4,20,64.921,16.2302,0,0,0.0,0.0
2026-06-28,Mumbai,Intake,7,7,27,14.952,2.136,1,0,0.1429,0.0
2026-06-28,Mumbai,Support,2,1,5,1.2,1.2,0,0,0.0,0.0
2026-06-28,Mumbai,Verification,10,8,26,46.777,5.8471,0,1,0.0,0.125
2026-06-28,Pune,Fulfillment,6,6,24,118.593,19.7655,0,2,0.0,0.3333
2026-06-28,Pune,Intake,7,7,26,10.379,1.4827,0,0,0.0,0.0
2026-06-28,Pune,Support,4,3,8,10.657,3.5523,0,0,0.0,0.0
2026-06-28,Pune,Verification,6,5,24,23.331,4.6662,0,1,0.0,0.2
2026-06-29,Bengaluru,Fulfillment,8,8,26,110.299,13.7874,0,0,0.0,0.0
2026-06-29,Bengaluru,Intake,15,13,48,32.929,2.533,2,1,0.1538,0.0769
2026-06-29,Bengaluru,Support,5,4,16,14.334,3.5835,0,0,0.0,0.0
2026-06-29,Bengaluru,Verification,13,13,46,87.524,6.7326,2,3,0.1538,0.2308
2026-06-29,Delhi,Fulfillment,14,14,66,353.197,25.2284,1,9,0.0714,0.6429
2026-06-29,Delhi,Intake,18,18,66,44.954,2.4974,1,0,0.0556,0.0
2026-06-29,Delhi,Support,4,4,21,13.934,3.4835,1,0,0.25,0.0
2026-06-29,Delhi,Verification,15,15,66,181.257,12.0838,1,13,0.0667,0.8667
2026-06-29,Mumbai,Fulfillment,19,18,68,289.862,16.1034,0,2,0.0,0.1111
2026-06-29,Mumbai,Intake,26,26,89,67.552,2.5982,3,3,0.1154,0.1154
2026-06-29,Mumbai,Support,15,15,60,72.432,4.8288,2,6,0.1333,0.4
2026-06-29,Mumbai,Verification,23,22,85,145.163,6.5983,1,6,0.0455,0.2727
2026-06-29,Pune,Fulfillment,10,9,37,194.31,21.59,0,3,0.0,0.3333
2026-06-29,Pune,Intake,15,15,53,38.128,2.5419,1,2,0.0667,0.1333
2026-06-29,Pune,Support,2,1,3,2.45,2.45,1,0,1.0,0.0
2026-06-29,Pune,Verification,12,11,41,61.464,5.5876,0,1,0.0,0.0909
2026-06-30,Bengaluru,Fulfillment,16,14,64,244.386,17.4561,0,3,0.0,0.2143
2026-06-30,Bengaluru,Intake,9,8,26,17.137,2.1421,0,1,0.0,0.125
2026-06-30,Bengaluru,Support,3,3,16,10.018,3.3393,0,0,0.0,0.0
2026-06-30,Bengaluru,Verification,14,13,53,65.507,5.039,2,2,0.1538,0.1538
2026-06-30,Delhi,Fulfillment,12,11,54,184.384,16.7622,1,1,0.0909,0.0909
2026-06-30,Delhi,Intake,12,11,54,20.175,1.8341,0,0,0.0,0.0
2026-06-30,Delhi,Support,3,3,17,12.875,4.2917,0,0,0.0,0.0
2026-06-30,Delhi,Verification,18,17,56,166.662,9.8036,1,10,0.0588,0.5882
2026-06-30,Mumbai,Fulfillment,25,23,81,317.013,13.7832,0,1,0.0,0.0435
2026-06-30,Mumbai,Intake,21,21,72,53.796,2.5617,1,2,0.0476,0.0952
2026-06-30,Mumbai,Support,8,8,26,31.209,3.9011,0,0,0.0,0.0
2026-06-30,Mumbai,Verification,14,13,48,86.428,6.6483,0,3,0.0,0.2308
2026-06-30,Pune,Fulfillment,6,6,30,74.809,12.4682,0,0,0.0,0.0
2026-06-30,Pune,Intake,16,16,56,39.596,2.4747,2,3,0.125,0.1875
2026-06-30,Pune,Support,6,6,29,21.889,3.6482,0,0,0.0,0.0
2026-06-30,Pune,Verification,11,11,45,65.548,5.9589,0,3,0.0,0.2727
